commit	subject	similarity	old_path	new_path
fa7390bcf64c25948487fa66ce479e382aba2b9d	refactor: migrate ShellCallbackInterface to ShellCallbackDispatcher and perform comprehensive codebase cleanup	077	sources/sources/com/tsf/shell/ShellCallbackInterface.java	sources/sources/com/tsf/shell/ShellCallbackDispatcher.java
c60c79f920633f7d208afb856ffb3d3c74ff4927	refactor: reorganize project structure by replacing legacy classes with modular service and UI components.	098	sources/sources/com/tsf/shell/C.java	sources/sources/com/tsf/shell/ShellBackgroundRenderer.java
c60c79f920633f7d208afb856ffb3d3c74ff4927	refactor: reorganize project structure by replacing legacy classes with modular service and UI components.	091	sources/sources/com/tsf/shell/h.java	sources/sources/com/tsf/shell/ShellBitmapCache.java
c60c79f920633f7d208afb856ffb3d3c74ff4927	refactor: reorganize project structure by replacing legacy classes with modular service and UI components.	081	sources/sources/com/tsf/shell/a.java	sources/sources/com/tsf/shell/ShellCallbackInterface.java
c60c79f920633f7d208afb856ffb3d3c74ff4927	refactor: reorganize project structure by replacing legacy classes with modular service and UI components.	095	sources/sources/com/tsf/shell/F.java	sources/sources/com/tsf/shell/ShellCleanupTask.java
c60c79f920633f7d208afb856ffb3d3c74ff4927	refactor: reorganize project structure by replacing legacy classes with modular service and UI components.	087	sources/sources/com/tsf/shell/A.java	sources/sources/com/tsf/shell/ShellCoreInterface.java
c60c79f920633f7d208afb856ffb3d3c74ff4927	refactor: reorganize project structure by replacing legacy classes with modular service and UI components.	095	sources/sources/com/tsf/shell/D.java	sources/sources/com/tsf/shell/ShellDataProvider.java
c60c79f920633f7d208afb856ffb3d3c74ff4927	refactor: reorganize project structure by replacing legacy classes with modular service and UI components.	089	sources/sources/com/tsf/shell/B.java	sources/sources/com/tsf/shell/ShellEventData.java
c60c79f920633f7d208afb856ffb3d3c74ff4927	refactor: reorganize project structure by replacing legacy classes with modular service and UI components.	093	sources/sources/com/tsf/shell/g.java	sources/sources/com/tsf/shell/ShellGraphicsContext.java
c60c79f920633f7d208afb856ffb3d3c74ff4927	refactor: reorganize project structure by replacing legacy classes with modular service and UI components.	097	sources/sources/com/tsf/shell/i.java	sources/sources/com/tsf/shell/ShellPreferenceManager.java
c60c79f920633f7d208afb856ffb3d3c74ff4927	refactor: reorganize project structure by replacing legacy classes with modular service and UI components.	099	sources/sources/com/tsf/shell/E.java	sources/sources/com/tsf/shell/ShellThemeProvider.java
c60c79f920633f7d208afb856ffb3d3c74ff4927	refactor: reorganize project structure by replacing legacy classes with modular service and UI components.	069	sources/sources/com/tsf/shell/_a/a/A.java	sources/sources/com/tsf/shell/_a/a/ShellActionV2.java
c60c79f920633f7d208afb856ffb3d3c74ff4927	refactor: reorganize project structure by replacing legacy classes with modular service and UI components.	070	sources/sources/com/tsf/shell/_a/a/e.java	sources/sources/com/tsf/shell/_a/a/ShellConfigEngineV2.java
c60c79f920633f7d208afb856ffb3d3c74ff4927	refactor: reorganize project structure by replacing legacy classes with modular service and UI components.	075	sources/sources/com/tsf/shell/a/a/a.java	sources/sources/com/tsf/shell/_a/a/ShellContentManagerV2.java
c60c79f920633f7d208afb856ffb3d3c74ff4927	refactor: reorganize project structure by replacing legacy classes with modular service and UI components.	098	sources/sources/com/tsf/shell/_a/a/d.java	sources/sources/com/tsf/shell/_a/a/ShellLayoutEngineV2.java
c60c79f920633f7d208afb856ffb3d3c74ff4927	refactor: reorganize project structure by replacing legacy classes with modular service and UI components.	094	sources/sources/com/tsf/shell/_a/a/b.java	sources/sources/com/tsf/shell/_a/a/ShellPageManagerV2.java
c60c79f920633f7d208afb856ffb3d3c74ff4927	refactor: reorganize project structure by replacing legacy classes with modular service and UI components.	077	sources/sources/com/tsf/shell/_a/a/c.java	sources/sources/com/tsf/shell/_a/a/ShellThemeEngineV2.java
c60c79f920633f7d208afb856ffb3d3c74ff4927	refactor: reorganize project structure by replacing legacy classes with modular service and UI components.	098	sources/sources/com/tsf/shell/_a/b/a.java	sources/sources/com/tsf/shell/_a/b/ShellGestureHandlerV2.java
c60c79f920633f7d208afb856ffb3d3c74ff4927	refactor: reorganize project structure by replacing legacy classes with modular service and UI components.	068	sources/sources/com/tsf/shell/a/a/e.java	sources/sources/com/tsf/shell/a/a/ShellConfigEngine.java
c60c79f920633f7d208afb856ffb3d3c74ff4927	refactor: reorganize project structure by replacing legacy classes with modular service and UI components.	075	sources/sources/com/tsf/shell/_a/a/a.java	sources/sources/com/tsf/shell/a/a/ShellContentManager.java
c60c79f920633f7d208afb856ffb3d3c74ff4927	refactor: reorganize project structure by replacing legacy classes with modular service and UI components.	097	sources/sources/com/tsf/shell/a/a/d.java	sources/sources/com/tsf/shell/a/a/ShellLayoutEngine.java
c60c79f920633f7d208afb856ffb3d3c74ff4927	refactor: reorganize project structure by replacing legacy classes with modular service and UI components.	090	sources/sources/com/tsf/shell/a/a/b.java	sources/sources/com/tsf/shell/a/a/ShellPageManager.java
c60c79f920633f7d208afb856ffb3d3c74ff4927	refactor: reorganize project structure by replacing legacy classes with modular service and UI components.	076	sources/sources/com/tsf/shell/a/a/c.java	sources/sources/com/tsf/shell/a/a/ShellThemeEngine.java
c60c79f920633f7d208afb856ffb3d3c74ff4927	refactor: reorganize project structure by replacing legacy classes with modular service and UI components.	095	sources/sources/com/tsf/shell/a/b/a.java	sources/sources/com/tsf/shell/a/b/ShellGestureHandler.java
c60c79f920633f7d208afb856ffb3d3c74ff4927	refactor: reorganize project structure by replacing legacy classes with modular service and UI components.	080	sources/sources/com/tsf/shell/activity/a/a.java	sources/sources/com/tsf/shell/activity/a/ShellActivityCallback.java
c60c79f920633f7d208afb856ffb3d3c74ff4927	refactor: reorganize project structure by replacing legacy classes with modular service and UI components.	092	sources/sources/com/tsf/shell/activity/actionselector/a.java	sources/sources/com/tsf/shell/activity/actionselector/ActionSelectorAdapter.java
c60c79f920633f7d208afb856ffb3d3c74ff4927	refactor: reorganize project structure by replacing legacy classes with modular service and UI components.	064	sources/sources/com/tsf/shell/activity/actionselector/b.java	sources/sources/com/tsf/shell/activity/actionselector/ActionSelectorCallback.java
c60c79f920633f7d208afb856ffb3d3c74ff4927	refactor: reorganize project structure by replacing legacy classes with modular service and UI components.	091	sources/sources/com/tsf/shell/activity/b/a.java	sources/sources/com/tsf/shell/activity/b/ShellActivityHelper.java
c60c79f920633f7d208afb856ffb3d3c74ff4927	refactor: reorganize project structure by replacing legacy classes with modular service and UI components.	089	sources/sources/com/tsf/shell/b/a.java	sources/sources/com/tsf/shell/b/ShellBridge.java
c60c79f920633f7d208afb856ffb3d3c74ff4927	refactor: reorganize project structure by replacing legacy classes with modular service and UI components.	099	sources/sources/com/tsf/shell/c/a/a.java	sources/sources/com/tsf/shell/c/a/ShellBridgeManager.java
c60c79f920633f7d208afb856ffb3d3c74ff4927	refactor: reorganize project structure by replacing legacy classes with modular service and UI components.	096	sources/sources/com/tsf/shell/component/a.java	sources/sources/com/tsf/shell/component/ShellComponentInfo.java
c60c79f920633f7d208afb856ffb3d3c74ff4927	refactor: reorganize project structure by replacing legacy classes with modular service and UI components.	092	sources/sources/com/tsf/shell/d/b.java	sources/sources/com/tsf/shell/d/ShellDataHandler.java
c60c79f920633f7d208afb856ffb3d3c74ff4927	refactor: reorganize project structure by replacing legacy classes with modular service and UI components.	088	sources/sources/com/tsf/shell/d/a.java	sources/sources/com/tsf/shell/d/ShellDataParser.java
c60c79f920633f7d208afb856ffb3d3c74ff4927	refactor: reorganize project structure by replacing legacy classes with modular service and UI components.	097	sources/sources/com/tsf/shell/f/C.java	sources/sources/com/tsf/shell/f/DrawerItemPool.java
c60c79f920633f7d208afb856ffb3d3c74ff4927	refactor: reorganize project structure by replacing legacy classes with modular service and UI components.	093	sources/sources/com/tsf/shell/f/A.java	sources/sources/com/tsf/shell/f/ProgressDialogHelper.java
c60c79f920633f7d208afb856ffb3d3c74ff4927	refactor: reorganize project structure by replacing legacy classes with modular service and UI components.	052	sources/sources/com/tsf/shell/f/d.java	sources/sources/com/tsf/shell/f/ShellNodeData.java
c60c79f920633f7d208afb856ffb3d3c74ff4927	refactor: reorganize project structure by replacing legacy classes with modular service and UI components.	098	sources/sources/com/tsf/shell/f/D.java	sources/sources/com/tsf/shell/f/ShellSurfaceConfig.java
c60c79f920633f7d208afb856ffb3d3c74ff4927	refactor: reorganize project structure by replacing legacy classes with modular service and UI components.	095	sources/sources/com/tsf/shell/f/B.java	sources/sources/com/tsf/shell/f/TextureElementPool.java
c60c79f920633f7d208afb856ffb3d3c74ff4927	refactor: reorganize project structure by replacing legacy classes with modular service and UI components.	046	sources/sources/com/tsf/shell/f/_d/A.java	sources/sources/com/tsf/shell/f/_d/DashPanelController.java
c60c79f920633f7d208afb856ffb3d3c74ff4927	refactor: reorganize project structure by replacing legacy classes with modular service and UI components.	096	sources/sources/com/tsf/shell/f/_d/a/A.java	sources/sources/com/tsf/shell/f/_d/a/DashElementBase.java
c60c79f920633f7d208afb856ffb3d3c74ff4927	refactor: reorganize project structure by replacing legacy classes with modular service and UI components.	086	sources/sources/com/tsf/shell/f/_d/a/b.java	sources/sources/com/tsf/shell/f/_d/a/DashElementInfo.java
c60c79f920633f7d208afb856ffb3d3c74ff4927	refactor: reorganize project structure by replacing legacy classes with modular service and UI components.	090	sources/sources/com/tsf/shell/f/_d/a/c.java	sources/sources/com/tsf/shell/f/_d/a/DashElementState.java
c60c79f920633f7d208afb856ffb3d3c74ff4927	refactor: reorganize project structure by replacing legacy classes with modular service and UI components.	096	sources/sources/com/tsf/shell/f/_d/a/_a/a.java	sources/sources/com/tsf/shell/f/_d/a/_a/DashButtonA.java
c60c79f920633f7d208afb856ffb3d3c74ff4927	refactor: reorganize project structure by replacing legacy classes with modular service and UI components.	082	sources/sources/com/tsf/shell/f/_d/a/_a/b.java	sources/sources/com/tsf/shell/f/_d/a/_a/DashButtonB.java
c60c79f920633f7d208afb856ffb3d3c74ff4927	refactor: reorganize project structure by replacing legacy classes with modular service and UI components.	080	sources/sources/com/tsf/shell/f/_d/a/_a/c.java	sources/sources/com/tsf/shell/f/_d/a/_a/DashButtonC.java
c60c79f920633f7d208afb856ffb3d3c74ff4927	refactor: reorganize project structure by replacing legacy classes with modular service and UI components.	089	sources/sources/com/tsf/shell/f/_d/a/_a/d.java	sources/sources/com/tsf/shell/f/_d/a/_a/DashButtonD.java
c60c79f920633f7d208afb856ffb3d3c74ff4927	refactor: reorganize project structure by replacing legacy classes with modular service and UI components.	060	sources/sources/com/tsf/shell/f/_d/a/_a/e.java	sources/sources/com/tsf/shell/f/_d/a/_a/DashButtonE.java
c60c79f920633f7d208afb856ffb3d3c74ff4927	refactor: reorganize project structure by replacing legacy classes with modular service and UI components.	078	sources/sources/com/tsf/shell/f/_d/a/_a/f.java	sources/sources/com/tsf/shell/f/_d/a/_a/DashButtonF.java
c60c79f920633f7d208afb856ffb3d3c74ff4927	refactor: reorganize project structure by replacing legacy classes with modular service and UI components.	082	sources/sources/com/tsf/shell/f/_d/a/_a/g.java	sources/sources/com/tsf/shell/f/_d/a/_a/DashButtonG.java
c60c79f920633f7d208afb856ffb3d3c74ff4927	refactor: reorganize project structure by replacing legacy classes with modular service and UI components.	082	sources/sources/com/tsf/shell/f/_d/a/_a/h.java	sources/sources/com/tsf/shell/f/_d/a/_a/DashButtonH.java
c60c79f920633f7d208afb856ffb3d3c74ff4927	refactor: reorganize project structure by replacing legacy classes with modular service and UI components.	096	sources/sources/com/tsf/shell/f/_d/a/a/a.java	sources/sources/com/tsf/shell/f/_d/a/a/DashButtonA.java
c60c79f920633f7d208afb856ffb3d3c74ff4927	refactor: reorganize project structure by replacing legacy classes with modular service and UI components.	082	sources/sources/com/tsf/shell/f/_d/a/a/b.java	sources/sources/com/tsf/shell/f/_d/a/a/DashButtonB.java
c60c79f920633f7d208afb856ffb3d3c74ff4927	refactor: reorganize project structure by replacing legacy classes with modular service and UI components.	080	sources/sources/com/tsf/shell/f/_d/a/a/c.java	sources/sources/com/tsf/shell/f/_d/a/a/DashButtonC.java
c60c79f920633f7d208afb856ffb3d3c74ff4927	refactor: reorganize project structure by replacing legacy classes with modular service and UI components.	089	sources/sources/com/tsf/shell/f/_d/a/a/d.java	sources/sources/com/tsf/shell/f/_d/a/a/DashButtonD.java
c60c79f920633f7d208afb856ffb3d3c74ff4927	refactor: reorganize project structure by replacing legacy classes with modular service and UI components.	060	sources/sources/com/tsf/shell/f/_d/a/a/e.java	sources/sources/com/tsf/shell/f/_d/a/a/DashButtonE.java
c60c79f920633f7d208afb856ffb3d3c74ff4927	refactor: reorganize project structure by replacing legacy classes with modular service and UI components.	078	sources/sources/com/tsf/shell/f/_d/a/a/f.java	sources/sources/com/tsf/shell/f/_d/a/a/DashButtonF.java
c60c79f920633f7d208afb856ffb3d3c74ff4927	refactor: reorganize project structure by replacing legacy classes with modular service and UI components.	082	sources/sources/com/tsf/shell/f/_d/a/a/g.java	sources/sources/com/tsf/shell/f/_d/a/a/DashButtonG.java
c60c79f920633f7d208afb856ffb3d3c74ff4927	refactor: reorganize project structure by replacing legacy classes with modular service and UI components.	082	sources/sources/com/tsf/shell/f/_d/a/a/h.java	sources/sources/com/tsf/shell/f/_d/a/a/DashButtonH.java
c60c79f920633f7d208afb856ffb3d3c74ff4927	refactor: reorganize project structure by replacing legacy classes with modular service and UI components.	069	sources/sources/com/tsf/shell/f/_d/b/A.java	sources/sources/com/tsf/shell/f/_d/b/DashItemConfigurator.java
c60c79f920633f7d208afb856ffb3d3c74ff4927	refactor: reorganize project structure by replacing legacy classes with modular service and UI components.	069	sources/sources/com/tsf/shell/f/_d/b/c.java	sources/sources/com/tsf/shell/f/_d/b/DashItemPool.java
c60c79f920633f7d208afb856ffb3d3c74ff4927	refactor: reorganize project structure by replacing legacy classes with modular service and UI components.	090	sources/sources/com/tsf/shell/f/_d/b/a/a.java	sources/sources/com/tsf/shell/f/_d/b/a/DashItemA.java
c60c79f920633f7d208afb856ffb3d3c74ff4927	refactor: reorganize project structure by replacing legacy classes with modular service and UI components.	087	sources/sources/com/tsf/shell/f/_d/b/a/c.java	sources/sources/com/tsf/shell/f/_d/b/a/DashItemC.java
c60c79f920633f7d208afb856ffb3d3c74ff4927	refactor: reorganize project structure by replacing legacy classes with modular service and UI components.	072	sources/sources/com/tsf/shell/f/_d/b/a/b.java	sources/sources/com/tsf/shell/f/_d/b/a/DashItemContainer.java
c60c79f920633f7d208afb856ffb3d3c74ff4927	refactor: reorganize project structure by replacing legacy classes with modular service and UI components.	081	sources/sources/com/tsf/shell/f/_d/b/a/d.java	sources/sources/com/tsf/shell/f/_d/b/a/DashItemD.java
c60c79f920633f7d208afb856ffb3d3c74ff4927	refactor: reorganize project structure by replacing legacy classes with modular service and UI components.	083	sources/sources/com/tsf/shell/f/_d/b/a/e.java	sources/sources/com/tsf/shell/f/_d/b/a/DashItemE.java
c60c79f920633f7d208afb856ffb3d3c74ff4927	refactor: reorganize project structure by replacing legacy classes with modular service and UI components.	079	sources/sources/com/tsf/shell/f/_d/b/a/f.java	sources/sources/com/tsf/shell/f/_d/b/a/DashItemF.java
c60c79f920633f7d208afb856ffb3d3c74ff4927	refactor: reorganize project structure by replacing legacy classes with modular service and UI components.	079	sources/sources/com/tsf/shell/f/_d/c/A.java	sources/sources/com/tsf/shell/f/_d/c/DashLayoutBase.java
c60c79f920633f7d208afb856ffb3d3c74ff4927	refactor: reorganize project structure by replacing legacy classes with modular service and UI components.	067	sources/sources/com/tsf/shell/f/_d/c/c.java	sources/sources/com/tsf/shell/f/_d/c/DashLayoutPool.java
c60c79f920633f7d208afb856ffb3d3c74ff4927	refactor: reorganize project structure by replacing legacy classes with modular service and UI components.	092	sources/sources/com/tsf/shell/f/_d/c/a/a.java	sources/sources/com/tsf/shell/f/_d/c/a/DashLayoutA.java
c60c79f920633f7d208afb856ffb3d3c74ff4927	refactor: reorganize project structure by replacing legacy classes with modular service and UI components.	084	sources/sources/com/tsf/shell/f/_d/c/a/b.java	sources/sources/com/tsf/shell/f/_d/c/a/DashLayoutB.java
c60c79f920633f7d208afb856ffb3d3c74ff4927	refactor: reorganize project structure by replacing legacy classes with modular service and UI components.	075	sources/sources/com/tsf/shell/f/_d/c/a/d.java	sources/sources/com/tsf/shell/f/_d/c/a/DashLayoutContainer.java
c60c79f920633f7d208afb856ffb3d3c74ff4927	refactor: reorganize project structure by replacing legacy classes with modular service and UI components.	083	sources/sources/com/tsf/shell/f/_d/c/a/e.java	sources/sources/com/tsf/shell/f/_d/c/a/DashLayoutE.java
c60c79f920633f7d208afb856ffb3d3c74ff4927	refactor: reorganize project structure by replacing legacy classes with modular service and UI components.	089	sources/sources/com/tsf/shell/f/_d/c/a/c.java	sources/sources/com/tsf/shell/f/_d/c/a/DashLayoutListener.java
c60c79f920633f7d208afb856ffb3d3c74ff4927	refactor: reorganize project structure by replacing legacy classes with modular service and UI components.	071	sources/sources/com/tsf/shell/f/_d/d/A.java	sources/sources/com/tsf/shell/f/_d/d/DashAnimationBase.java
c60c79f920633f7d208afb856ffb3d3c74ff4927	refactor: reorganize project structure by replacing legacy classes with modular service and UI components.	094	sources/sources/com/tsf/shell/f/_d/d/b.java	sources/sources/com/tsf/shell/f/_d/d/DashAnimationConfig.java
c60c79f920633f7d208afb856ffb3d3c74ff4927	refactor: reorganize project structure by replacing legacy classes with modular service and UI components.	097	sources/sources/com/tsf/shell/f/_d/d/d.java	sources/sources/com/tsf/shell/f/_d/d/DashAnimationData.java
c60c79f920633f7d208afb856ffb3d3c74ff4927	refactor: reorganize project structure by replacing legacy classes with modular service and UI components.	075	sources/sources/com/tsf/shell/f/_d/d/c.java	sources/sources/com/tsf/shell/f/_d/d/DashAnimationPool.java
c60c79f920633f7d208afb856ffb3d3c74ff4927	refactor: reorganize project structure by replacing legacy classes with modular service and UI components.	089	sources/sources/com/tsf/shell/f/_d/d/a/a.java	sources/sources/com/tsf/shell/f/_d/d/a/DashEffectCallback.java
c60c79f920633f7d208afb856ffb3d3c74ff4927	refactor: reorganize project structure by replacing legacy classes with modular service and UI components.	070	sources/sources/com/tsf/shell/f/_d/d/a/c.java	sources/sources/com/tsf/shell/f/_d/d/a/DashEffectHandler.java
c60c79f920633f7d208afb856ffb3d3c74ff4927	refactor: reorganize project structure by replacing legacy classes with modular service and UI components.	053	sources/sources/com/tsf/shell/f/_d/d/a/b.java	sources/sources/com/tsf/shell/f/_d/d/a/DashEffectRenderer.java
c60c79f920633f7d208afb856ffb3d3c74ff4927	refactor: reorganize project structure by replacing legacy classes with modular service and UI components.	093	sources/sources/com/tsf/shell/f/_d/e/A.java	sources/sources/com/tsf/shell/f/_d/e/DashRendererBase.java
c60c79f920633f7d208afb856ffb3d3c74ff4927	refactor: reorganize project structure by replacing legacy classes with modular service and UI components.	053	sources/sources/com/tsf/shell/f/_d/e/b.java	sources/sources/com/tsf/shell/f/_d/e/DashRendererConfig.java
c60c79f920633f7d208afb856ffb3d3c74ff4927	refactor: reorganize project structure by replacing legacy classes with modular service and UI components.	097	sources/sources/com/tsf/shell/f/_d/e/a/b.java	sources/sources/com/tsf/shell/f/_d/e/a/DashEffectData.java
c60c79f920633f7d208afb856ffb3d3c74ff4927	refactor: reorganize project structure by replacing legacy classes with modular service and UI components.	075	sources/sources/com/tsf/shell/f/_d/e/a/a.java	sources/sources/com/tsf/shell/f/_d/e/a/DashEffectParams.java
c60c79f920633f7d208afb856ffb3d3c74ff4927	refactor: reorganize project structure by replacing legacy classes with modular service and UI components.	050	sources/sources/com/tsf/shell/f/a/a/a.java	sources/sources/com/tsf/shell/f/a/a/GlTextureBinding.java
c60c79f920633f7d208afb856ffb3d3c74ff4927	refactor: reorganize project structure by replacing legacy classes with modular service and UI components.	073	sources/sources/com/tsf/shell/f/a/a/b.java	sources/sources/com/tsf/shell/f/a/a/GlTexturePool.java
c60c79f920633f7d208afb856ffb3d3c74ff4927	refactor: reorganize project structure by replacing legacy classes with modular service and UI components.	076	sources/sources/com/tsf/shell/f/a/b/b.java	sources/sources/com/tsf/shell/f/a/b/ShaderSlotElement.java
c60c79f920633f7d208afb856ffb3d3c74ff4927	refactor: reorganize project structure by replacing legacy classes with modular service and UI components.	090	sources/sources/com/tsf/shell/f/a/b/a.java	sources/sources/com/tsf/shell/f/a/b/ShaderSlotManager.java
c60c79f920633f7d208afb856ffb3d3c74ff4927	refactor: reorganize project structure by replacing legacy classes with modular service and UI components.	089	sources/sources/com/tsf/shell/f/b/a.java	sources/sources/com/tsf/shell/f/b/ShellKeyEventHandler.java
c60c79f920633f7d208afb856ffb3d3c74ff4927	refactor: reorganize project structure by replacing legacy classes with modular service and UI components.	097	sources/sources/com/tsf/shell/f/f/D.java	sources/sources/com/tsf/shell/f/f/ItemTransitionManager.java
c60c79f920633f7d208afb856ffb3d3c74ff4927	refactor: reorganize project structure by replacing legacy classes with modular service and UI components.	098	sources/sources/com/tsf/shell/f/f/h.java	sources/sources/com/tsf/shell/f/f/PageConfig.java
c60c79f920633f7d208afb856ffb3d3c74ff4927	refactor: reorganize project structure by replacing legacy classes with modular service and UI components.	095	sources/sources/com/tsf/shell/f/f/k.java	sources/sources/com/tsf/shell/f/f/PageContentType.java
c60c79f920633f7d208afb856ffb3d3c74ff4927	refactor: reorganize project structure by replacing legacy classes with modular service and UI components.	096	sources/sources/com/tsf/shell/f/f/o.java	sources/sources/com/tsf/shell/f/f/PageEventDispatcher.java
c60c79f920633f7d208afb856ffb3d3c74ff4927	refactor: reorganize project structure by replacing legacy classes with modular service and UI components.	094	sources/sources/com/tsf/shell/f/f/B.java	sources/sources/com/tsf/shell/f/f/PageRenderBuffer.java
c60c79f920633f7d208afb856ffb3d3c74ff4927	refactor: reorganize project structure by replacing legacy classes with modular service and UI components.	093	sources/sources/com/tsf/shell/f/f/A.java	sources/sources/com/tsf/shell/f/f/PageShaderNode.java
c60c79f920633f7d208afb856ffb3d3c74ff4927	refactor: reorganize project structure by replacing legacy classes with modular service and UI components.	097	sources/sources/com/tsf/shell/f/f/n.java	sources/sources/com/tsf/shell/f/f/PageTouchHandler.java
c60c79f920633f7d208afb856ffb3d3c74ff4927	refactor: reorganize project structure by replacing legacy classes with modular service and UI components.	069	sources/sources/com/tsf/shell/f/f/m.java	sources/sources/com/tsf/shell/f/f/TransitionRegistry.java
c60c79f920633f7d208afb856ffb3d3c74ff4927	refactor: reorganize project structure by replacing legacy classes with modular service and UI components.	094	sources/sources/com/tsf/shell/f/f/a/D.java	sources/sources/com/tsf/shell/f/f/a/AppClassifier.java
c60c79f920633f7d208afb856ffb3d3c74ff4927	refactor: reorganize project structure by replacing legacy classes with modular service and UI components.	087	sources/sources/com/tsf/shell/f/f/a/e.java	sources/sources/com/tsf/shell/f/f/a/DragOverlayElement.java
c60c79f920633f7d208afb856ffb3d3c74ff4927	refactor: reorganize project structure by replacing legacy classes with modular service and UI components.	087	sources/sources/com/tsf/shell/f/f/a/g.java	sources/sources/com/tsf/shell/f/f/a/FolderRenameDialog.java
c60c79f920633f7d208afb856ffb3d3c74ff4927	refactor: reorganize project structure by replacing legacy classes with modular service and UI components.	097	sources/sources/com/tsf/shell/f/f/a/A.java	sources/sources/com/tsf/shell/f/f/a/PageContainerBase.java
c60c79f920633f7d208afb856ffb3d3c74ff4927	refactor: reorganize project structure by replacing legacy classes with modular service and UI components.	093	sources/sources/com/tsf/shell/f/f/a/C.java	sources/sources/com/tsf/shell/f/f/a/PageContainerView.java
c60c79f920633f7d208afb856ffb3d3c74ff4927	refactor: reorganize project structure by replacing legacy classes with modular service and UI components.	082	sources/sources/com/tsf/shell/f/f/a/a.java	sources/sources/com/tsf/shell/f/f/a/PageElement.java
c60c79f920633f7d208afb856ffb3d3c74ff4927	refactor: reorganize project structure by replacing legacy classes with modular service and UI components.	093	sources/sources/com/tsf/shell/f/f/a/f.java	sources/sources/com/tsf/shell/f/f/a/PageGridRenderer.java
c60c79f920633f7d208afb856ffb3d3c74ff4927	refactor: reorganize project structure by replacing legacy classes with modular service and UI components.	099	sources/sources/com/tsf/shell/f/f/a/B.java	sources/sources/com/tsf/shell/f/f/a/PageItemList.java
c60c79f920633f7d208afb856ffb3d3c74ff4927	refactor: reorganize project structure by replacing legacy classes with modular service and UI components.	083	sources/sources/com/tsf/shell/f/f/a/_a/d.java	sources/sources/com/tsf/shell/f/f/a/_a/DrawerDragEffectController.java
c60c79f920633f7d208afb856ffb3d3c74ff4927	refactor: reorganize project structure by replacing legacy classes with modular service and UI components.	085	sources/sources/com/tsf/shell/f/f/a/_a/f.java	sources/sources/com/tsf/shell/f/f/a/_a/DrawerItemAnimationManager.java
c60c79f920633f7d208afb856ffb3d3c74ff4927	refactor: reorganize project structure by replacing legacy classes with modular service and UI components.	077	sources/sources/com/tsf/shell/f/f/a/_a/c.java	sources/sources/com/tsf/shell/f/f/a/_a/DrawerItemContainer.java
c60c79f920633f7d208afb856ffb3d3c74ff4927	refactor: reorganize project structure by replacing legacy classes with modular service and UI components.	097	sources/sources/com/tsf/shell/f/f/a/_a/A.java	sources/sources/com/tsf/shell/f/f/a/_a/DrawerItemDragController.java
c60c79f920633f7d208afb856ffb3d3c74ff4927	refactor: reorganize project structure by replacing legacy classes with modular service and UI components.	087	sources/sources/com/tsf/shell/f/f/a/_a/B.java	sources/sources/com/tsf/shell/f/f/a/_a/DrawerSectionManager.java
c60c79f920633f7d208afb856ffb3d3c74ff4927	refactor: reorganize project structure by replacing legacy classes with modular service and UI components.	091	sources/sources/com/tsf/shell/f/f/a/_a/e.java	sources/sources/com/tsf/shell/f/f/a/_a/DrawerVisualFrame.java
c60c79f920633f7d208afb856ffb3d3c74ff4927	refactor: reorganize project structure by replacing legacy classes with modular service and UI components.	069	sources/sources/com/tsf/shell/f/f/a/_a/a/c.java	sources/sources/com/tsf/shell/f/f/a/_a/a/DrawerItemLayoutData.java
c60c79f920633f7d208afb856ffb3d3c74ff4927	refactor: reorganize project structure by replacing legacy classes with modular service and UI components.	066	sources/sources/com/tsf/shell/f/f/a/_a/a/b.java	sources/sources/com/tsf/shell/f/f/a/_a/a/DrawerWidgetLayoutStrategy.java
c60c79f920633f7d208afb856ffb3d3c74ff4927	refactor: reorganize project structure by replacing legacy classes with modular service and UI components.	089	sources/sources/com/tsf/shell/f/f/a/_a/b/b.java	sources/sources/com/tsf/shell/f/f/a/_a/b/DrawerBaseElement.java
c60c79f920633f7d208afb856ffb3d3c74ff4927	refactor: reorganize project structure by replacing legacy classes with modular service and UI components.	084	sources/sources/com/tsf/shell/f/f/a/_a/b/a.java	sources/sources/com/tsf/shell/f/f/a/_a/b/DrawerButtonElement.java
c60c79f920633f7d208afb856ffb3d3c74ff4927	refactor: reorganize project structure by replacing legacy classes with modular service and UI components.	074	sources/sources/com/tsf/shell/f/f/a/_a/b/c.java	sources/sources/com/tsf/shell/f/f/a/_a/b/DrawerProgressBar.java
c60c79f920633f7d208afb856ffb3d3c74ff4927	refactor: reorganize project structure by replacing legacy classes with modular service and UI components.	082	sources/sources/com/tsf/shell/f/f/a/_b/a.java	sources/sources/com/tsf/shell/f/f/a/_b/DrawerBottleTransitionV2.java
c60c79f920633f7d208afb856ffb3d3c74ff4927	refactor: reorganize project structure by replacing legacy classes with modular service and UI components.	083	sources/sources/com/tsf/shell/f/f/a/_b/b.java	sources/sources/com/tsf/shell/f/f/a/_b/DrawerCylinderTransitionV2.java
c60c79f920633f7d208afb856ffb3d3c74ff4927	refactor: reorganize project structure by replacing legacy classes with modular service and UI components.	082	sources/sources/com/tsf/shell/f/f/a/_b/d.java	sources/sources/com/tsf/shell/f/f/a/_b/DrawerExtrusionTransitionV2.java
c60c79f920633f7d208afb856ffb3d3c74ff4927	refactor: reorganize project structure by replacing legacy classes with modular service and UI components.	079	sources/sources/com/tsf/shell/f/f/a/_b/e.java	sources/sources/com/tsf/shell/f/f/a/_b/DrawerRandomTransitionV2.java
c60c79f920633f7d208afb856ffb3d3c74ff4927	refactor: reorganize project structure by replacing legacy classes with modular service and UI components.	080	sources/sources/com/tsf/shell/f/f/a/_b/j.java	sources/sources/com/tsf/shell/f/f/a/_b/DrawerSphereTransitionV2.java
c60c79f920633f7d208afb856ffb3d3c74ff4927	refactor: reorganize project structure by replacing legacy classes with modular service and UI components.	080	sources/sources/com/tsf/shell/f/f/a/_b/m.java	sources/sources/com/tsf/shell/f/f/a/_b/DrawerTransitionBase3DV2.java
c60c79f920633f7d208afb856ffb3d3c74ff4927	refactor: reorganize project structure by replacing legacy classes with modular service and UI components.	061	sources/sources/com/tsf/shell/f/f/a/_b/l.java	sources/sources/com/tsf/shell/f/f/a/_b/DrawerTransitionManagerV2.java
c60c79f920633f7d208afb856ffb3d3c74ff4927	refactor: reorganize project structure by replacing legacy classes with modular service and UI components.	062	sources/sources/com/tsf/shell/f/f/a/_b/h.java	sources/sources/com/tsf/shell/f/f/a/_b/DrawerTriangularTransitionV2.java
c60c79f920633f7d208afb856ffb3d3c74ff4927	refactor: reorganize project structure by replacing legacy classes with modular service and UI components.	077	sources/sources/com/tsf/shell/f/f/a/_c/d.java	sources/sources/com/tsf/shell/f/f/a/_c/DrawerAppMenu.java
c60c79f920633f7d208afb856ffb3d3c74ff4927	refactor: reorganize project structure by replacing legacy classes with modular service and UI components.	091	sources/sources/com/tsf/shell/f/f/a/_c/c.java	sources/sources/com/tsf/shell/f/f/a/_c/DrawerContentList.java
c60c79f920633f7d208afb856ffb3d3c74ff4927	refactor: reorganize project structure by replacing legacy classes with modular service and UI components.	083	sources/sources/com/tsf/shell/f/f/a/_c/g.java	sources/sources/com/tsf/shell/f/f/a/_c/DrawerCountdownBadge.java
c60c79f920633f7d208afb856ffb3d3c74ff4927	refactor: reorganize project structure by replacing legacy classes with modular service and UI components.	093	sources/sources/com/tsf/shell/f/f/a/_c/j.java	sources/sources/com/tsf/shell/f/f/a/_c/DrawerLabelConfig.java
c60c79f920633f7d208afb856ffb3d3c74ff4927	refactor: reorganize project structure by replacing legacy classes with modular service and UI components.	095	sources/sources/com/tsf/shell/f/f/a/_c/e.java	sources/sources/com/tsf/shell/f/f/a/_c/DrawerLabelElement.java
c60c79f920633f7d208afb856ffb3d3c74ff4927	refactor: reorganize project structure by replacing legacy classes with modular service and UI components.	074	sources/sources/com/tsf/shell/f/f/a/_c/m.java	sources/sources/com/tsf/shell/f/f/a/_c/DrawerMultiWidgetPage.java
c60c79f920633f7d208afb856ffb3d3c74ff4927	refactor: reorganize project structure by replacing legacy classes with modular service and UI components.	085	sources/sources/com/tsf/shell/f/f/a/_c/i.java	sources/sources/com/tsf/shell/f/f/a/_c/DrawerPageItemBase.java
c60c79f920633f7d208afb856ffb3d3c74ff4927	refactor: reorganize project structure by replacing legacy classes with modular service and UI components.	094	sources/sources/com/tsf/shell/f/f/a/_c/h.java	sources/sources/com/tsf/shell/f/f/a/_c/DrawerSelectionFrame.java
c60c79f920633f7d208afb856ffb3d3c74ff4927	refactor: reorganize project structure by replacing legacy classes with modular service and UI components.	063	sources/sources/com/tsf/shell/f/f/a/_c/k.java	sources/sources/com/tsf/shell/f/f/a/_c/DrawerSettingsPage.java
c60c79f920633f7d208afb856ffb3d3c74ff4927	refactor: reorganize project structure by replacing legacy classes with modular service and UI components.	084	sources/sources/com/tsf/shell/f/f/a/_c/f.java	sources/sources/com/tsf/shell/f/f/a/_c/DrawerShortcutGrid.java
c60c79f920633f7d208afb856ffb3d3c74ff4927	refactor: reorganize project structure by replacing legacy classes with modular service and UI components.	073	sources/sources/com/tsf/shell/f/f/a/_c/A.java	sources/sources/com/tsf/shell/f/f/a/_c/DrawerShortcutTouchHandler.java
c60c79f920633f7d208afb856ffb3d3c74ff4927	refactor: reorganize project structure by replacing legacy classes with modular service and UI components.	090	sources/sources/com/tsf/shell/f/f/a/_c/l.java	sources/sources/com/tsf/shell/f/f/a/_c/DrawerSpringPhysics.java
c60c79f920633f7d208afb856ffb3d3c74ff4927	refactor: reorganize project structure by replacing legacy classes with modular service and UI components.	086	sources/sources/com/tsf/shell/f/f/a/_c/b.java	sources/sources/com/tsf/shell/f/f/a/_c/DrawerWidgetTouchHandler.java
c60c79f920633f7d208afb856ffb3d3c74ff4927	refactor: reorganize project structure by replacing legacy classes with modular service and UI components.	079	sources/sources/com/tsf/shell/f/f/a/_c/_a/a.java	sources/sources/com/tsf/shell/f/f/a/_c/_a/DrawerIconLoaderTask.java
c60c79f920633f7d208afb856ffb3d3c74ff4927	refactor: reorganize project structure by replacing legacy classes with modular service and UI components.	094	sources/sources/com/tsf/shell/f/f/a/_c/_a/b.java	sources/sources/com/tsf/shell/f/f/a/_c/_a/DrawerIndicatorDot.java
c60c79f920633f7d208afb856ffb3d3c74ff4927	refactor: reorganize project structure by replacing legacy classes with modular service and UI components.	079	sources/sources/com/tsf/shell/f/f/a/_d/a.java	sources/sources/com/tsf/shell/f/f/a/_d/DrawerSortData.java
c60c79f920633f7d208afb856ffb3d3c74ff4927	refactor: reorganize project structure by replacing legacy classes with modular service and UI components.	082	sources/sources/com/tsf/shell/f/f/a/_d/A.java	sources/sources/com/tsf/shell/f/f/a/_d/DrawerSortManagerV2.java
c60c79f920633f7d208afb856ffb3d3c74ff4927	refactor: reorganize project structure by replacing legacy classes with modular service and UI components.	092	sources/sources/com/tsf/shell/f/f/a/_d/_a/a.java	sources/sources/com/tsf/shell/f/f/a/_d/_a/DrawerAlphabeticalSortV2.java
c60c79f920633f7d208afb856ffb3d3c74ff4927	refactor: reorganize project structure by replacing legacy classes with modular service and UI components.	087	sources/sources/com/tsf/shell/f/f/a/_d/_a/e.java	sources/sources/com/tsf/shell/f/f/a/_d/_a/DrawerEarliestSortV2.java
c60c79f920633f7d208afb856ffb3d3c74ff4927	refactor: reorganize project structure by replacing legacy classes with modular service and UI components.	079	sources/sources/com/tsf/shell/f/f/a/_d/_a/d.java	sources/sources/com/tsf/shell/f/f/a/_d/_a/DrawerIndexSortV2.java
c60c79f920633f7d208afb856ffb3d3c74ff4927	refactor: reorganize project structure by replacing legacy classes with modular service and UI components.	087	sources/sources/com/tsf/shell/f/f/a/_d/_a/f.java	sources/sources/com/tsf/shell/f/f/a/_d/_a/DrawerLatestSortV2.java
c60c79f920633f7d208afb856ffb3d3c74ff4927	refactor: reorganize project structure by replacing legacy classes with modular service and UI components.	090	sources/sources/com/tsf/shell/f/f/a/_d/_a/b.java	sources/sources/com/tsf/shell/f/f/a/_d/_a/DrawerNameSortV2.java
c60c79f920633f7d208afb856ffb3d3c74ff4927	refactor: reorganize project structure by replacing legacy classes with modular service and UI components.	088	sources/sources/com/tsf/shell/f/f/a/_d/_a/c.java	sources/sources/com/tsf/shell/f/f/a/_d/_a/DrawerSortBaseV2.java
c60c79f920633f7d208afb856ffb3d3c74ff4927	refactor: reorganize project structure by replacing legacy classes with modular service and UI components.	082	sources/sources/com/tsf/shell/f/f/a/b/a.java	sources/sources/com/tsf/shell/f/f/a/b/DrawerBottleTransition.java
c60c79f920633f7d208afb856ffb3d3c74ff4927	refactor: reorganize project structure by replacing legacy classes with modular service and UI components.	084	sources/sources/com/tsf/shell/f/f/a/b/b.java	sources/sources/com/tsf/shell/f/f/a/b/DrawerCylinderTransition.java
c60c79f920633f7d208afb856ffb3d3c74ff4927	refactor: reorganize project structure by replacing legacy classes with modular service and UI components.	083	sources/sources/com/tsf/shell/f/f/a/b/d.java	sources/sources/com/tsf/shell/f/f/a/b/DrawerExtrusionTransition.java
c60c79f920633f7d208afb856ffb3d3c74ff4927	refactor: reorganize project structure by replacing legacy classes with modular service and UI components.	080	sources/sources/com/tsf/shell/f/f/a/b/e.java	sources/sources/com/tsf/shell/f/f/a/b/DrawerRandomTransition.java
c60c79f920633f7d208afb856ffb3d3c74ff4927	refactor: reorganize project structure by replacing legacy classes with modular service and UI components.	080	sources/sources/com/tsf/shell/f/f/a/b/j.java	sources/sources/com/tsf/shell/f/f/a/b/DrawerSphereTransition.java
c60c79f920633f7d208afb856ffb3d3c74ff4927	refactor: reorganize project structure by replacing legacy classes with modular service and UI components.	081	sources/sources/com/tsf/shell/f/f/a/b/m.java	sources/sources/com/tsf/shell/f/f/a/b/DrawerTransitionBase3D.java
c60c79f920633f7d208afb856ffb3d3c74ff4927	refactor: reorganize project structure by replacing legacy classes with modular service and UI components.	062	sources/sources/com/tsf/shell/f/f/a/b/l.java	sources/sources/com/tsf/shell/f/f/a/b/DrawerTransitionManager.java
c60c79f920633f7d208afb856ffb3d3c74ff4927	refactor: reorganize project structure by replacing legacy classes with modular service and UI components.	063	sources/sources/com/tsf/shell/f/f/a/b/h.java	sources/sources/com/tsf/shell/f/f/a/b/DrawerTriangularTransition.java
c60c79f920633f7d208afb856ffb3d3c74ff4927	refactor: reorganize project structure by replacing legacy classes with modular service and UI components.	077	sources/sources/com/tsf/shell/f/f/a/c/d.java	sources/sources/com/tsf/shell/f/f/a/c/FolderAppMenu.java
c60c79f920633f7d208afb856ffb3d3c74ff4927	refactor: reorganize project structure by replacing legacy classes with modular service and UI components.	091	sources/sources/com/tsf/shell/f/f/a/c/c.java	sources/sources/com/tsf/shell/f/f/a/c/FolderContentList.java
c60c79f920633f7d208afb856ffb3d3c74ff4927	refactor: reorganize project structure by replacing legacy classes with modular service and UI components.	083	sources/sources/com/tsf/shell/f/f/a/c/g.java	sources/sources/com/tsf/shell/f/f/a/c/FolderCountdownBadge.java
c60c79f920633f7d208afb856ffb3d3c74ff4927	refactor: reorganize project structure by replacing legacy classes with modular service and UI components.	066	sources/sources/com/tsf/shell/f/f/a/c/j.java	sources/sources/com/tsf/shell/f/f/a/c/FolderLabelConfig.java
c60c79f920633f7d208afb856ffb3d3c74ff4927	refactor: reorganize project structure by replacing legacy classes with modular service and UI components.	095	sources/sources/com/tsf/shell/f/f/a/c/e.java	sources/sources/com/tsf/shell/f/f/a/c/FolderLabelElement.java
c60c79f920633f7d208afb856ffb3d3c74ff4927	refactor: reorganize project structure by replacing legacy classes with modular service and UI components.	074	sources/sources/com/tsf/shell/f/f/a/c/m.java	sources/sources/com/tsf/shell/f/f/a/c/FolderMultiWidgetPage.java
c60c79f920633f7d208afb856ffb3d3c74ff4927	refactor: reorganize project structure by replacing legacy classes with modular service and UI components.	085	sources/sources/com/tsf/shell/f/f/a/c/i.java	sources/sources/com/tsf/shell/f/f/a/c/FolderPageItemBase.java
c60c79f920633f7d208afb856ffb3d3c74ff4927	refactor: reorganize project structure by replacing legacy classes with modular service and UI components.	094	sources/sources/com/tsf/shell/f/f/a/c/h.java	sources/sources/com/tsf/shell/f/f/a/c/FolderSelectionFrame.java
c60c79f920633f7d208afb856ffb3d3c74ff4927	refactor: reorganize project structure by replacing legacy classes with modular service and UI components.	063	sources/sources/com/tsf/shell/f/f/a/c/k.java	sources/sources/com/tsf/shell/f/f/a/c/FolderSettingsPage.java
c60c79f920633f7d208afb856ffb3d3c74ff4927	refactor: reorganize project structure by replacing legacy classes with modular service and UI components.	084	sources/sources/com/tsf/shell/f/f/a/c/f.java	sources/sources/com/tsf/shell/f/f/a/c/FolderShortcutGrid.java
c60c79f920633f7d208afb856ffb3d3c74ff4927	refactor: reorganize project structure by replacing legacy classes with modular service and UI components.	064	sources/sources/com/tsf/shell/f/f/a/c/A.java	sources/sources/com/tsf/shell/f/f/a/c/FolderShortcutTouchHandler.java
c60c79f920633f7d208afb856ffb3d3c74ff4927	refactor: reorganize project structure by replacing legacy classes with modular service and UI components.	089	sources/sources/com/tsf/shell/f/f/a/c/l.java	sources/sources/com/tsf/shell/f/f/a/c/FolderSpringPhysics.java
c60c79f920633f7d208afb856ffb3d3c74ff4927	refactor: reorganize project structure by replacing legacy classes with modular service and UI components.	069	sources/sources/com/tsf/shell/f/f/a/c/a.java	sources/sources/com/tsf/shell/f/f/a/c/FolderTouchBase.java
c60c79f920633f7d208afb856ffb3d3c74ff4927	refactor: reorganize project structure by replacing legacy classes with modular service and UI components.	086	sources/sources/com/tsf/shell/f/f/a/c/b.java	sources/sources/com/tsf/shell/f/f/a/c/FolderWidgetTouchHandler.java
c60c79f920633f7d208afb856ffb3d3c74ff4927	refactor: reorganize project structure by replacing legacy classes with modular service and UI components.	082	sources/sources/com/tsf/shell/f/f/a/c/_a/a.java	sources/sources/com/tsf/shell/f/f/a/c/_a/FolderIconLoader.java
c60c79f920633f7d208afb856ffb3d3c74ff4927	refactor: reorganize project structure by replacing legacy classes with modular service and UI components.	092	sources/sources/com/tsf/shell/f/f/a/c/_a/b.java	sources/sources/com/tsf/shell/f/f/a/c/_a/FolderIndicatorDot.java
c60c79f920633f7d208afb856ffb3d3c74ff4927	refactor: reorganize project structure by replacing legacy classes with modular service and UI components.	089	sources/sources/com/tsf/shell/f/f/a/d/A.java	sources/sources/com/tsf/shell/f/f/a/d/DrawerSortManager.java
c60c79f920633f7d208afb856ffb3d3c74ff4927	refactor: reorganize project structure by replacing legacy classes with modular service and UI components.	092	sources/sources/com/tsf/shell/f/f/a/d/a/a.java	sources/sources/com/tsf/shell/f/f/a/d/a/DrawerAlphabeticalSort.java
c60c79f920633f7d208afb856ffb3d3c74ff4927	refactor: reorganize project structure by replacing legacy classes with modular service and UI components.	088	sources/sources/com/tsf/shell/f/f/a/d/a/e.java	sources/sources/com/tsf/shell/f/f/a/d/a/DrawerEarliestSort.java
c60c79f920633f7d208afb856ffb3d3c74ff4927	refactor: reorganize project structure by replacing legacy classes with modular service and UI components.	080	sources/sources/com/tsf/shell/f/f/a/d/a/d.java	sources/sources/com/tsf/shell/f/f/a/d/a/DrawerIndexSort.java
c60c79f920633f7d208afb856ffb3d3c74ff4927	refactor: reorganize project structure by replacing legacy classes with modular service and UI components.	088	sources/sources/com/tsf/shell/f/f/a/d/a/f.java	sources/sources/com/tsf/shell/f/f/a/d/a/DrawerLatestSort.java
c60c79f920633f7d208afb856ffb3d3c74ff4927	refactor: reorganize project structure by replacing legacy classes with modular service and UI components.	091	sources/sources/com/tsf/shell/f/f/a/d/a/b.java	sources/sources/com/tsf/shell/f/f/a/d/a/DrawerNameSort.java
c60c79f920633f7d208afb856ffb3d3c74ff4927	refactor: reorganize project structure by replacing legacy classes with modular service and UI components.	088	sources/sources/com/tsf/shell/f/f/a/d/a/c.java	sources/sources/com/tsf/shell/f/f/a/d/a/DrawerSortBase.java
c60c79f920633f7d208afb856ffb3d3c74ff4927	refactor: reorganize project structure by replacing legacy classes with modular service and UI components.	090	sources/sources/com/tsf/shell/f/f/b/a/d.java	sources/sources/com/tsf/shell/f/f/b/a/FolderPageTransitionBase.java
c60c79f920633f7d208afb856ffb3d3c74ff4927	refactor: reorganize project structure by replacing legacy classes with modular service and UI components.	089	sources/sources/com/tsf/shell/f/f/b/a/a.java	sources/sources/com/tsf/shell/f/f/b/a/FolderTransitionA.java
c60c79f920633f7d208afb856ffb3d3c74ff4927	refactor: reorganize project structure by replacing legacy classes with modular service and UI components.	096	sources/sources/com/tsf/shell/f/f/b/a/b.java	sources/sources/com/tsf/shell/f/f/b/a/FolderTransitionB.java
c60c79f920633f7d208afb856ffb3d3c74ff4927	refactor: reorganize project structure by replacing legacy classes with modular service and UI components.	090	sources/sources/com/tsf/shell/f/f/b/a/c.java	sources/sources/com/tsf/shell/f/f/b/a/FolderTransitionC.java
c60c79f920633f7d208afb856ffb3d3c74ff4927	refactor: reorganize project structure by replacing legacy classes with modular service and UI components.	090	sources/sources/com/tsf/shell/f/f/b/a/e.java	sources/sources/com/tsf/shell/f/f/b/a/FolderTransitionE.java
c60c79f920633f7d208afb856ffb3d3c74ff4927	refactor: reorganize project structure by replacing legacy classes with modular service and UI components.	090	sources/sources/com/tsf/shell/f/f/b/a/f.java	sources/sources/com/tsf/shell/f/f/b/a/FolderTransitionF.java
c60c79f920633f7d208afb856ffb3d3c74ff4927	refactor: reorganize project structure by replacing legacy classes with modular service and UI components.	096	sources/sources/com/tsf/shell/f/f/c/a.java	sources/sources/com/tsf/shell/f/f/c/WorkspaceShortcutTouchHandler.java
c60c79f920633f7d208afb856ffb3d3c74ff4927	refactor: reorganize project structure by replacing legacy classes with modular service and UI components.	089	sources/sources/com/tsf/shell/f/f/d/A.java	sources/sources/com/tsf/shell/f/f/d/ScrollStateAggregator.java
c60c79f920633f7d208afb856ffb3d3c74ff4927	refactor: reorganize project structure by replacing legacy classes with modular service and UI components.	086	sources/sources/com/tsf/shell/f/f/d/_a/a.java	sources/sources/com/tsf/shell/f/f/d/_a/OverscrollAnimation.java
c60c79f920633f7d208afb856ffb3d3c74ff4927	refactor: reorganize project structure by replacing legacy classes with modular service and UI components.	085	sources/sources/com/tsf/shell/f/f/d/_a/b.java	sources/sources/com/tsf/shell/f/f/d/_a/OverscrollHandler.java
c60c79f920633f7d208afb856ffb3d3c74ff4927	refactor: reorganize project structure by replacing legacy classes with modular service and UI components.	086	sources/sources/com/tsf/shell/f/f/d/a/a.java	sources/sources/com/tsf/shell/f/f/d/a/ScrollBounceAnimation.java
c60c79f920633f7d208afb856ffb3d3c74ff4927	refactor: reorganize project structure by replacing legacy classes with modular service and UI components.	085	sources/sources/com/tsf/shell/f/f/d/a/b.java	sources/sources/com/tsf/shell/f/f/d/a/ScrollBounceHandler.java
c60c79f920633f7d208afb856ffb3d3c74ff4927	refactor: reorganize project structure by replacing legacy classes with modular service and UI components.	084	sources/sources/com/tsf/shell/f/g/a/a.java	sources/sources/com/tsf/shell/f/g/a/GestureMenuBlankItem.java
c60c79f920633f7d208afb856ffb3d3c74ff4927	refactor: reorganize project structure by replacing legacy classes with modular service and UI components.	079	sources/sources/com/tsf/shell/f/g/a/d.java	sources/sources/com/tsf/shell/f/g/a/GestureMenuDrawerItem.java
c60c79f920633f7d208afb856ffb3d3c74ff4927	refactor: reorganize project structure by replacing legacy classes with modular service and UI components.	076	sources/sources/com/tsf/shell/f/g/a/e.java	sources/sources/com/tsf/shell/f/g/a/GestureMenuEffectItem.java
c60c79f920633f7d208afb856ffb3d3c74ff4927	refactor: reorganize project structure by replacing legacy classes with modular service and UI components.	077	sources/sources/com/tsf/shell/f/g/a/c.java	sources/sources/com/tsf/shell/f/g/a/GestureMenuItemAction.java
c60c79f920633f7d208afb856ffb3d3c74ff4927	refactor: reorganize project structure by replacing legacy classes with modular service and UI components.	081	sources/sources/com/tsf/shell/f/g/a/f.java	sources/sources/com/tsf/shell/f/g/a/GestureMenuMarkItem.java
c60c79f920633f7d208afb856ffb3d3c74ff4927	refactor: reorganize project structure by replacing legacy classes with modular service and UI components.	091	sources/sources/com/tsf/shell/f/g/a/b.java	sources/sources/com/tsf/shell/f/g/a/GestureMenuOverlay.java
c60c79f920633f7d208afb856ffb3d3c74ff4927	refactor: reorganize project structure by replacing legacy classes with modular service and UI components.	089	sources/sources/com/tsf/shell/f/g/a/h.java	sources/sources/com/tsf/shell/f/g/a/GestureMenuRenderer.java
c60c79f920633f7d208afb856ffb3d3c74ff4927	refactor: reorganize project structure by replacing legacy classes with modular service and UI components.	079	sources/sources/com/tsf/shell/f/g/a/g.java	sources/sources/com/tsf/shell/f/g/a/GestureMenuTextItem.java
c60c79f920633f7d208afb856ffb3d3c74ff4927	refactor: reorganize project structure by replacing legacy classes with modular service and UI components.	090	sources/sources/com/tsf/shell/plugin/a/a.java	sources/sources/com/tsf/shell/plugin/a/PluginBridgeA.java
c60c79f920633f7d208afb856ffb3d3c74ff4927	refactor: reorganize project structure by replacing legacy classes with modular service and UI components.	088	sources/sources/com/tsf/shell/plugin/a/b.java	sources/sources/com/tsf/shell/plugin/a/PluginBridgeB.java
c60c79f920633f7d208afb856ffb3d3c74ff4927	refactor: reorganize project structure by replacing legacy classes with modular service and UI components.	079	sources/sources/com/tsf/shell/plugin/a/c.java	sources/sources/com/tsf/shell/plugin/a/PluginBridgeException.java
c60c79f920633f7d208afb856ffb3d3c74ff4927	refactor: reorganize project structure by replacing legacy classes with modular service and UI components.	081	sources/sources/com/tsf/shell/plugin/classification/a.java	sources/sources/com/tsf/shell/plugin/classification/ClassificationColumns.java
c60c79f920633f7d208afb856ffb3d3c74ff4927	refactor: reorganize project structure by replacing legacy classes with modular service and UI components.	078	sources/sources/com/tsf/shell/plugin/classification/c.java	sources/sources/com/tsf/shell/plugin/classification/ClassificationDatabase.java
c60c79f920633f7d208afb856ffb3d3c74ff4927	refactor: reorganize project structure by replacing legacy classes with modular service and UI components.	082	sources/sources/com/tsf/shell/plugin/classification/b.java	sources/sources/com/tsf/shell/plugin/classification/ClassificationInfoColumns.java
c60c79f920633f7d208afb856ffb3d3c74ff4927	refactor: reorganize project structure by replacing legacy classes with modular service and UI components.	089	sources/sources/com/tsf/shell/plugin/classification/d.java	sources/sources/com/tsf/shell/plugin/classification/ClassificationManager.java
c60c79f920633f7d208afb856ffb3d3c74ff4927	refactor: reorganize project structure by replacing legacy classes with modular service and UI components.	085	sources/sources/com/tsf/shell/plugin/crop/c.java	sources/sources/com/tsf/shell/plugin/crop/CropImageConfig.java
c60c79f920633f7d208afb856ffb3d3c74ff4927	refactor: reorganize project structure by replacing legacy classes with modular service and UI components.	069	sources/sources/com/tsf/shell/plugin/crop/k.java	sources/sources/com/tsf/shell/plugin/crop/CropImageContract.java
c60c79f920633f7d208afb856ffb3d3c74ff4927	refactor: reorganize project structure by replacing legacy classes with modular service and UI components.	088	sources/sources/com/tsf/shell/plugin/crop/h.java	sources/sources/com/tsf/shell/plugin/crop/CropImageHelper.java
c60c79f920633f7d208afb856ffb3d3c74ff4927	refactor: reorganize project structure by replacing legacy classes with modular service and UI components.	098	sources/sources/com/tsf/shell/plugin/crop/b.java	sources/sources/com/tsf/shell/plugin/crop/CropImageManager.java
c60c79f920633f7d208afb856ffb3d3c74ff4927	refactor: reorganize project structure by replacing legacy classes with modular service and UI components.	093	sources/sources/com/tsf/shell/plugin/crop/a.java	sources/sources/com/tsf/shell/plugin/crop/CropImageParser.java
c60c79f920633f7d208afb856ffb3d3c74ff4927	refactor: reorganize project structure by replacing legacy classes with modular service and UI components.	094	sources/sources/com/tsf/shell/plugin/crop/g.java	sources/sources/com/tsf/shell/plugin/crop/CropImageProvider.java
c60c79f920633f7d208afb856ffb3d3c74ff4927	refactor: reorganize project structure by replacing legacy classes with modular service and UI components.	091	sources/sources/com/tsf/shell/plugin/crop/d.java	sources/sources/com/tsf/shell/plugin/crop/CropImageRenderer.java
c60c79f920633f7d208afb856ffb3d3c74ff4927	refactor: reorganize project structure by replacing legacy classes with modular service and UI components.	099	sources/sources/com/tsf/shell/plugin/crop/e.java	sources/sources/com/tsf/shell/plugin/crop/CropImageResources.java
c60c79f920633f7d208afb856ffb3d3c74ff4927	refactor: reorganize project structure by replacing legacy classes with modular service and UI components.	093	sources/sources/com/tsf/shell/plugin/crop/f.java	sources/sources/com/tsf/shell/plugin/crop/CropImageState.java
c60c79f920633f7d208afb856ffb3d3c74ff4927	refactor: reorganize project structure by replacing legacy classes with modular service and UI components.	075	sources/sources/com/tsf/shell/plugin/fontspicker/d.java	sources/sources/com/tsf/shell/plugin/fontspicker/FontPickerConfig.java
c60c79f920633f7d208afb856ffb3d3c74ff4927	refactor: reorganize project structure by replacing legacy classes with modular service and UI components.	087	sources/sources/com/tsf/shell/plugin/fontspicker/b.java	sources/sources/com/tsf/shell/plugin/fontspicker/FontPickerContract.java
c60c79f920633f7d208afb856ffb3d3c74ff4927	refactor: reorganize project structure by replacing legacy classes with modular service and UI components.	082	sources/sources/com/tsf/shell/plugin/fontspicker/a.java	sources/sources/com/tsf/shell/plugin/fontspicker/FontPickerManager.java
c60c79f920633f7d208afb856ffb3d3c74ff4927	refactor: reorganize project structure by replacing legacy classes with modular service and UI components.	085	sources/sources/com/tsf/shell/plugin/fontspicker/c.java	sources/sources/com/tsf/shell/plugin/fontspicker/FontPickerRenderer.java
c60c79f920633f7d208afb856ffb3d3c74ff4927	refactor: reorganize project structure by replacing legacy classes with modular service and UI components.	073	sources/sources/com/tsf/shell/plugin/notice/c.java	sources/sources/com/tsf/shell/plugin/notice/NoticeConfig.java
c60c79f920633f7d208afb856ffb3d3c74ff4927	refactor: reorganize project structure by replacing legacy classes with modular service and UI components.	082	sources/sources/com/tsf/shell/plugin/notice/a.java	sources/sources/com/tsf/shell/plugin/notice/NoticeDataProvider.java
c60c79f920633f7d208afb856ffb3d3c74ff4927	refactor: reorganize project structure by replacing legacy classes with modular service and UI components.	091	sources/sources/com/tsf/shell/plugin/notice/e.java	sources/sources/com/tsf/shell/plugin/notice/NoticeEvent.java
c60c79f920633f7d208afb856ffb3d3c74ff4927	refactor: reorganize project structure by replacing legacy classes with modular service and UI components.	082	sources/sources/com/tsf/shell/plugin/notice/b.java	sources/sources/com/tsf/shell/plugin/notice/NoticeManager.java
c60c79f920633f7d208afb856ffb3d3c74ff4927	refactor: reorganize project structure by replacing legacy classes with modular service and UI components.	098	sources/sources/com/tsf/shell/plugin/notice/d.java	sources/sources/com/tsf/shell/plugin/notice/NoticeRenderer.java
c60c79f920633f7d208afb856ffb3d3c74ff4927	refactor: reorganize project structure by replacing legacy classes with modular service and UI components.	099	sources/sources/com/tsf/shell/plugin/notice/f.java	sources/sources/com/tsf/shell/plugin/notice/NoticeResources.java
c60c79f920633f7d208afb856ffb3d3c74ff4927	refactor: reorganize project structure by replacing legacy classes with modular service and UI components.	078	sources/sources/com/tsf/shell/plugin/notice/g.java	sources/sources/com/tsf/shell/plugin/notice/NoticeStateProvider.java
c60c79f920633f7d208afb856ffb3d3c74ff4927	refactor: reorganize project structure by replacing legacy classes with modular service and UI components.	089	sources/sources/com/tsf/shell/plugin/summary/b.java	sources/sources/com/tsf/shell/plugin/summary/SummaryConfig.java
c60c79f920633f7d208afb856ffb3d3c74ff4927	refactor: reorganize project structure by replacing legacy classes with modular service and UI components.	082	sources/sources/com/tsf/shell/plugin/summary/a.java	sources/sources/com/tsf/shell/plugin/summary/SummaryConstants.java
c60c79f920633f7d208afb856ffb3d3c74ff4927	refactor: reorganize project structure by replacing legacy classes with modular service and UI components.	099	sources/sources/com/tsf/shell/plugin/summary/c.java	sources/sources/com/tsf/shell/plugin/summary/SummaryManager.java
c60c79f920633f7d208afb856ffb3d3c74ff4927	refactor: reorganize project structure by replacing legacy classes with modular service and UI components.	071	sources/sources/com/tsf/shell/plugin/theme/c.java	sources/sources/com/tsf/shell/plugin/theme/ThemePluginConfig.java
c60c79f920633f7d208afb856ffb3d3c74ff4927	refactor: reorganize project structure by replacing legacy classes with modular service and UI components.	078	sources/sources/com/tsf/shell/plugin/theme/b.java	sources/sources/com/tsf/shell/plugin/theme/ThemePluginManager.java
c60c79f920633f7d208afb856ffb3d3c74ff4927	refactor: reorganize project structure by replacing legacy classes with modular service and UI components.	093	sources/sources/com/tsf/shell/plugin/theme/a.java	sources/sources/com/tsf/shell/plugin/theme/ThemePluginParser.java
c60c79f920633f7d208afb856ffb3d3c74ff4927	refactor: reorganize project structure by replacing legacy classes with modular service and UI components.	083	sources/sources/com/tsf/shell/plugin/themepicker/j.java	sources/sources/com/tsf/shell/plugin/themepicker/ThemePickerAdapter.java
c60c79f920633f7d208afb856ffb3d3c74ff4927	refactor: reorganize project structure by replacing legacy classes with modular service and UI components.	080	sources/sources/com/tsf/shell/plugin/themepicker/c.java	sources/sources/com/tsf/shell/plugin/themepicker/ThemePickerConfig.java
c60c79f920633f7d208afb856ffb3d3c74ff4927	refactor: reorganize project structure by replacing legacy classes with modular service and UI components.	088	sources/sources/com/tsf/shell/plugin/themepicker/d.java	sources/sources/com/tsf/shell/plugin/themepicker/ThemePickerData.java
c60c79f920633f7d208afb856ffb3d3c74ff4927	refactor: reorganize project structure by replacing legacy classes with modular service and UI components.	093	sources/sources/com/tsf/shell/plugin/themepicker/e.java	sources/sources/com/tsf/shell/plugin/themepicker/ThemePickerEvent.java
c60c79f920633f7d208afb856ffb3d3c74ff4927	refactor: reorganize project structure by replacing legacy classes with modular service and UI components.	080	sources/sources/com/tsf/shell/plugin/themepicker/i.java	sources/sources/com/tsf/shell/plugin/themepicker/ThemePickerManager.java
c60c79f920633f7d208afb856ffb3d3c74ff4927	refactor: reorganize project structure by replacing legacy classes with modular service and UI components.	096	sources/sources/com/tsf/shell/plugin/themepicker/a.java	sources/sources/com/tsf/shell/plugin/themepicker/ThemePickerParser.java
c60c79f920633f7d208afb856ffb3d3c74ff4927	refactor: reorganize project structure by replacing legacy classes with modular service and UI components.	081	sources/sources/com/tsf/shell/plugin/themepicker/b.java	sources/sources/com/tsf/shell/plugin/themepicker/ThemePickerProvider.java
c60c79f920633f7d208afb856ffb3d3c74ff4927	refactor: reorganize project structure by replacing legacy classes with modular service and UI components.	087	sources/sources/com/tsf/shell/plugin/themepicker/k.java	sources/sources/com/tsf/shell/plugin/themepicker/ThemePickerRenderer.java
c60c79f920633f7d208afb856ffb3d3c74ff4927	refactor: reorganize project structure by replacing legacy classes with modular service and UI components.	099	sources/sources/com/tsf/shell/plugin/themepicker/f.java	sources/sources/com/tsf/shell/plugin/themepicker/ThemePickerResources.java
c60c79f920633f7d208afb856ffb3d3c74ff4927	refactor: reorganize project structure by replacing legacy classes with modular service and UI components.	071	sources/sources/com/tsf/shell/plugin/themepicker/r.java	sources/sources/com/tsf/shell/plugin/themepicker/ThemePickerResult.java
c60c79f920633f7d208afb856ffb3d3c74ff4927	refactor: reorganize project structure by replacing legacy classes with modular service and UI components.	072	sources/sources/com/tsf/shell/plugin/themepicker/g.java	sources/sources/com/tsf/shell/plugin/themepicker/ThemePickerState.java
c60c79f920633f7d208afb856ffb3d3c74ff4927	refactor: reorganize project structure by replacing legacy classes with modular service and UI components.	091	sources/sources/com/tsf/shell/plugin/themepicker/h.java	sources/sources/com/tsf/shell/plugin/themepicker/ThemePickerThemeHandler.java
c60c79f920633f7d208afb856ffb3d3c74ff4927	refactor: reorganize project structure by replacing legacy classes with modular service and UI components.	080	sources/sources/com/tsf/shell/plugin/themepicker/icondesigner/g.java	sources/sources/com/tsf/shell/plugin/themepicker/icondesigner/IconDesignerBaseColumns.java
c60c79f920633f7d208afb856ffb3d3c74ff4927	refactor: reorganize project structure by replacing legacy classes with modular service and UI components.	074	sources/sources/com/tsf/shell/plugin/themepicker/icondesigner/f.java	sources/sources/com/tsf/shell/plugin/themepicker/icondesigner/IconDesignerColumns.java
c60c79f920633f7d208afb856ffb3d3c74ff4927	refactor: reorganize project structure by replacing legacy classes with modular service and UI components.	069	sources/sources/com/tsf/shell/plugin/themepicker/icondesigner/b.java	sources/sources/com/tsf/shell/plugin/themepicker/icondesigner/IconDesignerConfig.java
c60c79f920633f7d208afb856ffb3d3c74ff4927	refactor: reorganize project structure by replacing legacy classes with modular service and UI components.	054	sources/sources/com/tsf/shell/plugin/themepicker/icondesigner/e.java	sources/sources/com/tsf/shell/plugin/themepicker/icondesigner/IconDesignerContract.java
c60c79f920633f7d208afb856ffb3d3c74ff4927	refactor: reorganize project structure by replacing legacy classes with modular service and UI components.	050	sources/sources/com/tsf/shell/plugin/themepicker/icondesigner/a.java	sources/sources/com/tsf/shell/plugin/themepicker/icondesigner/IconDesignerData.java
c60c79f920633f7d208afb856ffb3d3c74ff4927	refactor: reorganize project structure by replacing legacy classes with modular service and UI components.	073	sources/sources/com/tsf/shell/plugin/themepicker/icondesigner/c.java	sources/sources/com/tsf/shell/plugin/themepicker/icondesigner/IconDesignerManager.java
c60c79f920633f7d208afb856ffb3d3c74ff4927	refactor: reorganize project structure by replacing legacy classes with modular service and UI components.	083	sources/sources/com/tsf/shell/plugin/themepicker/icondesigner/d.java	sources/sources/com/tsf/shell/plugin/themepicker/icondesigner/IconDesignerRenderer.java
c60c79f920633f7d208afb856ffb3d3c74ff4927	refactor: reorganize project structure by replacing legacy classes with modular service and UI components.	052	sources/sources/com/tsf/shell/plugin/themepicker/indicator/a.java	sources/sources/com/tsf/shell/plugin/themepicker/indicator/ThemeIndicatorListener.java
c60c79f920633f7d208afb856ffb3d3c74ff4927	refactor: reorganize project structure by replacing legacy classes with modular service and UI components.	052	sources/sources/com/tsf/shell/plugin/themepicker/indicator/c.java	sources/sources/com/tsf/shell/plugin/themepicker/indicator/ThemeIndicatorPageChange.java
c60c79f920633f7d208afb856ffb3d3c74ff4927	refactor: reorganize project structure by replacing legacy classes with modular service and UI components.	097	sources/sources/com/tsf/shell/plugin/themepicker/indicator/b.java	sources/sources/com/tsf/shell/plugin/themepicker/indicator/ThemeIndicatorRenderer.java
c60c79f920633f7d208afb856ffb3d3c74ff4927	refactor: reorganize project structure by replacing legacy classes with modular service and UI components.	085	sources/sources/com/tsf/shell/plugin/themepicker/theme/c.java	sources/sources/com/tsf/shell/plugin/themepicker/theme/ThemeElementConfig.java
c60c79f920633f7d208afb856ffb3d3c74ff4927	refactor: reorganize project structure by replacing legacy classes with modular service and UI components.	084	sources/sources/com/tsf/shell/plugin/themepicker/theme/d.java	sources/sources/com/tsf/shell/plugin/themepicker/theme/ThemeElementData.java
c60c79f920633f7d208afb856ffb3d3c74ff4927	refactor: reorganize project structure by replacing legacy classes with modular service and UI components.	091	sources/sources/com/tsf/shell/plugin/themepicker/theme/b.java	sources/sources/com/tsf/shell/plugin/themepicker/theme/ThemeElementManager.java
c60c79f920633f7d208afb856ffb3d3c74ff4927	refactor: reorganize project structure by replacing legacy classes with modular service and UI components.	096	sources/sources/com/tsf/shell/plugin/themepicker/theme/a.java	sources/sources/com/tsf/shell/plugin/themepicker/theme/ThemeElementParser.java
c60c79f920633f7d208afb856ffb3d3c74ff4927	refactor: reorganize project structure by replacing legacy classes with modular service and UI components.	071	sources/sources/com/tsf/shell/plugin/themepicker/theme/r.java	sources/sources/com/tsf/shell/plugin/themepicker/theme/ThemeElementResult.java
c60c79f920633f7d208afb856ffb3d3c74ff4927	refactor: reorganize project structure by replacing legacy classes with modular service and UI components.	073	sources/sources/com/tsf/shell/plugin/themepicker/themepreview/k.java	sources/sources/com/tsf/shell/plugin/themepicker/themepreview/ThemePreviewConfig.java
c60c79f920633f7d208afb856ffb3d3c74ff4927	refactor: reorganize project structure by replacing legacy classes with modular service and UI components.	076	sources/sources/com/tsf/shell/plugin/themepicker/themepreview/a.java	sources/sources/com/tsf/shell/plugin/themepicker/themepreview/ThemePreviewData.java
c60c79f920633f7d208afb856ffb3d3c74ff4927	refactor: reorganize project structure by replacing legacy classes with modular service and UI components.	074	sources/sources/com/tsf/shell/plugin/themepicker/themepreview/e.java	sources/sources/com/tsf/shell/plugin/themepicker/themepreview/ThemePreviewEvent.java
c60c79f920633f7d208afb856ffb3d3c74ff4927	refactor: reorganize project structure by replacing legacy classes with modular service and UI components.	084	sources/sources/com/tsf/shell/plugin/themepicker/themepreview/b.java	sources/sources/com/tsf/shell/plugin/themepicker/themepreview/ThemePreviewManager.java
c60c79f920633f7d208afb856ffb3d3c74ff4927	refactor: reorganize project structure by replacing legacy classes with modular service and UI components.	084	sources/sources/com/tsf/shell/plugin/themepicker/themepreview/d.java	sources/sources/com/tsf/shell/plugin/themepicker/themepreview/ThemePreviewPanel.java
c60c79f920633f7d208afb856ffb3d3c74ff4927	refactor: reorganize project structure by replacing legacy classes with modular service and UI components.	083	sources/sources/com/tsf/shell/plugin/themepicker/themepreview/c.java	sources/sources/com/tsf/shell/plugin/themepicker/themepreview/ThemePreviewRenderer.java
c60c79f920633f7d208afb856ffb3d3c74ff4927	refactor: reorganize project structure by replacing legacy classes with modular service and UI components.	073	sources/sources/com/tsf/shell/plugin/themepicker/themepreview/r.java	sources/sources/com/tsf/shell/plugin/themepicker/themepreview/ThemePreviewResult.java
c60c79f920633f7d208afb856ffb3d3c74ff4927	refactor: reorganize project structure by replacing legacy classes with modular service and UI components.	091	sources/sources/com/tsf/shell/plugin/themepicker/utils/e.java	sources/sources/com/tsf/shell/plugin/themepicker/utils/ThemeUtilsConfig.java
c60c79f920633f7d208afb856ffb3d3c74ff4927	refactor: reorganize project structure by replacing legacy classes with modular service and UI components.	095	sources/sources/com/tsf/shell/plugin/themepicker/utils/h.java	sources/sources/com/tsf/shell/plugin/themepicker/utils/ThemeUtilsConstants.java
c60c79f920633f7d208afb856ffb3d3c74ff4927	refactor: reorganize project structure by replacing legacy classes with modular service and UI components.	090	sources/sources/com/tsf/shell/plugin/themepicker/utils/g.java	sources/sources/com/tsf/shell/plugin/themepicker/utils/ThemeUtilsDrawable.java
c60c79f920633f7d208afb856ffb3d3c74ff4927	refactor: reorganize project structure by replacing legacy classes with modular service and UI components.	091	sources/sources/com/tsf/shell/plugin/themepicker/utils/d.java	sources/sources/com/tsf/shell/plugin/themepicker/utils/ThemeUtilsHelper.java
c60c79f920633f7d208afb856ffb3d3c74ff4927	refactor: reorganize project structure by replacing legacy classes with modular service and UI components.	096	sources/sources/com/tsf/shell/plugin/themepicker/utils/b.java	sources/sources/com/tsf/shell/plugin/themepicker/utils/ThemeUtilsManager.java
c60c79f920633f7d208afb856ffb3d3c74ff4927	refactor: reorganize project structure by replacing legacy classes with modular service and UI components.	092	sources/sources/com/tsf/shell/plugin/themepicker/utils/a.java	sources/sources/com/tsf/shell/plugin/themepicker/utils/ThemeUtilsParser.java
c60c79f920633f7d208afb856ffb3d3c74ff4927	refactor: reorganize project structure by replacing legacy classes with modular service and UI components.	086	sources/sources/com/tsf/shell/plugin/themepicker/utils/f.java	sources/sources/com/tsf/shell/plugin/themepicker/utils/ThemeUtilsProcessor.java
c60c79f920633f7d208afb856ffb3d3c74ff4927	refactor: reorganize project structure by replacing legacy classes with modular service and UI components.	090	sources/sources/com/tsf/shell/plugin/themepicker/utils/c.java	sources/sources/com/tsf/shell/plugin/themepicker/utils/ThemeUtilsRenderer.java
c60c79f920633f7d208afb856ffb3d3c74ff4927	refactor: reorganize project structure by replacing legacy classes with modular service and UI components.	090	sources/sources/com/tsf/shell/plugin/themepicker/wallpaper/c.java	sources/sources/com/tsf/shell/plugin/themepicker/wallpaper/WallpaperConfig.java
c60c79f920633f7d208afb856ffb3d3c74ff4927	refactor: reorganize project structure by replacing legacy classes with modular service and UI components.	082	sources/sources/com/tsf/shell/plugin/themepicker/wallpaper/a.java	sources/sources/com/tsf/shell/plugin/themepicker/wallpaper/WallpaperData.java
c60c79f920633f7d208afb856ffb3d3c74ff4927	refactor: reorganize project structure by replacing legacy classes with modular service and UI components.	094	sources/sources/com/tsf/shell/plugin/themepicker/wallpaper/b.java	sources/sources/com/tsf/shell/plugin/themepicker/wallpaper/WallpaperManager.java
c60c79f920633f7d208afb856ffb3d3c74ff4927	refactor: reorganize project structure by replacing legacy classes with modular service and UI components.	093	sources/sources/com/tsf/shell/plugin/themepicker/wallpaper/d.java	sources/sources/com/tsf/shell/plugin/themepicker/wallpaper/WallpaperRenderer.java
c60c79f920633f7d208afb856ffb3d3c74ff4927	refactor: reorganize project structure by replacing legacy classes with modular service and UI components.	089	sources/sources/com/tsf/shell/plugin/widget/a.java	sources/sources/com/tsf/shell/plugin/widget/FloatingWidgetProvider.java
c60c79f920633f7d208afb856ffb3d3c74ff4927	refactor: reorganize project structure by replacing legacy classes with modular service and UI components.	096	sources/sources/com/tsf/shell/preference/a/b.java	sources/sources/com/tsf/shell/preference/a/PreferenceBaseFragment.java
c60c79f920633f7d208afb856ffb3d3c74ff4927	refactor: reorganize project structure by replacing legacy classes with modular service and UI components.	079	sources/sources/com/tsf/shell/preference/a/c.java	sources/sources/com/tsf/shell/preference/a/PreferenceConfigManager.java
c60c79f920633f7d208afb856ffb3d3c74ff4927	refactor: reorganize project structure by replacing legacy classes with modular service and UI components.	042	sources/sources/com/tsf/shell/preference/a/d.java	sources/sources/com/tsf/shell/preference/a/PreferenceDataModel.java
c60c79f920633f7d208afb856ffb3d3c74ff4927	refactor: reorganize project structure by replacing legacy classes with modular service and UI components.	085	sources/sources/com/tsf/shell/preference/a/e.java	sources/sources/com/tsf/shell/preference/a/PreferenceElementRenderer.java
c60c79f920633f7d208afb856ffb3d3c74ff4927	refactor: reorganize project structure by replacing legacy classes with modular service and UI components.	074	sources/sources/com/tsf/shell/preference/a/f.java	sources/sources/com/tsf/shell/preference/a/PreferenceFragmentBase.java
c60c79f920633f7d208afb856ffb3d3c74ff4927	refactor: reorganize project structure by replacing legacy classes with modular service and UI components.	065	sources/sources/com/tsf/shell/preference/a/i.java	sources/sources/com/tsf/shell/preference/a/PreferenceItemInterface.java
c60c79f920633f7d208afb856ffb3d3c74ff4927	refactor: reorganize project structure by replacing legacy classes with modular service and UI components.	090	sources/sources/com/tsf/shell/preference/a/A.java	sources/sources/com/tsf/shell/preference/a/PreferenceThemeProvider.java
c60c79f920633f7d208afb856ffb3d3c74ff4927	refactor: reorganize project structure by replacing legacy classes with modular service and UI components.	089	sources/sources/com/tsf/shell/preference/a/a/A.java	sources/sources/com/tsf/shell/preference/a/a/PreferenceItemA.java
c60c79f920633f7d208afb856ffb3d3c74ff4927	refactor: reorganize project structure by replacing legacy classes with modular service and UI components.	091	sources/sources/com/tsf/shell/preference/a/a/b.java	sources/sources/com/tsf/shell/preference/a/a/PreferenceItemB.java
c60c79f920633f7d208afb856ffb3d3c74ff4927	refactor: reorganize project structure by replacing legacy classes with modular service and UI components.	083	sources/sources/com/tsf/shell/preference/a/a/c.java	sources/sources/com/tsf/shell/preference/a/a/PreferenceItemC.java
c60c79f920633f7d208afb856ffb3d3c74ff4927	refactor: reorganize project structure by replacing legacy classes with modular service and UI components.	075	sources/sources/com/tsf/shell/preference/a/a/d.java	sources/sources/com/tsf/shell/preference/a/a/PreferenceItemD.java
c60c79f920633f7d208afb856ffb3d3c74ff4927	refactor: reorganize project structure by replacing legacy classes with modular service and UI components.	084	sources/sources/com/tsf/shell/preference/a/a/e.java	sources/sources/com/tsf/shell/preference/a/a/PreferenceItemE.java
c60c79f920633f7d208afb856ffb3d3c74ff4927	refactor: reorganize project structure by replacing legacy classes with modular service and UI components.	093	sources/sources/com/tsf/shell/preference/a/a/f.java	sources/sources/com/tsf/shell/preference/a/a/PreferenceItemF.java
c60c79f920633f7d208afb856ffb3d3c74ff4927	refactor: reorganize project structure by replacing legacy classes with modular service and UI components.	076	sources/sources/com/tsf/shell/preference/a/a/g.java	sources/sources/com/tsf/shell/preference/a/a/PreferenceItemG.java
c60c79f920633f7d208afb856ffb3d3c74ff4927	refactor: reorganize project structure by replacing legacy classes with modular service and UI components.	088	sources/sources/com/tsf/shell/preference/a/a/h.java	sources/sources/com/tsf/shell/preference/a/a/PreferenceItemH.java
c60c79f920633f7d208afb856ffb3d3c74ff4927	refactor: reorganize project structure by replacing legacy classes with modular service and UI components.	092	sources/sources/com/tsf/shell/preference/a/a/a/a.java	sources/sources/com/tsf/shell/preference/a/a/a/PreferenceSettingA.java
c60c79f920633f7d208afb856ffb3d3c74ff4927	refactor: reorganize project structure by replacing legacy classes with modular service and UI components.	090	sources/sources/com/tsf/shell/preference/a/a/a/b.java	sources/sources/com/tsf/shell/preference/a/a/a/PreferenceSettingB.java
c60c79f920633f7d208afb856ffb3d3c74ff4927	refactor: reorganize project structure by replacing legacy classes with modular service and UI components.	097	sources/sources/com/tsf/shell/preference/a/a/a/h.java	sources/sources/com/tsf/shell/preference/a/a/a/PreferenceSettingBase.java
c60c79f920633f7d208afb856ffb3d3c74ff4927	refactor: reorganize project structure by replacing legacy classes with modular service and UI components.	077	sources/sources/com/tsf/shell/preference/a/a/a/c.java	sources/sources/com/tsf/shell/preference/a/a/a/PreferenceSettingC.java
c60c79f920633f7d208afb856ffb3d3c74ff4927	refactor: reorganize project structure by replacing legacy classes with modular service and UI components.	090	sources/sources/com/tsf/shell/preference/a/a/a/d.java	sources/sources/com/tsf/shell/preference/a/a/a/PreferenceSettingD.java
c60c79f920633f7d208afb856ffb3d3c74ff4927	refactor: reorganize project structure by replacing legacy classes with modular service and UI components.	072	sources/sources/com/tsf/shell/preference/a/a/a/e.java	sources/sources/com/tsf/shell/preference/a/a/a/PreferenceSettingE.java
c60c79f920633f7d208afb856ffb3d3c74ff4927	refactor: reorganize project structure by replacing legacy classes with modular service and UI components.	079	sources/sources/com/tsf/shell/preference/a/a/a/f.java	sources/sources/com/tsf/shell/preference/a/a/a/PreferenceSettingF.java
c60c79f920633f7d208afb856ffb3d3c74ff4927	refactor: reorganize project structure by replacing legacy classes with modular service and UI components.	080	sources/sources/com/tsf/shell/preference/a/a/a/g.java	sources/sources/com/tsf/shell/preference/a/a/a/PreferenceSettingG.java
c60c79f920633f7d208afb856ffb3d3c74ff4927	refactor: reorganize project structure by replacing legacy classes with modular service and UI components.	088	sources/sources/com/tsf/shell/preference/a/a/a/i.java	sources/sources/com/tsf/shell/preference/a/a/a/PreferenceSettingI.java
c60c79f920633f7d208afb856ffb3d3c74ff4927	refactor: reorganize project structure by replacing legacy classes with modular service and UI components.	094	sources/sources/com/tsf/shell/preference/a/a/a/j.java	sources/sources/com/tsf/shell/preference/a/a/a/PreferenceSettingJ.java
c60c79f920633f7d208afb856ffb3d3c74ff4927	refactor: reorganize project structure by replacing legacy classes with modular service and UI components.	069	sources/sources/com/tsf/shell/preference/a/a/a/k.java	sources/sources/com/tsf/shell/preference/a/a/a/PreferenceSettingK.java
c60c79f920633f7d208afb856ffb3d3c74ff4927	refactor: reorganize project structure by replacing legacy classes with modular service and UI components.	047	sources/sources/com/tsf/shell/preference/a/a/a/l.java	sources/sources/com/tsf/shell/preference/a/a/a/PreferenceSettingL.java
c60c79f920633f7d208afb856ffb3d3c74ff4927	refactor: reorganize project structure by replacing legacy classes with modular service and UI components.	089	sources/sources/com/tsf/shell/preference/widget/a.java	sources/sources/com/tsf/shell/preference/widget/WidgetPreferenceHelper.java
c60c79f920633f7d208afb856ffb3d3c74ff4927	refactor: reorganize project structure by replacing legacy classes with modular service and UI components.	075	sources/sources/com/tsf/shell/theme/inside/mix/menu/item/a.java	sources/sources/com/tsf/shell/theme/inside/mix/menu/item/ThemeMenuItem.java
c60c79f920633f7d208afb856ffb3d3c74ff4927	refactor: reorganize project structure by replacing legacy classes with modular service and UI components.	071	sources/sources/com/tsf/shell/theme/inside/mix/menu/item/detail/d.java	sources/sources/com/tsf/shell/theme/inside/mix/menu/item/detail/ThemeMenuDetailData.java
c60c79f920633f7d208afb856ffb3d3c74ff4927	refactor: reorganize project structure by replacing legacy classes with modular service and UI components.	096	sources/sources/com/tsf/shell/widget/a/g.java	sources/sources/com/tsf/shell/widget/a/WidgetCanvas.java
c60c79f920633f7d208afb856ffb3d3c74ff4927	refactor: reorganize project structure by replacing legacy classes with modular service and UI components.	091	sources/sources/com/tsf/shell/widget/a/b.java	sources/sources/com/tsf/shell/widget/a/WidgetConfig.java
c60c79f920633f7d208afb856ffb3d3c74ff4927	refactor: reorganize project structure by replacing legacy classes with modular service and UI components.	063	sources/sources/com/tsf/shell/widget/a/k.java	sources/sources/com/tsf/shell/widget/a/WidgetConstants.java
c60c79f920633f7d208afb856ffb3d3c74ff4927	refactor: reorganize project structure by replacing legacy classes with modular service and UI components.	071	sources/sources/com/tsf/shell/widget/a/e.java	sources/sources/com/tsf/shell/widget/a/WidgetContainer.java
c60c79f920633f7d208afb856ffb3d3c74ff4927	refactor: reorganize project structure by replacing legacy classes with modular service and UI components.	098	sources/sources/com/tsf/shell/widget/a/j.java	sources/sources/com/tsf/shell/widget/a/WidgetDataProvider.java
c60c79f920633f7d208afb856ffb3d3c74ff4927	refactor: reorganize project structure by replacing legacy classes with modular service and UI components.	093	sources/sources/com/tsf/shell/widget/a/i.java	sources/sources/com/tsf/shell/widget/a/WidgetElementBase.java
c60c79f920633f7d208afb856ffb3d3c74ff4927	refactor: reorganize project structure by replacing legacy classes with modular service and UI components.	086	sources/sources/com/tsf/shell/widget/a/f.java	sources/sources/com/tsf/shell/widget/a/WidgetEvent.java
c60c79f920633f7d208afb856ffb3d3c74ff4927	refactor: reorganize project structure by replacing legacy classes with modular service and UI components.	097	sources/sources/com/tsf/shell/widget/a/d.java	sources/sources/com/tsf/shell/widget/a/WidgetLabelElement.java
c60c79f920633f7d208afb856ffb3d3c74ff4927	refactor: reorganize project structure by replacing legacy classes with modular service and UI components.	093	sources/sources/com/tsf/shell/widget/a/A.java	sources/sources/com/tsf/shell/widget/a/WidgetPanelBase.java
c60c79f920633f7d208afb856ffb3d3c74ff4927	refactor: reorganize project structure by replacing legacy classes with modular service and UI components.	098	sources/sources/com/tsf/shell/widget/a/h.java	sources/sources/com/tsf/shell/widget/a/WidgetResources.java
c60c79f920633f7d208afb856ffb3d3c74ff4927	refactor: reorganize project structure by replacing legacy classes with modular service and UI components.	084	sources/sources/com/tsf/shell/widget/a/c.java	sources/sources/com/tsf/shell/widget/a/WidgetState.java
c60c79f920633f7d208afb856ffb3d3c74ff4927	refactor: reorganize project structure by replacing legacy classes with modular service and UI components.	095	sources/sources/com/tsf/shell/widget/a/a/a.java	sources/sources/com/tsf/shell/widget/a/a/WidgetVisualNode.java
c60c79f920633f7d208afb856ffb3d3c74ff4927	refactor: reorganize project structure by replacing legacy classes with modular service and UI components.	095	sources/sources/com/tsf/shell/widget/a/a/c.java	sources/sources/com/tsf/shell/widget/a/a/WidgetVisualRenderer.java
c60c79f920633f7d208afb856ffb3d3c74ff4927	refactor: reorganize project structure by replacing legacy classes with modular service and UI components.	066	sources/sources/com/tsf/shell/widget/a/a/b.java	sources/sources/com/tsf/shell/widget/a/a/WidgetVisualState.java
c60c79f920633f7d208afb856ffb3d3c74ff4927	refactor: reorganize project structure by replacing legacy classes with modular service and UI components.	082	sources/sources/com/tsf/shell/widget/alarm/j.java	sources/sources/com/tsf/shell/widget/alarm/AlarmButton.java
c60c79f920633f7d208afb856ffb3d3c74ff4927	refactor: reorganize project structure by replacing legacy classes with modular service and UI components.	077	sources/sources/com/tsf/shell/widget/alarm/r.java	sources/sources/com/tsf/shell/widget/alarm/AlarmClickEvent.java
c60c79f920633f7d208afb856ffb3d3c74ff4927	refactor: reorganize project structure by replacing legacy classes with modular service and UI components.	041	sources/sources/com/tsf/shell/widget/alarm/n.java	sources/sources/com/tsf/shell/widget/alarm/AlarmConfig.java
c60c79f920633f7d208afb856ffb3d3c74ff4927	refactor: reorganize project structure by replacing legacy classes with modular service and UI components.	083	sources/sources/com/tsf/shell/widget/alarm/C.java	sources/sources/com/tsf/shell/widget/alarm/AlarmConstants.java
c60c79f920633f7d208afb856ffb3d3c74ff4927	refactor: reorganize project structure by replacing legacy classes with modular service and UI components.	073	sources/sources/com/tsf/shell/widget/alarm/A.java	sources/sources/com/tsf/shell/widget/alarm/AlarmContainer.java
c60c79f920633f7d208afb856ffb3d3c74ff4927	refactor: reorganize project structure by replacing legacy classes with modular service and UI components.	096	sources/sources/com/tsf/shell/widget/alarm/e.java	sources/sources/com/tsf/shell/widget/alarm/AlarmDataProvider.java
c60c79f920633f7d208afb856ffb3d3c74ff4927	refactor: reorganize project structure by replacing legacy classes with modular service and UI components.	091	sources/sources/com/tsf/shell/widget/alarm/D.java	sources/sources/com/tsf/shell/widget/alarm/AlarmDataUtils.java
c60c79f920633f7d208afb856ffb3d3c74ff4927	refactor: reorganize project structure by replacing legacy classes with modular service and UI components.	089	sources/sources/com/tsf/shell/widget/alarm/h.java	sources/sources/com/tsf/shell/widget/alarm/AlarmIndicator.java
c60c79f920633f7d208afb856ffb3d3c74ff4927	refactor: reorganize project structure by replacing legacy classes with modular service and UI components.	081	sources/sources/com/tsf/shell/widget/alarm/l.java	sources/sources/com/tsf/shell/widget/alarm/AlarmMeshRenderer.java
c60c79f920633f7d208afb856ffb3d3c74ff4927	refactor: reorganize project structure by replacing legacy classes with modular service and UI components.	069	sources/sources/com/tsf/shell/widget/alarm/g.java	sources/sources/com/tsf/shell/widget/alarm/AlarmPanel.java
c60c79f920633f7d208afb856ffb3d3c74ff4927	refactor: reorganize project structure by replacing legacy classes with modular service and UI components.	077	sources/sources/com/tsf/shell/widget/alarm/f.java	sources/sources/com/tsf/shell/widget/alarm/AlarmRenderer.java
c60c79f920633f7d208afb856ffb3d3c74ff4927	refactor: reorganize project structure by replacing legacy classes with modular service and UI components.	099	sources/sources/com/tsf/shell/widget/alarm/m.java	sources/sources/com/tsf/shell/widget/alarm/AlarmResources.java
c60c79f920633f7d208afb856ffb3d3c74ff4927	refactor: reorganize project structure by replacing legacy classes with modular service and UI components.	097	sources/sources/com/tsf/shell/widget/alarm/B.java	sources/sources/com/tsf/shell/widget/alarm/AlarmRoundRect.java
c60c79f920633f7d208afb856ffb3d3c74ff4927	refactor: reorganize project structure by replacing legacy classes with modular service and UI components.	092	sources/sources/com/tsf/shell/widget/alarm/q.java	sources/sources/com/tsf/shell/widget/alarm/AlarmSettingButton.java
c60c79f920633f7d208afb856ffb3d3c74ff4927	refactor: reorganize project structure by replacing legacy classes with modular service and UI components.	093	sources/sources/com/tsf/shell/widget/alarm/i.java	sources/sources/com/tsf/shell/widget/alarm/AlarmState.java
c60c79f920633f7d208afb856ffb3d3c74ff4927	refactor: reorganize project structure by replacing legacy classes with modular service and UI components.	088	sources/sources/com/tsf/shell/widget/alarm/o.java	sources/sources/com/tsf/shell/widget/alarm/AlarmThemeProvider.java
c60c79f920633f7d208afb856ffb3d3c74ff4927	refactor: reorganize project structure by replacing legacy classes with modular service and UI components.	093	sources/sources/com/tsf/shell/widget/alarm/p.java	sources/sources/com/tsf/shell/widget/alarm/AlarmTouchManager.java
c60c79f920633f7d208afb856ffb3d3c74ff4927	refactor: reorganize project structure by replacing legacy classes with modular service and UI components.	091	sources/sources/com/tsf/shell/widget/alarm/k.java	sources/sources/com/tsf/shell/widget/alarm/AlarmTransformNode.java
c60c79f920633f7d208afb856ffb3d3c74ff4927	refactor: reorganize project structure by replacing legacy classes with modular service and UI components.	095	sources/sources/com/tsf/shell/widget/alarm/a/a.java	sources/sources/com/tsf/shell/widget/alarm/a/AlarmIntentReceiver.java
c60c79f920633f7d208afb856ffb3d3c74ff4927	refactor: reorganize project structure by replacing legacy classes with modular service and UI components.	045	sources/sources/com/tsf/shell/widget/alarm/b/a.java	sources/sources/com/tsf/shell/widget/alarm/b/AlarmDataBase.java
c60c79f920633f7d208afb856ffb3d3c74ff4927	refactor: reorganize project structure by replacing legacy classes with modular service and UI components.	056	sources/sources/com/tsf/shell/widget/alarm/b/c.java	sources/sources/com/tsf/shell/widget/alarm/b/AlarmDataCursor.java
c60c79f920633f7d208afb856ffb3d3c74ff4927	refactor: reorganize project structure by replacing legacy classes with modular service and UI components.	095	sources/sources/com/tsf/shell/widget/alarm/b/e.java	sources/sources/com/tsf/shell/widget/alarm/b/AlarmDataEntry.java
c60c79f920633f7d208afb856ffb3d3c74ff4927	refactor: reorganize project structure by replacing legacy classes with modular service and UI components.	070	sources/sources/com/tsf/shell/widget/alarm/b/f.java	sources/sources/com/tsf/shell/widget/alarm/b/AlarmDataFilter.java
c60c79f920633f7d208afb856ffb3d3c74ff4927	refactor: reorganize project structure by replacing legacy classes with modular service and UI components.	080	sources/sources/com/tsf/shell/widget/alarm/b/d.java	sources/sources/com/tsf/shell/widget/alarm/b/AlarmDataManager.java
c60c79f920633f7d208afb856ffb3d3c74ff4927	refactor: reorganize project structure by replacing legacy classes with modular service and UI components.	076	sources/sources/com/tsf/shell/widget/alarm/b/b.java	sources/sources/com/tsf/shell/widget/alarm/b/AlarmDataQuery.java
c60c79f920633f7d208afb856ffb3d3c74ff4927	refactor: reorganize project structure by replacing legacy classes with modular service and UI components.	080	sources/sources/com/tsf/shell/widget/alarm/c/a.java	sources/sources/com/tsf/shell/widget/alarm/c/AlarmComponentContainer.java
c60c79f920633f7d208afb856ffb3d3c74ff4927	refactor: reorganize project structure by replacing legacy classes with modular service and UI components.	092	sources/sources/com/tsf/shell/widget/alarm/c/e.java	sources/sources/com/tsf/shell/widget/alarm/c/AlarmComponentEvent.java
c60c79f920633f7d208afb856ffb3d3c74ff4927	refactor: reorganize project structure by replacing legacy classes with modular service and UI components.	061	sources/sources/com/tsf/shell/widget/alarm/c/b.java	sources/sources/com/tsf/shell/widget/alarm/c/AlarmComponentListener.java
c60c79f920633f7d208afb856ffb3d3c74ff4927	refactor: reorganize project structure by replacing legacy classes with modular service and UI components.	090	sources/sources/com/tsf/shell/widget/alarm/c/d.java	sources/sources/com/tsf/shell/widget/alarm/c/AlarmComponentPanel.java
c60c79f920633f7d208afb856ffb3d3c74ff4927	refactor: reorganize project structure by replacing legacy classes with modular service and UI components.	088	sources/sources/com/tsf/shell/widget/alarm/c/c.java	sources/sources/com/tsf/shell/widget/alarm/c/AlarmComponentProvider.java
c60c79f920633f7d208afb856ffb3d3c74ff4927	refactor: reorganize project structure by replacing legacy classes with modular service and UI components.	095	sources/sources/com/tsf/shell/widget/alarm/d/B.java	sources/sources/com/tsf/shell/widget/alarm/d/AlarmConfigBase.java
c60c79f920633f7d208afb856ffb3d3c74ff4927	refactor: reorganize project structure by replacing legacy classes with modular service and UI components.	071	sources/sources/com/tsf/shell/widget/alarm/d/c.java	sources/sources/com/tsf/shell/widget/alarm/d/AlarmConfigDefault.java
c60c79f920633f7d208afb856ffb3d3c74ff4927	refactor: reorganize project structure by replacing legacy classes with modular service and UI components.	051	sources/sources/com/tsf/shell/widget/alarm/d/A.java	sources/sources/com/tsf/shell/widget/alarm/d/AlarmConfigEmpty.java
c60c79f920633f7d208afb856ffb3d3c74ff4927	refactor: reorganize project structure by replacing legacy classes with modular service and UI components.	098	sources/sources/com/tsf/shell/widget/alarm/d/d.java	sources/sources/com/tsf/shell/widget/alarm/d/AlarmConfigManager.java
c60c79f920633f7d208afb856ffb3d3c74ff4927	refactor: reorganize project structure by replacing legacy classes with modular service and UI components.	089	sources/sources/com/tsf/shell/widget/alarm/d/a/b.java	sources/sources/com/tsf/shell/widget/alarm/d/a/AlarmConfigDefaultHandler.java
c60c79f920633f7d208afb856ffb3d3c74ff4927	refactor: reorganize project structure by replacing legacy classes with modular service and UI components.	065	sources/sources/com/tsf/shell/widget/alarm/d/a/a.java	sources/sources/com/tsf/shell/widget/alarm/d/a/AlarmConfigParser.java
c60c79f920633f7d208afb856ffb3d3c74ff4927	refactor: reorganize project structure by replacing legacy classes with modular service and UI components.	076	sources/sources/com/tsf/shell/widget/alarm/d/a/c.java	sources/sources/com/tsf/shell/widget/alarm/d/a/AlarmConfigThemeHandler.java
c60c79f920633f7d208afb856ffb3d3c74ff4927	refactor: reorganize project structure by replacing legacy classes with modular service and UI components.	095	sources/sources/com/tsf/shell/widget/alarm/d/b/a.java	sources/sources/com/tsf/shell/widget/alarm/d/b/AlarmConfigData.java
c60c79f920633f7d208afb856ffb3d3c74ff4927	refactor: reorganize project structure by replacing legacy classes with modular service and UI components.	072	sources/sources/com/tsf/shell/widget/alarm/d/b/b.java	sources/sources/com/tsf/shell/widget/alarm/d/b/AlarmConfigException.java
c60c79f920633f7d208afb856ffb3d3c74ff4927	refactor: reorganize project structure by replacing legacy classes with modular service and UI components.	079	sources/sources/com/tsf/shell/widget/alarm/provider/a.java	sources/sources/com/tsf/shell/widget/alarm/provider/AlarmProviderContract.java
c60c79f920633f7d208afb856ffb3d3c74ff4927	refactor: reorganize project structure by replacing legacy classes with modular service and UI components.	070	sources/sources/com/tsf/shell/widget/alarm/provider/b.java	sources/sources/com/tsf/shell/widget/alarm/provider/AlarmProviderHelper.java
c60c79f920633f7d208afb856ffb3d3c74ff4927	refactor: reorganize project structure by replacing legacy classes with modular service and UI components.	078	sources/sources/com/tsf/shell/widget/alarm/service/c.java	sources/sources/com/tsf/shell/widget/alarm/service/AlarmServiceBinder.java
c60c79f920633f7d208afb856ffb3d3c74ff4927	refactor: reorganize project structure by replacing legacy classes with modular service and UI components.	086	sources/sources/com/tsf/shell/widget/alarm/service/b.java	sources/sources/com/tsf/shell/widget/alarm/service/IAlarmCallback.java
c60c79f920633f7d208afb856ffb3d3c74ff4927	refactor: reorganize project structure by replacing legacy classes with modular service and UI components.	089	sources/sources/com/tsf/shell/widget/alarm/service/a.java	sources/sources/com/tsf/shell/widget/alarm/service/IAlarmService.java
c60c79f920633f7d208afb856ffb3d3c74ff4927	refactor: reorganize project structure by replacing legacy classes with modular service and UI components.	079	sources/sources/com/tsf/shell/widget/alarm/setting/a.java	sources/sources/com/tsf/shell/widget/alarm/setting/AlarmSettingAdapter.java
c60c79f920633f7d208afb856ffb3d3c74ff4927	refactor: reorganize project structure by replacing legacy classes with modular service and UI components.	087	sources/sources/com/tsf/shell/widget/alarm/setting/b.java	sources/sources/com/tsf/shell/widget/alarm/setting/AlarmSettingController.java
c60c79f920633f7d208afb856ffb3d3c74ff4927	refactor: reorganize project structure by replacing legacy classes with modular service and UI components.	065	sources/sources/com/tsf/shell/widget/alarm/setting/d.java	sources/sources/com/tsf/shell/widget/alarm/setting/AlarmSettingData.java
c60c79f920633f7d208afb856ffb3d3c74ff4927	refactor: reorganize project structure by replacing legacy classes with modular service and UI components.	080	sources/sources/com/tsf/shell/widget/alarm/setting/c.java	sources/sources/com/tsf/shell/widget/alarm/setting/AlarmSettingFragment.java
c60c79f920633f7d208afb856ffb3d3c74ff4927	refactor: reorganize project structure by replacing legacy classes with modular service and UI components.	065	sources/sources/com/tsf/shell/widget/alarm/setting/e.java	sources/sources/com/tsf/shell/widget/alarm/setting/AlarmSettingTheme.java
c60c79f920633f7d208afb856ffb3d3c74ff4927	refactor: reorganize project structure by replacing legacy classes with modular service and UI components.	062	sources/sources/com/tsf/shell/widget/cubeclock/m.java	sources/sources/com/tsf/shell/widget/cubeclock/CubeClockAlarmElement.java
c60c79f920633f7d208afb856ffb3d3c74ff4927	refactor: reorganize project structure by replacing legacy classes with modular service and UI components.	059	sources/sources/com/tsf/shell/widget/cubeclock/u.java	sources/sources/com/tsf/shell/widget/cubeclock/CubeClockBatteryElement.java
c60c79f920633f7d208afb856ffb3d3c74ff4927	refactor: reorganize project structure by replacing legacy classes with modular service and UI components.	082	sources/sources/com/tsf/shell/widget/cubeclock/g.java	sources/sources/com/tsf/shell/widget/cubeclock/CubeClockConfigBase.java
c60c79f920633f7d208afb856ffb3d3c74ff4927	refactor: reorganize project structure by replacing legacy classes with modular service and UI components.	093	sources/sources/com/tsf/shell/widget/cubeclock/f.java	sources/sources/com/tsf/shell/widget/cubeclock/CubeClockContainer.java
c60c79f920633f7d208afb856ffb3d3c74ff4927	refactor: reorganize project structure by replacing legacy classes with modular service and UI components.	064	sources/sources/com/tsf/shell/widget/cubeclock/t.java	sources/sources/com/tsf/shell/widget/cubeclock/CubeClockData.java
c60c79f920633f7d208afb856ffb3d3c74ff4927	refactor: reorganize project structure by replacing legacy classes with modular service and UI components.	067	sources/sources/com/tsf/shell/widget/cubeclock/i.java	sources/sources/com/tsf/shell/widget/cubeclock/CubeClockDateElement.java
c60c79f920633f7d208afb856ffb3d3c74ff4927	refactor: reorganize project structure by replacing legacy classes with modular service and UI components.	082	sources/sources/com/tsf/shell/widget/cubeclock/b.java	sources/sources/com/tsf/shell/widget/cubeclock/CubeClockDigitFace.java
c60c79f920633f7d208afb856ffb3d3c74ff4927	refactor: reorganize project structure by replacing legacy classes with modular service and UI components.	074	sources/sources/com/tsf/shell/widget/cubeclock/A.java	sources/sources/com/tsf/shell/widget/cubeclock/CubeClockDigital.java
c60c79f920633f7d208afb856ffb3d3c74ff4927	refactor: reorganize project structure by replacing legacy classes with modular service and UI components.	092	sources/sources/com/tsf/shell/widget/cubeclock/e.java	sources/sources/com/tsf/shell/widget/cubeclock/CubeClockElementBase.java
c60c79f920633f7d208afb856ffb3d3c74ff4927	refactor: reorganize project structure by replacing legacy classes with modular service and UI components.	086	sources/sources/com/tsf/shell/widget/cubeclock/j.java	sources/sources/com/tsf/shell/widget/cubeclock/CubeClockEmpty.java
c60c79f920633f7d208afb856ffb3d3c74ff4927	refactor: reorganize project structure by replacing legacy classes with modular service and UI components.	071	sources/sources/com/tsf/shell/widget/cubeclock/c.java	sources/sources/com/tsf/shell/widget/cubeclock/CubeClockFace.java
c60c79f920633f7d208afb856ffb3d3c74ff4927	refactor: reorganize project structure by replacing legacy classes with modular service and UI components.	091	sources/sources/com/tsf/shell/widget/cubeclock/r.java	sources/sources/com/tsf/shell/widget/cubeclock/CubeClockFaceConfig.java
c60c79f920633f7d208afb856ffb3d3c74ff4927	refactor: reorganize project structure by replacing legacy classes with modular service and UI components.	083	sources/sources/com/tsf/shell/widget/cubeclock/s.java	sources/sources/com/tsf/shell/widget/cubeclock/CubeClockMusicFace.java
c60c79f920633f7d208afb856ffb3d3c74ff4927	refactor: reorganize project structure by replacing legacy classes with modular service and UI components.	099	sources/sources/com/tsf/shell/widget/cubeclock/d.java	sources/sources/com/tsf/shell/widget/cubeclock/CubeClockPanel.java
c60c79f920633f7d208afb856ffb3d3c74ff4927	refactor: reorganize project structure by replacing legacy classes with modular service and UI components.	081	sources/sources/com/tsf/shell/widget/cubeclock/k.java	sources/sources/com/tsf/shell/widget/cubeclock/CubeClockRenderer.java
c60c79f920633f7d208afb856ffb3d3c74ff4927	refactor: reorganize project structure by replacing legacy classes with modular service and UI components.	099	sources/sources/com/tsf/shell/widget/cubeclock/o.java	sources/sources/com/tsf/shell/widget/cubeclock/CubeClockResources.java
c60c79f920633f7d208afb856ffb3d3c74ff4927	refactor: reorganize project structure by replacing legacy classes with modular service and UI components.	060	sources/sources/com/tsf/shell/widget/cubeclock/l.java	sources/sources/com/tsf/shell/widget/cubeclock/CubeClockSecondsElement.java
c60c79f920633f7d208afb856ffb3d3c74ff4927	refactor: reorganize project structure by replacing legacy classes with modular service and UI components.	062	sources/sources/com/tsf/shell/widget/cubeclock/h.java	sources/sources/com/tsf/shell/widget/cubeclock/CubeClockSmallElement.java
c60c79f920633f7d208afb856ffb3d3c74ff4927	refactor: reorganize project structure by replacing legacy classes with modular service and UI components.	091	sources/sources/com/tsf/shell/widget/cubeclock/q.java	sources/sources/com/tsf/shell/widget/cubeclock/CubeClockTouchHandler.java
c60c79f920633f7d208afb856ffb3d3c74ff4927	refactor: reorganize project structure by replacing legacy classes with modular service and UI components.	082	sources/sources/com/tsf/shell/widget/cubeclock/n.java	sources/sources/com/tsf/shell/widget/cubeclock/CubeClockWeatherFace.java
c60c79f920633f7d208afb856ffb3d3c74ff4927	refactor: reorganize project structure by replacing legacy classes with modular service and UI components.	090	sources/sources/com/tsf/shell/widget/cubeclock/p.java	sources/sources/com/tsf/shell/widget/cubeclock/CubeClockWidgetFace.java
c60c79f920633f7d208afb856ffb3d3c74ff4927	refactor: reorganize project structure by replacing legacy classes with modular service and UI components.	092	sources/sources/com/tsf/shell/widget/cubeclock/a/a.java	sources/sources/com/tsf/shell/widget/cubeclock/a/CubeClockDefaultFace.java
c60c79f920633f7d208afb856ffb3d3c74ff4927	refactor: reorganize project structure by replacing legacy classes with modular service and UI components.	097	sources/sources/com/tsf/shell/widget/cubeclock/a/b.java	sources/sources/com/tsf/shell/widget/cubeclock/a/CubeClockThemedFace.java
c60c79f920633f7d208afb856ffb3d3c74ff4927	refactor: reorganize project structure by replacing legacy classes with modular service and UI components.	053	sources/sources/com/tsf/shell/widget/cubeclock/provider/b.java	sources/sources/com/tsf/shell/widget/cubeclock/provider/CubeClockProviderContract.java
c60c79f920633f7d208afb856ffb3d3c74ff4927	refactor: reorganize project structure by replacing legacy classes with modular service and UI components.	088	sources/sources/com/tsf/shell/widget/cubeclock/provider/a.java	sources/sources/com/tsf/shell/widget/cubeclock/provider/CubeClockProviderHelper.java
6c6cc1bfe675a629149401131aecc48dddabccb8	refactor: restructure shell framework components by introducing scene nodes and alignment engine while pruning legacy classes	088	sources/sources/com/tsf/shell/f/c/A.java	sources/sources/com/tsf/shell/f/c/DrawerPanelController.java
6c6cc1bfe675a629149401131aecc48dddabccb8	refactor: restructure shell framework components by introducing scene nodes and alignment engine while pruning legacy classes	090	sources/sources/com/tsf/shell/f/c/a/h.java	sources/sources/com/tsf/shell/f/c/a/DrawerConfig.java
6c6cc1bfe675a629149401131aecc48dddabccb8	refactor: restructure shell framework components by introducing scene nodes and alignment engine while pruning legacy classes	091	sources/sources/com/tsf/shell/f/c/a/f.java	sources/sources/com/tsf/shell/f/c/a/DrawerContentPanel.java
6c6cc1bfe675a629149401131aecc48dddabccb8	refactor: restructure shell framework components by introducing scene nodes and alignment engine while pruning legacy classes	086	sources/sources/com/tsf/shell/f/c/a/e.java	sources/sources/com/tsf/shell/f/c/a/DrawerEditPanel.java
6c6cc1bfe675a629149401131aecc48dddabccb8	refactor: restructure shell framework components by introducing scene nodes and alignment engine while pruning legacy classes	092	sources/sources/com/tsf/shell/f/c/a/c.java	sources/sources/com/tsf/shell/f/c/a/DrawerItemView.java
6c6cc1bfe675a629149401131aecc48dddabccb8	refactor: restructure shell framework components by introducing scene nodes and alignment engine while pruning legacy classes	089	sources/sources/com/tsf/shell/f/c/a/B.java	sources/sources/com/tsf/shell/f/c/a/DrawerMenuPanel.java
6c6cc1bfe675a629149401131aecc48dddabccb8	refactor: restructure shell framework components by introducing scene nodes and alignment engine while pruning legacy classes	098	sources/sources/com/tsf/shell/f/c/a/g.java	sources/sources/com/tsf/shell/f/c/a/DrawerSettingsItem.java
6c6cc1bfe675a629149401131aecc48dddabccb8	refactor: restructure shell framework components by introducing scene nodes and alignment engine while pruning legacy classes	095	sources/sources/com/tsf/shell/f/c/a/d.java	sources/sources/com/tsf/shell/f/c/a/DrawerState.java
6c6cc1bfe675a629149401131aecc48dddabccb8	refactor: restructure shell framework components by introducing scene nodes and alignment engine while pruning legacy classes	098	sources/sources/com/tsf/shell/f/c/a/A.java	sources/sources/com/tsf/shell/f/c/a/DrawerTouchHandler.java
6c6cc1bfe675a629149401131aecc48dddabccb8	refactor: restructure shell framework components by introducing scene nodes and alignment engine while pruning legacy classes	074	sources/sources/com/tsf/shell/f/c/a/a/a.java	sources/sources/com/tsf/shell/f/c/a/a/DrawerAnimConfig.java
6c6cc1bfe675a629149401131aecc48dddabccb8	refactor: restructure shell framework components by introducing scene nodes and alignment engine while pruning legacy classes	072	sources/sources/com/tsf/shell/f/c/a/a/i.java	sources/sources/com/tsf/shell/f/c/a/a/DrawerAnimParamBase.java
6c6cc1bfe675a629149401131aecc48dddabccb8	refactor: restructure shell framework components by introducing scene nodes and alignment engine while pruning legacy classes	076	sources/sources/com/tsf/shell/f/c/a/a/b.java	sources/sources/com/tsf/shell/f/c/a/a/DrawerAnimParamBottom.java
6c6cc1bfe675a629149401131aecc48dddabccb8	refactor: restructure shell framework components by introducing scene nodes and alignment engine while pruning legacy classes	076	sources/sources/com/tsf/shell/f/c/a/a/e.java	sources/sources/com/tsf/shell/f/c/a/a/DrawerAnimParamCenter.java
6c6cc1bfe675a629149401131aecc48dddabccb8	refactor: restructure shell framework components by introducing scene nodes and alignment engine while pruning legacy classes	058	sources/sources/com/tsf/shell/f/c/a/a/h.java	sources/sources/com/tsf/shell/f/c/a/a/DrawerAnimParamCorner.java
6c6cc1bfe675a629149401131aecc48dddabccb8	refactor: restructure shell framework components by introducing scene nodes and alignment engine while pruning legacy classes	057	sources/sources/com/tsf/shell/f/c/a/a/g.java	sources/sources/com/tsf/shell/f/c/a/a/DrawerAnimParamEdge.java
6c6cc1bfe675a629149401131aecc48dddabccb8	refactor: restructure shell framework components by introducing scene nodes and alignment engine while pruning legacy classes	068	sources/sources/com/tsf/shell/f/c/a/a/d.java	sources/sources/com/tsf/shell/f/c/a/a/DrawerAnimParamLeft.java
6c6cc1bfe675a629149401131aecc48dddabccb8	refactor: restructure shell framework components by introducing scene nodes and alignment engine while pruning legacy classes	076	sources/sources/com/tsf/shell/f/c/a/a/f.java	sources/sources/com/tsf/shell/f/c/a/a/DrawerAnimParamRight.java
6c6cc1bfe675a629149401131aecc48dddabccb8	refactor: restructure shell framework components by introducing scene nodes and alignment engine while pruning legacy classes	076	sources/sources/com/tsf/shell/f/c/a/a/c.java	sources/sources/com/tsf/shell/f/c/a/a/DrawerAnimParamTop.java
6c6cc1bfe675a629149401131aecc48dddabccb8	refactor: restructure shell framework components by introducing scene nodes and alignment engine while pruning legacy classes	089	sources/sources/com/tsf/shell/f/c/b/d.java	sources/sources/com/tsf/shell/f/c/b/DrawerItemLayout.java
6c6cc1bfe675a629149401131aecc48dddabccb8	refactor: restructure shell framework components by introducing scene nodes and alignment engine while pruning legacy classes	093	sources/sources/com/tsf/shell/f/c/b/c.java	sources/sources/com/tsf/shell/f/c/b/DrawerSettingsBase.java
6c6cc1bfe675a629149401131aecc48dddabccb8	refactor: restructure shell framework components by introducing scene nodes and alignment engine while pruning legacy classes	078	sources/sources/com/tsf/shell/f/c/b/f.java	sources/sources/com/tsf/shell/f/c/b/DrawerSettingsConfig.java
6c6cc1bfe675a629149401131aecc48dddabccb8	refactor: restructure shell framework components by introducing scene nodes and alignment engine while pruning legacy classes	096	sources/sources/com/tsf/shell/f/c/b/b.java	sources/sources/com/tsf/shell/f/c/b/DrawerSettingsData.java
6c6cc1bfe675a629149401131aecc48dddabccb8	refactor: restructure shell framework components by introducing scene nodes and alignment engine while pruning legacy classes	084	sources/sources/com/tsf/shell/f/c/b/A.java	sources/sources/com/tsf/shell/f/c/b/DrawerSettingsItemType.java
6c6cc1bfe675a629149401131aecc48dddabccb8	refactor: restructure shell framework components by introducing scene nodes and alignment engine while pruning legacy classes	088	sources/sources/com/tsf/shell/f/c/b/e.java	sources/sources/com/tsf/shell/f/c/b/DrawerSettingsPanel.java
6c6cc1bfe675a629149401131aecc48dddabccb8	refactor: restructure shell framework components by introducing scene nodes and alignment engine while pruning legacy classes	077	sources/sources/com/tsf/shell/f/c/b/a/b.java	sources/sources/com/tsf/shell/f/c/b/a/DrawerSettingsResult.java
6c6cc1bfe675a629149401131aecc48dddabccb8	refactor: restructure shell framework components by introducing scene nodes and alignment engine while pruning legacy classes	066	sources/sources/com/tsf/shell/f/c/b/a/a.java	sources/sources/com/tsf/shell/f/c/b/a/IDrawerSettingsCallback.java
6c6cc1bfe675a629149401131aecc48dddabccb8	refactor: restructure shell framework components by introducing scene nodes and alignment engine while pruning legacy classes	092	sources/sources/com/tsf/shell/f/e/_c/a/c.java	sources/sources/com/tsf/shell/f/e/_c/a/SnapshotActionContext.java
6c6cc1bfe675a629149401131aecc48dddabccb8	refactor: restructure shell framework components by introducing scene nodes and alignment engine while pruning legacy classes	095	sources/sources/com/tsf/shell/f/e/_c/a/a.java	sources/sources/com/tsf/shell/f/e/_c/a/SnapshotButtonRect.java
6c6cc1bfe675a629149401131aecc48dddabccb8	refactor: restructure shell framework components by introducing scene nodes and alignment engine while pruning legacy classes	096	sources/sources/com/tsf/shell/f/e/_c/a/e.java	sources/sources/com/tsf/shell/f/e/_c/a/SnapshotData.java
6c6cc1bfe675a629149401131aecc48dddabccb8	refactor: restructure shell framework components by introducing scene nodes and alignment engine while pruning legacy classes	096	sources/sources/com/tsf/shell/f/e/_c/a/b.java	sources/sources/com/tsf/shell/f/e/_c/a/SnapshotFrameRect.java
6c6cc1bfe675a629149401131aecc48dddabccb8	refactor: restructure shell framework components by introducing scene nodes and alignment engine while pruning legacy classes	094	sources/sources/com/tsf/shell/f/e/_c/a/d.java	sources/sources/com/tsf/shell/f/e/_c/a/SnapshotState.java
6c6cc1bfe675a629149401131aecc48dddabccb8	refactor: restructure shell framework components by introducing scene nodes and alignment engine while pruning legacy classes	082	sources/sources/com/tsf/shell/f/e/_d/a/d.java	sources/sources/com/tsf/shell/f/e/_d/a/DropIndicatorConfig.java
6c6cc1bfe675a629149401131aecc48dddabccb8	refactor: restructure shell framework components by introducing scene nodes and alignment engine while pruning legacy classes	091	sources/sources/com/tsf/shell/f/e/_d/a/a.java	sources/sources/com/tsf/shell/f/e/_d/a/DropIndicatorContainer.java
6c6cc1bfe675a629149401131aecc48dddabccb8	refactor: restructure shell framework components by introducing scene nodes and alignment engine while pruning legacy classes	087	sources/sources/com/tsf/shell/f/e/_d/a/b.java	sources/sources/com/tsf/shell/f/e/_d/a/DropIndicatorRenderer.java
6c6cc1bfe675a629149401131aecc48dddabccb8	refactor: restructure shell framework components by introducing scene nodes and alignment engine while pruning legacy classes	091	sources/sources/com/tsf/shell/f/e/_d/a/c.java	sources/sources/com/tsf/shell/f/e/_d/a/DropIndicatorState.java
6c6cc1bfe675a629149401131aecc48dddabccb8	refactor: restructure shell framework components by introducing scene nodes and alignment engine while pruning legacy classes	091	sources/sources/com/tsf/shell/f/e/_g/a/a.java	sources/sources/com/tsf/shell/f/e/_g/a/MenuActionHandler.java
6c6cc1bfe675a629149401131aecc48dddabccb8	refactor: restructure shell framework components by introducing scene nodes and alignment engine while pruning legacy classes	086	sources/sources/com/tsf/shell/f/e/_g/a/b.java	sources/sources/com/tsf/shell/f/e/_g/a/MenuActionItem.java
6c6cc1bfe675a629149401131aecc48dddabccb8	refactor: restructure shell framework components by introducing scene nodes and alignment engine while pruning legacy classes	095	sources/sources/com/tsf/shell/f/e/_g/a/c.java	sources/sources/com/tsf/shell/f/e/_g/a/MenuItemBase.java
6c6cc1bfe675a629149401131aecc48dddabccb8	refactor: restructure shell framework components by introducing scene nodes and alignment engine while pruning legacy classes	083	sources/sources/com/tsf/shell/f/e/_g/a/d.java	sources/sources/com/tsf/shell/f/e/_g/a/MenuItemConfig.java
6c6cc1bfe675a629149401131aecc48dddabccb8	refactor: restructure shell framework components by introducing scene nodes and alignment engine while pruning legacy classes	079	sources/sources/com/tsf/shell/f/e/a/b.java	sources/sources/com/tsf/shell/f/e/a/AlignmentBackHandler.java
6c6cc1bfe675a629149401131aecc48dddabccb8	refactor: restructure shell framework components by introducing scene nodes and alignment engine while pruning legacy classes	075	sources/sources/com/tsf/shell/f/e/a/c.java	sources/sources/com/tsf/shell/f/e/a/AlignmentEngine.java
6c6cc1bfe675a629149401131aecc48dddabccb8	refactor: restructure shell framework components by introducing scene nodes and alignment engine while pruning legacy classes	076	sources/sources/com/tsf/shell/f/e/a/a.java	sources/sources/com/tsf/shell/f/e/a/AlignmentListener.java
6c6cc1bfe675a629149401131aecc48dddabccb8	refactor: restructure shell framework components by introducing scene nodes and alignment engine while pruning legacy classes	076	sources/sources/com/tsf/shell/f/e/a/d.java	sources/sources/com/tsf/shell/f/e/a/AlignmentResizeHandler.java
6c6cc1bfe675a629149401131aecc48dddabccb8	refactor: restructure shell framework components by introducing scene nodes and alignment engine while pruning legacy classes	088	sources/sources/com/tsf/shell/f/e/b/a.java	sources/sources/com/tsf/shell/f/e/b/ResizeButtonNode.java
6c6cc1bfe675a629149401131aecc48dddabccb8	refactor: restructure shell framework components by introducing scene nodes and alignment engine while pruning legacy classes	083	sources/sources/com/tsf/shell/f/e/b/b.java	sources/sources/com/tsf/shell/f/e/b/ResizeConfig.java
6c6cc1bfe675a629149401131aecc48dddabccb8	refactor: restructure shell framework components by introducing scene nodes and alignment engine while pruning legacy classes	096	sources/sources/com/tsf/shell/f/e/b/d.java	sources/sources/com/tsf/shell/f/e/b/ResizeConstants.java
6c6cc1bfe675a629149401131aecc48dddabccb8	refactor: restructure shell framework components by introducing scene nodes and alignment engine while pruning legacy classes	096	sources/sources/com/tsf/shell/f/e/b/f.java	sources/sources/com/tsf/shell/f/e/b/ResizeShader.java
6c6cc1bfe675a629149401131aecc48dddabccb8	refactor: restructure shell framework components by introducing scene nodes and alignment engine while pruning legacy classes	088	sources/sources/com/tsf/shell/f/e/b/c.java	sources/sources/com/tsf/shell/f/e/b/ResizeState.java
6c6cc1bfe675a629149401131aecc48dddabccb8	refactor: restructure shell framework components by introducing scene nodes and alignment engine while pruning legacy classes	097	sources/sources/com/tsf/shell/f/e/b/e.java	sources/sources/com/tsf/shell/f/e/b/ResizeTextureManager.java
6c6cc1bfe675a629149401131aecc48dddabccb8	refactor: restructure shell framework components by introducing scene nodes and alignment engine while pruning legacy classes	096	sources/sources/com/tsf/shell/f/e/c/A.java	sources/sources/com/tsf/shell/f/e/c/AnimationNode.java
6c6cc1bfe675a629149401131aecc48dddabccb8	refactor: restructure shell framework components by introducing scene nodes and alignment engine while pruning legacy classes	097	sources/sources/com/tsf/shell/f/e/c/b.java	sources/sources/com/tsf/shell/f/e/c/MeshRenderer.java
6c6cc1bfe675a629149401131aecc48dddabccb8	refactor: restructure shell framework components by introducing scene nodes and alignment engine while pruning legacy classes	082	sources/sources/com/tsf/shell/f/e/d/a/d.java	sources/sources/com/tsf/shell/f/e/d/a/DropIndicatorConfig.java
6c6cc1bfe675a629149401131aecc48dddabccb8	refactor: restructure shell framework components by introducing scene nodes and alignment engine while pruning legacy classes	086	sources/sources/com/tsf/shell/f/e/d/a/a.java	sources/sources/com/tsf/shell/f/e/d/a/DropIndicatorContainer.java
6c6cc1bfe675a629149401131aecc48dddabccb8	refactor: restructure shell framework components by introducing scene nodes and alignment engine while pruning legacy classes	087	sources/sources/com/tsf/shell/f/e/d/a/b.java	sources/sources/com/tsf/shell/f/e/d/a/DropIndicatorRenderer.java
6c6cc1bfe675a629149401131aecc48dddabccb8	refactor: restructure shell framework components by introducing scene nodes and alignment engine while pruning legacy classes	091	sources/sources/com/tsf/shell/f/e/d/a/c.java	sources/sources/com/tsf/shell/f/e/d/a/DropIndicatorState.java
6c6cc1bfe675a629149401131aecc48dddabccb8	refactor: restructure shell framework components by introducing scene nodes and alignment engine while pruning legacy classes	068	sources/sources/com/tsf/shell/f/e/e/c.java	sources/sources/com/tsf/shell/f/e/e/ItemAnimationController.java
6c6cc1bfe675a629149401131aecc48dddabccb8	refactor: restructure shell framework components by introducing scene nodes and alignment engine while pruning legacy classes	089	sources/sources/com/tsf/shell/f/e/e/f.java	sources/sources/com/tsf/shell/f/e/e/ItemCleanupTask.java
6c6cc1bfe675a629149401131aecc48dddabccb8	refactor: restructure shell framework components by introducing scene nodes and alignment engine while pruning legacy classes	095	sources/sources/com/tsf/shell/f/e/e/b.java	sources/sources/com/tsf/shell/f/e/e/ItemContainerNode.java
6c6cc1bfe675a629149401131aecc48dddabccb8	refactor: restructure shell framework components by introducing scene nodes and alignment engine while pruning legacy classes	095	sources/sources/com/tsf/shell/f/e/e/d.java	sources/sources/com/tsf/shell/f/e/e/ItemLayoutItem.java
6c6cc1bfe675a629149401131aecc48dddabccb8	refactor: restructure shell framework components by introducing scene nodes and alignment engine while pruning legacy classes	085	sources/sources/com/tsf/shell/f/e/e/a.java	sources/sources/com/tsf/shell/f/e/e/ItemNode.java
6c6cc1bfe675a629149401131aecc48dddabccb8	refactor: restructure shell framework components by introducing scene nodes and alignment engine while pruning legacy classes	095	sources/sources/com/tsf/shell/f/e/e/e.java	sources/sources/com/tsf/shell/f/e/e/ItemRowItem.java
6c6cc1bfe675a629149401131aecc48dddabccb8	refactor: restructure shell framework components by introducing scene nodes and alignment engine while pruning legacy classes	081	sources/sources/com/tsf/shell/f/e/f/c.java	sources/sources/com/tsf/shell/f/e/f/EditModeConfig.java
6c6cc1bfe675a629149401131aecc48dddabccb8	refactor: restructure shell framework components by introducing scene nodes and alignment engine while pruning legacy classes	086	sources/sources/com/tsf/shell/f/e/f/a.java	sources/sources/com/tsf/shell/f/e/f/EditModeController.java
6c6cc1bfe675a629149401131aecc48dddabccb8	refactor: restructure shell framework components by introducing scene nodes and alignment engine while pruning legacy classes	097	sources/sources/com/tsf/shell/f/e/f/b.java	sources/sources/com/tsf/shell/f/e/f/EditModeNode.java
6c6cc1bfe675a629149401131aecc48dddabccb8	refactor: restructure shell framework components by introducing scene nodes and alignment engine while pruning legacy classes	091	sources/sources/com/tsf/shell/f/e/h/b.java	sources/sources/com/tsf/shell/f/e/h/IconEditorConfig.java
6c6cc1bfe675a629149401131aecc48dddabccb8	refactor: restructure shell framework components by introducing scene nodes and alignment engine while pruning legacy classes	093	sources/sources/com/tsf/shell/f/e/i/b.java	sources/sources/com/tsf/shell/f/e/i/GridLayoutData.java
6c6cc1bfe675a629149401131aecc48dddabccb8	refactor: restructure shell framework components by introducing scene nodes and alignment engine while pruning legacy classes	075	sources/sources/com/tsf/shell/f/e/i/a.java	sources/sources/com/tsf/shell/f/e/i/GridLayoutNode.java
6c6cc1bfe675a629149401131aecc48dddabccb8	refactor: restructure shell framework components by introducing scene nodes and alignment engine while pruning legacy classes	098	sources/sources/com/tsf/shell/f/e/i/d.java	sources/sources/com/tsf/shell/f/e/i/GridLayoutParams.java
6c6cc1bfe675a629149401131aecc48dddabccb8	refactor: restructure shell framework components by introducing scene nodes and alignment engine while pruning legacy classes	088	sources/sources/com/tsf/shell/f/e/i/c.java	sources/sources/com/tsf/shell/f/e/i/GridLayoutRenderer.java
6c6cc1bfe675a629149401131aecc48dddabccb8	refactor: restructure shell framework components by introducing scene nodes and alignment engine while pruning legacy classes	088	sources/sources/com/tsf/shell/f/h/e.java	sources/sources/com/tsf/shell/f/h/DockOperationBorder.java
6c6cc1bfe675a629149401131aecc48dddabccb8	refactor: restructure shell framework components by introducing scene nodes and alignment engine while pruning legacy classes	084	sources/sources/com/tsf/shell/f/h/A.java	sources/sources/com/tsf/shell/f/h/WorkspaceContainer.java
6c6cc1bfe675a629149401131aecc48dddabccb8	refactor: restructure shell framework components by introducing scene nodes and alignment engine while pruning legacy classes	081	sources/sources/com/tsf/shell/f/h/c.java	sources/sources/com/tsf/shell/f/h/WorkspaceDockPanel.java
6c6cc1bfe675a629149401131aecc48dddabccb8	refactor: restructure shell framework components by introducing scene nodes and alignment engine while pruning legacy classes	086	sources/sources/com/tsf/shell/f/h/B.java	sources/sources/com/tsf/shell/f/h/WorkspaceStateController.java
6c6cc1bfe675a629149401131aecc48dddabccb8	refactor: restructure shell framework components by introducing scene nodes and alignment engine while pruning legacy classes	069	sources/sources/com/tsf/shell/f/h/b.java	sources/sources/com/tsf/shell/f/h/WorkspaceStub.java
6c6cc1bfe675a629149401131aecc48dddabccb8	refactor: restructure shell framework components by introducing scene nodes and alignment engine while pruning legacy classes	086	sources/sources/com/tsf/shell/f/h/f.java	sources/sources/com/tsf/shell/f/h/WorkspaceWidgetPanel.java
6c6cc1bfe675a629149401131aecc48dddabccb8	refactor: restructure shell framework components by introducing scene nodes and alignment engine while pruning legacy classes	098	sources/sources/com/tsf/shell/f/h/a/B.java	sources/sources/com/tsf/shell/f/h/a/ScenePositionConfig.java
6c6cc1bfe675a629149401131aecc48dddabccb8	refactor: restructure shell framework components by introducing scene nodes and alignment engine while pruning legacy classes	067	sources/sources/com/tsf/shell/f/h/a/c.java	sources/sources/com/tsf/shell/f/h/a/WorkspacePreviewNode.java
6c6cc1bfe675a629149401131aecc48dddabccb8	refactor: restructure shell framework components by introducing scene nodes and alignment engine while pruning legacy classes	099	sources/sources/com/tsf/shell/f/h/a/A.java	sources/sources/com/tsf/shell/f/h/a/WorkspaceSceneNode.java
6c6cc1bfe675a629149401131aecc48dddabccb8	refactor: restructure shell framework components by introducing scene nodes and alignment engine while pruning legacy classes	079	sources/sources/com/tsf/shell/f/h/a/a/c.java	sources/sources/com/tsf/shell/f/h/a/a/SceneElementBase.java
6c6cc1bfe675a629149401131aecc48dddabccb8	refactor: restructure shell framework components by introducing scene nodes and alignment engine while pruning legacy classes	082	sources/sources/com/tsf/shell/f/h/a/a/f.java	sources/sources/com/tsf/shell/f/h/a/a/SceneElementConfig.java
6c6cc1bfe675a629149401131aecc48dddabccb8	refactor: restructure shell framework components by introducing scene nodes and alignment engine while pruning legacy classes	076	sources/sources/com/tsf/shell/f/h/a/a/e.java	sources/sources/com/tsf/shell/f/h/a/a/SceneElementHandler.java
6c6cc1bfe675a629149401131aecc48dddabccb8	refactor: restructure shell framework components by introducing scene nodes and alignment engine while pruning legacy classes	072	sources/sources/com/tsf/shell/f/h/a/a/d.java	sources/sources/com/tsf/shell/f/h/a/a/SceneElementRenderer.java
6c6cc1bfe675a629149401131aecc48dddabccb8	refactor: restructure shell framework components by introducing scene nodes and alignment engine while pruning legacy classes	089	sources/sources/com/tsf/shell/f/h/a/a/b.java	sources/sources/com/tsf/shell/f/h/a/a/SceneNodeAnimator.java
6c6cc1bfe675a629149401131aecc48dddabccb8	refactor: restructure shell framework components by introducing scene nodes and alignment engine while pruning legacy classes	061	sources/sources/com/tsf/shell/f/h/a/a/A.java	sources/sources/com/tsf/shell/f/h/a/a/SceneNodeContainer.java
6c6cc1bfe675a629149401131aecc48dddabccb8	refactor: restructure shell framework components by introducing scene nodes and alignment engine while pruning legacy classes	047	sources/sources/com/tsf/shell/f/h/a/a/a/e.java	sources/sources/com/tsf/shell/f/h/a/a/a/SceneBackgroundNode.java
6c6cc1bfe675a629149401131aecc48dddabccb8	refactor: restructure shell framework components by introducing scene nodes and alignment engine while pruning legacy classes	097	sources/sources/com/tsf/shell/f/h/a/a/a/d.java	sources/sources/com/tsf/shell/f/h/a/a/a/SceneDecorNode.java
6c6cc1bfe675a629149401131aecc48dddabccb8	refactor: restructure shell framework components by introducing scene nodes and alignment engine while pruning legacy classes	096	sources/sources/com/tsf/shell/f/h/a/a/a/g.java	sources/sources/com/tsf/shell/f/h/a/a/a/SceneIndicatorNode.java
6c6cc1bfe675a629149401131aecc48dddabccb8	refactor: restructure shell framework components by introducing scene nodes and alignment engine while pruning legacy classes	087	sources/sources/com/tsf/shell/f/h/a/a/a/a.java	sources/sources/com/tsf/shell/f/h/a/a/a/SceneInteractionHandler.java
6c6cc1bfe675a629149401131aecc48dddabccb8	refactor: restructure shell framework components by introducing scene nodes and alignment engine while pruning legacy classes	095	sources/sources/com/tsf/shell/f/h/a/a/a/f.java	sources/sources/com/tsf/shell/f/h/a/a/a/SceneOverlayNode.java
6c6cc1bfe675a629149401131aecc48dddabccb8	refactor: restructure shell framework components by introducing scene nodes and alignment engine while pruning legacy classes	085	sources/sources/com/tsf/shell/f/h/a/a/a/c.java	sources/sources/com/tsf/shell/f/h/a/a/a/SceneSurfaceNode.java
6c6cc1bfe675a629149401131aecc48dddabccb8	refactor: restructure shell framework components by introducing scene nodes and alignment engine while pruning legacy classes	076	sources/sources/com/tsf/shell/f/h/a/b/a.java	sources/sources/com/tsf/shell/f/h/a/b/SceneAnimationController.java
6c6cc1bfe675a629149401131aecc48dddabccb8	refactor: restructure shell framework components by introducing scene nodes and alignment engine while pruning legacy classes	086	sources/sources/com/tsf/shell/f/h/a/b/b.java	sources/sources/com/tsf/shell/f/h/a/b/SceneAnimationHandler.java
6c6cc1bfe675a629149401131aecc48dddabccb8	refactor: restructure shell framework components by introducing scene nodes and alignment engine while pruning legacy classes	068	sources/sources/com/tsf/shell/f/h/a/b/d.java	sources/sources/com/tsf/shell/f/h/a/b/SceneDataPool.java
6c6cc1bfe675a629149401131aecc48dddabccb8	refactor: restructure shell framework components by introducing scene nodes and alignment engine while pruning legacy classes	093	sources/sources/com/tsf/shell/f/i/_b/a/a.java	sources/sources/com/tsf/shell/f/i/_b/a/WidgetContainer.java
6c6cc1bfe675a629149401131aecc48dddabccb8	refactor: restructure shell framework components by introducing scene nodes and alignment engine while pruning legacy classes	089	sources/sources/com/tsf/shell/f/i/_b/a/b.java	sources/sources/com/tsf/shell/f/i/_b/a/WidgetContainerPageItem.java
6c6cc1bfe675a629149401131aecc48dddabccb8	refactor: restructure shell framework components by introducing scene nodes and alignment engine while pruning legacy classes	095	sources/sources/com/tsf/shell/f/i/_b/b/a.java	sources/sources/com/tsf/shell/f/i/_b/b/WidgetShell.java
6c6cc1bfe675a629149401131aecc48dddabccb8	refactor: restructure shell framework components by introducing scene nodes and alignment engine while pruning legacy classes	096	sources/sources/com/tsf/shell/f/i/_b/c/b.java	sources/sources/com/tsf/shell/f/i/_b/c/WidgetItemData.java
6c6cc1bfe675a629149401131aecc48dddabccb8	refactor: restructure shell framework components by introducing scene nodes and alignment engine while pruning legacy classes	095	sources/sources/com/tsf/shell/f/i/_b/d/e.java	sources/sources/com/tsf/shell/f/i/_b/d/WidgetItemAnimation.java
6c6cc1bfe675a629149401131aecc48dddabccb8	refactor: restructure shell framework components by introducing scene nodes and alignment engine while pruning legacy classes	043	sources/sources/com/tsf/shell/f/i/_b/d/f.java	sources/sources/com/tsf/shell/f/i/_b/d/WidgetItemBackground.java
6c6cc1bfe675a629149401131aecc48dddabccb8	refactor: restructure shell framework components by introducing scene nodes and alignment engine while pruning legacy classes	087	sources/sources/com/tsf/shell/f/i/_b/d/g.java	sources/sources/com/tsf/shell/f/i/_b/d/WidgetItemGrid.java
6c6cc1bfe675a629149401131aecc48dddabccb8	refactor: restructure shell framework components by introducing scene nodes and alignment engine while pruning legacy classes	088	sources/sources/com/tsf/shell/f/i/_b/d/h.java	sources/sources/com/tsf/shell/f/i/_b/d/WidgetItemIndicator.java
6c6cc1bfe675a629149401131aecc48dddabccb8	refactor: restructure shell framework components by introducing scene nodes and alignment engine while pruning legacy classes	089	sources/sources/com/tsf/shell/f/i/_b/d/d.java	sources/sources/com/tsf/shell/f/i/_b/d/WidgetItemLayout.java
6c6cc1bfe675a629149401131aecc48dddabccb8	refactor: restructure shell framework components by introducing scene nodes and alignment engine while pruning legacy classes	095	sources/sources/com/tsf/shell/f/i/_b/d/j.java	sources/sources/com/tsf/shell/f/i/_b/d/WidgetItemPositioner.java
6c6cc1bfe675a629149401131aecc48dddabccb8	refactor: restructure shell framework components by introducing scene nodes and alignment engine while pruning legacy classes	071	sources/sources/com/tsf/shell/f/i/_b/d/c.java	sources/sources/com/tsf/shell/f/i/_b/d/WidgetItemState.java
6c6cc1bfe675a629149401131aecc48dddabccb8	refactor: restructure shell framework components by introducing scene nodes and alignment engine while pruning legacy classes	084	sources/sources/com/tsf/shell/f/i/_b/d/a.java	sources/sources/com/tsf/shell/f/i/_b/d/WidgetTouchHandler.java
6c6cc1bfe675a629149401131aecc48dddabccb8	refactor: restructure shell framework components by introducing scene nodes and alignment engine while pruning legacy classes	082	sources/sources/com/tsf/shell/f/i/_b/e/d.java	sources/sources/com/tsf/shell/f/i/_b/e/WidgetDrawerItemAction.java
6c6cc1bfe675a629149401131aecc48dddabccb8	refactor: restructure shell framework components by introducing scene nodes and alignment engine while pruning legacy classes	086	sources/sources/com/tsf/shell/f/i/_b/e/a.java	sources/sources/com/tsf/shell/f/i/_b/e/WidgetDrawerItemBase.java
6c6cc1bfe675a629149401131aecc48dddabccb8	refactor: restructure shell framework components by introducing scene nodes and alignment engine while pruning legacy classes	074	sources/sources/com/tsf/shell/f/i/_b/e/h.java	sources/sources/com/tsf/shell/f/i/_b/e/WidgetDrawerItemButton.java
6c6cc1bfe675a629149401131aecc48dddabccb8	refactor: restructure shell framework components by introducing scene nodes and alignment engine while pruning legacy classes	080	sources/sources/com/tsf/shell/f/i/_b/e/f.java	sources/sources/com/tsf/shell/f/i/_b/e/WidgetDrawerItemEditAction.java
6c6cc1bfe675a629149401131aecc48dddabccb8	refactor: restructure shell framework components by introducing scene nodes and alignment engine while pruning legacy classes	062	sources/sources/com/tsf/shell/f/i/_b/e/e.java	sources/sources/com/tsf/shell/f/i/_b/e/WidgetDrawerItemEffect.java
6c6cc1bfe675a629149401131aecc48dddabccb8	refactor: restructure shell framework components by introducing scene nodes and alignment engine while pruning legacy classes	082	sources/sources/com/tsf/shell/f/i/_b/e/c.java	sources/sources/com/tsf/shell/f/i/_b/e/WidgetDrawerItemGather.java
6c6cc1bfe675a629149401131aecc48dddabccb8	refactor: restructure shell framework components by introducing scene nodes and alignment engine while pruning legacy classes	078	sources/sources/com/tsf/shell/f/i/_b/e/i.java	sources/sources/com/tsf/shell/f/i/_b/e/WidgetDrawerItemLaunchAction.java
6c6cc1bfe675a629149401131aecc48dddabccb8	refactor: restructure shell framework components by introducing scene nodes and alignment engine while pruning legacy classes	088	sources/sources/com/tsf/shell/f/i/_b/e/j.java	sources/sources/com/tsf/shell/f/i/_b/e/WidgetDrawerItemSettingsAction.java
6c6cc1bfe675a629149401131aecc48dddabccb8	refactor: restructure shell framework components by introducing scene nodes and alignment engine while pruning legacy classes	090	sources/sources/com/tsf/shell/f/i/_b/e/g.java	sources/sources/com/tsf/shell/f/i/_b/e/WidgetDrawerItemVisual.java
6c6cc1bfe675a629149401131aecc48dddabccb8	refactor: restructure shell framework components by introducing scene nodes and alignment engine while pruning legacy classes	096	sources/sources/com/tsf/shell/f/i/_b/e/b.java	sources/sources/com/tsf/shell/f/i/_b/e/WidgetDrawerShortcutItemBase.java
6c6cc1bfe675a629149401131aecc48dddabccb8	refactor: restructure shell framework components by introducing scene nodes and alignment engine while pruning legacy classes	089	sources/sources/com/tsf/shell/f/i/_c/a/j.java	sources/sources/com/tsf/shell/f/i/_c/a/AsyncTextureNode.java
6c6cc1bfe675a629149401131aecc48dddabccb8	refactor: restructure shell framework components by introducing scene nodes and alignment engine while pruning legacy classes	086	sources/sources/com/tsf/shell/f/i/_c/a/h.java	sources/sources/com/tsf/shell/f/i/_c/a/BackgroundSceneNode.java
6c6cc1bfe675a629149401131aecc48dddabccb8	refactor: restructure shell framework components by introducing scene nodes and alignment engine while pruning legacy classes	082	sources/sources/com/tsf/shell/f/i/_c/a/m.java	sources/sources/com/tsf/shell/f/i/_c/a/CompositeSceneNode.java
6c6cc1bfe675a629149401131aecc48dddabccb8	refactor: restructure shell framework components by introducing scene nodes and alignment engine while pruning legacy classes	079	sources/sources/com/tsf/shell/f/i/_c/a/B.java	sources/sources/com/tsf/shell/f/i/_c/a/DockSceneNode.java
6c6cc1bfe675a629149401131aecc48dddabccb8	refactor: restructure shell framework components by introducing scene nodes and alignment engine while pruning legacy classes	084	sources/sources/com/tsf/shell/f/i/_c/a/C.java	sources/sources/com/tsf/shell/f/i/_c/a/DrawerSceneNode.java
6c6cc1bfe675a629149401131aecc48dddabccb8	refactor: restructure shell framework components by introducing scene nodes and alignment engine while pruning legacy classes	076	sources/sources/com/tsf/shell/f/i/_c/a/A.java	sources/sources/com/tsf/shell/f/i/_c/a/FolderSceneNode.java
6c6cc1bfe675a629149401131aecc48dddabccb8	refactor: restructure shell framework components by introducing scene nodes and alignment engine while pruning legacy classes	072	sources/sources/com/tsf/shell/f/i/_c/a/g.java	sources/sources/com/tsf/shell/f/i/_c/a/GridSceneNode.java
6c6cc1bfe675a629149401131aecc48dddabccb8	refactor: restructure shell framework components by introducing scene nodes and alignment engine while pruning legacy classes	086	sources/sources/com/tsf/shell/f/i/_c/a/i.java	sources/sources/com/tsf/shell/f/i/_c/a/IAsyncTaskListener.java
6c6cc1bfe675a629149401131aecc48dddabccb8	refactor: restructure shell framework components by introducing scene nodes and alignment engine while pruning legacy classes	084	sources/sources/com/tsf/shell/f/i/_c/a/k.java	sources/sources/com/tsf/shell/f/i/_c/a/ITextureCallback.java
6c6cc1bfe675a629149401131aecc48dddabccb8	refactor: restructure shell framework components by introducing scene nodes and alignment engine while pruning legacy classes	073	sources/sources/com/tsf/shell/f/i/_c/a/f.java	sources/sources/com/tsf/shell/f/i/_c/a/LabelSceneNode.java
6c6cc1bfe675a629149401131aecc48dddabccb8	refactor: restructure shell framework components by introducing scene nodes and alignment engine while pruning legacy classes	087	sources/sources/com/tsf/shell/f/i/_c/a/e.java	sources/sources/com/tsf/shell/f/i/_c/a/NodeConfig.java
6c6cc1bfe675a629149401131aecc48dddabccb8	refactor: restructure shell framework components by introducing scene nodes and alignment engine while pruning legacy classes	091	sources/sources/com/tsf/shell/f/i/_c/a/l.java	sources/sources/com/tsf/shell/f/i/_c/a/NodeConstants.java
6c6cc1bfe675a629149401131aecc48dddabccb8	refactor: restructure shell framework components by introducing scene nodes and alignment engine while pruning legacy classes	064	sources/sources/com/tsf/shell/f/i/_c/a/d.java	sources/sources/com/tsf/shell/f/i/_c/a/PageSceneNode.java
6c6cc1bfe675a629149401131aecc48dddabccb8	refactor: restructure shell framework components by introducing scene nodes and alignment engine while pruning legacy classes	092	sources/sources/com/tsf/shell/f/i/_c/a/a/a.java	sources/sources/com/tsf/shell/f/i/_c/a/a/TextureElementA.java
6c6cc1bfe675a629149401131aecc48dddabccb8	refactor: restructure shell framework components by introducing scene nodes and alignment engine while pruning legacy classes	053	sources/sources/com/tsf/shell/f/i/_c/a/a/b.java	sources/sources/com/tsf/shell/f/i/_c/a/a/TextureElementB.java
6c6cc1bfe675a629149401131aecc48dddabccb8	refactor: restructure shell framework components by introducing scene nodes and alignment engine while pruning legacy classes	097	sources/sources/com/tsf/shell/f/i/_c/a/a/c.java	sources/sources/com/tsf/shell/f/i/_c/a/a/TextureElementC.java
6c6cc1bfe675a629149401131aecc48dddabccb8	refactor: restructure shell framework components by introducing scene nodes and alignment engine while pruning legacy classes	079	sources/sources/com/tsf/shell/f/i/_c/a/a/d.java	sources/sources/com/tsf/shell/f/i/_c/a/a/TextureElementD.java
6c6cc1bfe675a629149401131aecc48dddabccb8	refactor: restructure shell framework components by introducing scene nodes and alignment engine while pruning legacy classes	095	sources/sources/com/tsf/shell/f/i/_c/a/a/e.java	sources/sources/com/tsf/shell/f/i/_c/a/a/TextureElementE.java
6c6cc1bfe675a629149401131aecc48dddabccb8	refactor: restructure shell framework components by introducing scene nodes and alignment engine while pruning legacy classes	095	sources/sources/com/tsf/shell/f/i/_c/a/a/f.java	sources/sources/com/tsf/shell/f/i/_c/a/a/TextureElementF.java
6c6cc1bfe675a629149401131aecc48dddabccb8	refactor: restructure shell framework components by introducing scene nodes and alignment engine while pruning legacy classes	094	sources/sources/com/tsf/shell/f/i/_c/a/a/g.java	sources/sources/com/tsf/shell/f/i/_c/a/a/TextureElementG.java
6c6cc1bfe675a629149401131aecc48dddabccb8	refactor: restructure shell framework components by introducing scene nodes and alignment engine while pruning legacy classes	092	sources/sources/com/tsf/shell/f/i/_c/a/a/h.java	sources/sources/com/tsf/shell/f/i/_c/a/a/TextureElementH.java
6c6cc1bfe675a629149401131aecc48dddabccb8	refactor: restructure shell framework components by introducing scene nodes and alignment engine while pruning legacy classes	098	sources/sources/com/tsf/shell/f/i/_c/a/b/a.java	sources/sources/com/tsf/shell/f/i/_c/a/b/SceneComponentA.java
6c6cc1bfe675a629149401131aecc48dddabccb8	refactor: restructure shell framework components by introducing scene nodes and alignment engine while pruning legacy classes	094	sources/sources/com/tsf/shell/f/i/_c/a/b/b.java	sources/sources/com/tsf/shell/f/i/_c/a/b/SceneComponentB.java
6c6cc1bfe675a629149401131aecc48dddabccb8	refactor: restructure shell framework components by introducing scene nodes and alignment engine while pruning legacy classes	063	sources/sources/com/tsf/shell/f/i/_c/a/b/c.java	sources/sources/com/tsf/shell/f/i/_c/a/b/SceneComponentC.java
6c6cc1bfe675a629149401131aecc48dddabccb8	refactor: restructure shell framework components by introducing scene nodes and alignment engine while pruning legacy classes	095	sources/sources/com/tsf/shell/f/i/_c/a/b/d.java	sources/sources/com/tsf/shell/f/i/_c/a/b/SceneComponentD.java
6c6cc1bfe675a629149401131aecc48dddabccb8	refactor: restructure shell framework components by introducing scene nodes and alignment engine while pruning legacy classes	067	sources/sources/com/tsf/shell/f/i/_c/a/b/e.java	sources/sources/com/tsf/shell/f/i/_c/a/b/SceneComponentE.java
6c6cc1bfe675a629149401131aecc48dddabccb8	refactor: restructure shell framework components by introducing scene nodes and alignment engine while pruning legacy classes	051	sources/sources/com/tsf/shell/f/i/_c/a/b/f.java	sources/sources/com/tsf/shell/f/i/_c/a/b/SceneComponentF.java
6c6cc1bfe675a629149401131aecc48dddabccb8	refactor: restructure shell framework components by introducing scene nodes and alignment engine while pruning legacy classes	041	sources/sources/com/tsf/shell/f/i/_c/a/b/g.java	sources/sources/com/tsf/shell/f/i/_c/a/b/SceneComponentG.java
6c6cc1bfe675a629149401131aecc48dddabccb8	refactor: restructure shell framework components by introducing scene nodes and alignment engine while pruning legacy classes	093	sources/sources/com/tsf/shell/f/i/_c/a/b/h.java	sources/sources/com/tsf/shell/f/i/_c/a/b/SceneComponentH.java
6c6cc1bfe675a629149401131aecc48dddabccb8	refactor: restructure shell framework components by introducing scene nodes and alignment engine while pruning legacy classes	048	sources/sources/com/tsf/shell/f/i/_c/a/b/i.java	sources/sources/com/tsf/shell/f/i/_c/a/b/SceneComponentI.java
6c6cc1bfe675a629149401131aecc48dddabccb8	refactor: restructure shell framework components by introducing scene nodes and alignment engine while pruning legacy classes	051	sources/sources/com/tsf/shell/f/i/_c/a/b/j.java	sources/sources/com/tsf/shell/f/i/_c/a/b/SceneComponentJ.java
6c6cc1bfe675a629149401131aecc48dddabccb8	refactor: restructure shell framework components by introducing scene nodes and alignment engine while pruning legacy classes	070	sources/sources/com/tsf/shell/f/i/_c/a/b/k.java	sources/sources/com/tsf/shell/f/i/_c/a/b/SceneComponentK.java
6c6cc1bfe675a629149401131aecc48dddabccb8	refactor: restructure shell framework components by introducing scene nodes and alignment engine while pruning legacy classes	082	sources/sources/com/tsf/shell/f/i/_c/a/b/l.java	sources/sources/com/tsf/shell/f/i/_c/a/b/SceneComponentL.java
6c6cc1bfe675a629149401131aecc48dddabccb8	refactor: restructure shell framework components by introducing scene nodes and alignment engine while pruning legacy classes	071	sources/sources/com/tsf/shell/f/i/_c/a/b/m.java	sources/sources/com/tsf/shell/f/i/_c/a/b/SceneComponentM.java
6c6cc1bfe675a629149401131aecc48dddabccb8	refactor: restructure shell framework components by introducing scene nodes and alignment engine while pruning legacy classes	046	sources/sources/com/tsf/shell/f/i/_c/a/b/n.java	sources/sources/com/tsf/shell/f/i/_c/a/b/SceneComponentN.java
6c6cc1bfe675a629149401131aecc48dddabccb8	refactor: restructure shell framework components by introducing scene nodes and alignment engine while pruning legacy classes	071	sources/sources/com/tsf/shell/f/i/_c/a/b/o.java	sources/sources/com/tsf/shell/f/i/_c/a/b/SceneComponentO.java
6c6cc1bfe675a629149401131aecc48dddabccb8	refactor: restructure shell framework components by introducing scene nodes and alignment engine while pruning legacy classes	050	sources/sources/com/tsf/shell/f/i/_c/a/b/p.java	sources/sources/com/tsf/shell/f/i/_c/a/b/SceneComponentP.java
6c6cc1bfe675a629149401131aecc48dddabccb8	refactor: restructure shell framework components by introducing scene nodes and alignment engine while pruning legacy classes	094	sources/sources/com/tsf/shell/f/i/_c/a/c/a.java	sources/sources/com/tsf/shell/f/i/_c/a/c/SceneRendererA.java
6c6cc1bfe675a629149401131aecc48dddabccb8	refactor: restructure shell framework components by introducing scene nodes and alignment engine while pruning legacy classes	078	sources/sources/com/tsf/shell/f/i/_c/a/c/b.java	sources/sources/com/tsf/shell/f/i/_c/a/c/SceneRendererB.java
6c6cc1bfe675a629149401131aecc48dddabccb8	refactor: restructure shell framework components by introducing scene nodes and alignment engine while pruning legacy classes	064	sources/sources/com/tsf/shell/f/i/_c/a/c/c.java	sources/sources/com/tsf/shell/f/i/_c/a/c/SceneRendererC.java
6c6cc1bfe675a629149401131aecc48dddabccb8	refactor: restructure shell framework components by introducing scene nodes and alignment engine while pruning legacy classes	095	sources/sources/com/tsf/shell/f/i/_c/a/c/d.java	sources/sources/com/tsf/shell/f/i/_c/a/c/SceneRendererD.java
6c6cc1bfe675a629149401131aecc48dddabccb8	refactor: restructure shell framework components by introducing scene nodes and alignment engine while pruning legacy classes	096	sources/sources/com/tsf/shell/f/i/_c/a/c/e.java	sources/sources/com/tsf/shell/f/i/_c/a/c/SceneRendererE.java
6c6cc1bfe675a629149401131aecc48dddabccb8	refactor: restructure shell framework components by introducing scene nodes and alignment engine while pruning legacy classes	093	sources/sources/com/tsf/shell/f/i/b/a/a.java	sources/sources/com/tsf/shell/f/i/b/a/ItemContainer.java
6c6cc1bfe675a629149401131aecc48dddabccb8	refactor: restructure shell framework components by introducing scene nodes and alignment engine while pruning legacy classes	089	sources/sources/com/tsf/shell/f/i/b/a/b.java	sources/sources/com/tsf/shell/f/i/b/a/ItemContainerPageItem.java
6c6cc1bfe675a629149401131aecc48dddabccb8	refactor: restructure shell framework components by introducing scene nodes and alignment engine while pruning legacy classes	091	sources/sources/com/tsf/shell/f/i/b/b/b.java	sources/sources/com/tsf/shell/f/i/b/b/IItemShell.java
6c6cc1bfe675a629149401131aecc48dddabccb8	refactor: restructure shell framework components by introducing scene nodes and alignment engine while pruning legacy classes	094	sources/sources/com/tsf/shell/f/i/b/b/a.java	sources/sources/com/tsf/shell/f/i/b/b/ItemShell.java
6c6cc1bfe675a629149401131aecc48dddabccb8	refactor: restructure shell framework components by introducing scene nodes and alignment engine while pruning legacy classes	094	sources/sources/com/tsf/shell/f/i/b/c/a.java	sources/sources/com/tsf/shell/f/i/b/c/ItemDataConfig.java
6c6cc1bfe675a629149401131aecc48dddabccb8	refactor: restructure shell framework components by introducing scene nodes and alignment engine while pruning legacy classes	086	sources/sources/com/tsf/shell/f/i/b/c/b.java	sources/sources/com/tsf/shell/f/i/b/c/ItemDataState.java
6c6cc1bfe675a629149401131aecc48dddabccb8	refactor: restructure shell framework components by introducing scene nodes and alignment engine while pruning legacy classes	091	sources/sources/com/tsf/shell/f/i/b/d/e.java	sources/sources/com/tsf/shell/f/i/b/d/FolderItemAnimation.java
6c6cc1bfe675a629149401131aecc48dddabccb8	refactor: restructure shell framework components by introducing scene nodes and alignment engine while pruning legacy classes	096	sources/sources/com/tsf/shell/f/i/b/d/i.java	sources/sources/com/tsf/shell/f/i/b/d/FolderItemDotIndicator.java
6c6cc1bfe675a629149401131aecc48dddabccb8	refactor: restructure shell framework components by introducing scene nodes and alignment engine while pruning legacy classes	064	sources/sources/com/tsf/shell/f/i/b/d/g.java	sources/sources/com/tsf/shell/f/i/b/d/FolderItemGrid.java
6c6cc1bfe675a629149401131aecc48dddabccb8	refactor: restructure shell framework components by introducing scene nodes and alignment engine while pruning legacy classes	088	sources/sources/com/tsf/shell/f/i/b/d/h.java	sources/sources/com/tsf/shell/f/i/b/d/FolderItemIndicator.java
6c6cc1bfe675a629149401131aecc48dddabccb8	refactor: restructure shell framework components by introducing scene nodes and alignment engine while pruning legacy classes	081	sources/sources/com/tsf/shell/f/i/b/d/d.java	sources/sources/com/tsf/shell/f/i/b/d/FolderItemLayout.java
6c6cc1bfe675a629149401131aecc48dddabccb8	refactor: restructure shell framework components by introducing scene nodes and alignment engine while pruning legacy classes	089	sources/sources/com/tsf/shell/f/i/b/d/j.java	sources/sources/com/tsf/shell/f/i/b/d/FolderItemPositioner.java
6c6cc1bfe675a629149401131aecc48dddabccb8	refactor: restructure shell framework components by introducing scene nodes and alignment engine while pruning legacy classes	093	sources/sources/com/tsf/shell/f/i/b/d/k.java	sources/sources/com/tsf/shell/f/i/b/d/FolderItemSorter.java
6c6cc1bfe675a629149401131aecc48dddabccb8	refactor: restructure shell framework components by introducing scene nodes and alignment engine while pruning legacy classes	064	sources/sources/com/tsf/shell/f/i/b/d/c.java	sources/sources/com/tsf/shell/f/i/b/d/FolderItemState.java
6c6cc1bfe675a629149401131aecc48dddabccb8	refactor: restructure shell framework components by introducing scene nodes and alignment engine while pruning legacy classes	085	sources/sources/com/tsf/shell/f/i/b/d/b.java	sources/sources/com/tsf/shell/f/i/b/d/FolderShortcutItem.java
6c6cc1bfe675a629149401131aecc48dddabccb8	refactor: restructure shell framework components by introducing scene nodes and alignment engine while pruning legacy classes	083	sources/sources/com/tsf/shell/f/i/b/d/a.java	sources/sources/com/tsf/shell/f/i/b/d/FolderTouchHandler.java
6c6cc1bfe675a629149401131aecc48dddabccb8	refactor: restructure shell framework components by introducing scene nodes and alignment engine while pruning legacy classes	064	sources/sources/com/tsf/shell/f/i/b/d/C0127a.java	sources/sources/com/tsf/shell/f/i/b/d/HitTargetHelper.java
6c6cc1bfe675a629149401131aecc48dddabccb8	refactor: restructure shell framework components by introducing scene nodes and alignment engine while pruning legacy classes	083	sources/sources/com/tsf/shell/f/i/b/e/d.java	sources/sources/com/tsf/shell/f/i/b/e/DrawerItemAction.java
6c6cc1bfe675a629149401131aecc48dddabccb8	refactor: restructure shell framework components by introducing scene nodes and alignment engine while pruning legacy classes	079	sources/sources/com/tsf/shell/f/i/b/e/a.java	sources/sources/com/tsf/shell/f/i/b/e/DrawerItemBase.java
6c6cc1bfe675a629149401131aecc48dddabccb8	refactor: restructure shell framework components by introducing scene nodes and alignment engine while pruning legacy classes	076	sources/sources/com/tsf/shell/f/i/b/e/h.java	sources/sources/com/tsf/shell/f/i/b/e/DrawerItemButton.java
6c6cc1bfe675a629149401131aecc48dddabccb8	refactor: restructure shell framework components by introducing scene nodes and alignment engine while pruning legacy classes	082	sources/sources/com/tsf/shell/f/i/b/e/f.java	sources/sources/com/tsf/shell/f/i/b/e/DrawerItemEditAction.java
6c6cc1bfe675a629149401131aecc48dddabccb8	refactor: restructure shell framework components by introducing scene nodes and alignment engine while pruning legacy classes	066	sources/sources/com/tsf/shell/f/i/b/e/e.java	sources/sources/com/tsf/shell/f/i/b/e/DrawerItemEffect.java
6c6cc1bfe675a629149401131aecc48dddabccb8	refactor: restructure shell framework components by introducing scene nodes and alignment engine while pruning legacy classes	083	sources/sources/com/tsf/shell/f/i/b/e/c.java	sources/sources/com/tsf/shell/f/i/b/e/DrawerItemGather.java
6c6cc1bfe675a629149401131aecc48dddabccb8	refactor: restructure shell framework components by introducing scene nodes and alignment engine while pruning legacy classes	080	sources/sources/com/tsf/shell/f/i/b/e/i.java	sources/sources/com/tsf/shell/f/i/b/e/DrawerItemLaunchAction.java
6c6cc1bfe675a629149401131aecc48dddabccb8	refactor: restructure shell framework components by introducing scene nodes and alignment engine while pruning legacy classes	090	sources/sources/com/tsf/shell/f/i/b/e/j.java	sources/sources/com/tsf/shell/f/i/b/e/DrawerItemSettingsAction.java
6c6cc1bfe675a629149401131aecc48dddabccb8	refactor: restructure shell framework components by introducing scene nodes and alignment engine while pruning legacy classes	091	sources/sources/com/tsf/shell/f/i/b/e/g.java	sources/sources/com/tsf/shell/f/i/b/e/DrawerItemVisual.java
6c6cc1bfe675a629149401131aecc48dddabccb8	refactor: restructure shell framework components by introducing scene nodes and alignment engine while pruning legacy classes	091	sources/sources/com/tsf/shell/f/i/b/e/b.java	sources/sources/com/tsf/shell/f/i/b/e/DrawerShortcutItemBase.java
6c6cc1bfe675a629149401131aecc48dddabccb8	refactor: restructure shell framework components by introducing scene nodes and alignment engine while pruning legacy classes	089	sources/sources/com/tsf/shell/f/i/c/a/j.java	sources/sources/com/tsf/shell/f/i/c/a/AsyncTextureNode.java
6c6cc1bfe675a629149401131aecc48dddabccb8	refactor: restructure shell framework components by introducing scene nodes and alignment engine while pruning legacy classes	086	sources/sources/com/tsf/shell/f/i/c/a/h.java	sources/sources/com/tsf/shell/f/i/c/a/BackgroundSceneNode.java
6c6cc1bfe675a629149401131aecc48dddabccb8	refactor: restructure shell framework components by introducing scene nodes and alignment engine while pruning legacy classes	083	sources/sources/com/tsf/shell/f/i/c/a/m.java	sources/sources/com/tsf/shell/f/i/c/a/CompositeSceneNode.java
6c6cc1bfe675a629149401131aecc48dddabccb8	refactor: restructure shell framework components by introducing scene nodes and alignment engine while pruning legacy classes	080	sources/sources/com/tsf/shell/f/i/c/a/B.java	sources/sources/com/tsf/shell/f/i/c/a/DockSceneNode.java
6c6cc1bfe675a629149401131aecc48dddabccb8	refactor: restructure shell framework components by introducing scene nodes and alignment engine while pruning legacy classes	084	sources/sources/com/tsf/shell/f/i/c/a/C.java	sources/sources/com/tsf/shell/f/i/c/a/DrawerSceneNode.java
6c6cc1bfe675a629149401131aecc48dddabccb8	refactor: restructure shell framework components by introducing scene nodes and alignment engine while pruning legacy classes	076	sources/sources/com/tsf/shell/f/i/c/a/A.java	sources/sources/com/tsf/shell/f/i/c/a/FolderSceneNode.java
6c6cc1bfe675a629149401131aecc48dddabccb8	refactor: restructure shell framework components by introducing scene nodes and alignment engine while pruning legacy classes	072	sources/sources/com/tsf/shell/f/i/c/a/g.java	sources/sources/com/tsf/shell/f/i/c/a/GridSceneNode.java
6c6cc1bfe675a629149401131aecc48dddabccb8	refactor: restructure shell framework components by introducing scene nodes and alignment engine while pruning legacy classes	086	sources/sources/com/tsf/shell/f/i/c/a/i.java	sources/sources/com/tsf/shell/f/i/c/a/IAsyncTaskListener.java
6c6cc1bfe675a629149401131aecc48dddabccb8	refactor: restructure shell framework components by introducing scene nodes and alignment engine while pruning legacy classes	084	sources/sources/com/tsf/shell/f/i/c/a/k.java	sources/sources/com/tsf/shell/f/i/c/a/ITextureCallback.java
6c6cc1bfe675a629149401131aecc48dddabccb8	refactor: restructure shell framework components by introducing scene nodes and alignment engine while pruning legacy classes	074	sources/sources/com/tsf/shell/f/i/c/a/f.java	sources/sources/com/tsf/shell/f/i/c/a/LabelSceneNode.java
6c6cc1bfe675a629149401131aecc48dddabccb8	refactor: restructure shell framework components by introducing scene nodes and alignment engine while pruning legacy classes	087	sources/sources/com/tsf/shell/f/i/c/a/e.java	sources/sources/com/tsf/shell/f/i/c/a/NodeConfig.java
6c6cc1bfe675a629149401131aecc48dddabccb8	refactor: restructure shell framework components by introducing scene nodes and alignment engine while pruning legacy classes	091	sources/sources/com/tsf/shell/f/i/c/a/l.java	sources/sources/com/tsf/shell/f/i/c/a/NodeConstants.java
6c6cc1bfe675a629149401131aecc48dddabccb8	refactor: restructure shell framework components by introducing scene nodes and alignment engine while pruning legacy classes	065	sources/sources/com/tsf/shell/f/i/c/a/d.java	sources/sources/com/tsf/shell/f/i/c/a/PageSceneNode.java
6c6cc1bfe675a629149401131aecc48dddabccb8	refactor: restructure shell framework components by introducing scene nodes and alignment engine while pruning legacy classes	092	sources/sources/com/tsf/shell/f/i/c/a/a/a.java	sources/sources/com/tsf/shell/f/i/c/a/a/TextureElementA.java
6c6cc1bfe675a629149401131aecc48dddabccb8	refactor: restructure shell framework components by introducing scene nodes and alignment engine while pruning legacy classes	054	sources/sources/com/tsf/shell/f/i/c/a/a/b.java	sources/sources/com/tsf/shell/f/i/c/a/a/TextureElementB.java
6c6cc1bfe675a629149401131aecc48dddabccb8	refactor: restructure shell framework components by introducing scene nodes and alignment engine while pruning legacy classes	097	sources/sources/com/tsf/shell/f/i/c/a/a/c.java	sources/sources/com/tsf/shell/f/i/c/a/a/TextureElementC.java
6c6cc1bfe675a629149401131aecc48dddabccb8	refactor: restructure shell framework components by introducing scene nodes and alignment engine while pruning legacy classes	079	sources/sources/com/tsf/shell/f/i/c/a/a/d.java	sources/sources/com/tsf/shell/f/i/c/a/a/TextureElementD.java
6c6cc1bfe675a629149401131aecc48dddabccb8	refactor: restructure shell framework components by introducing scene nodes and alignment engine while pruning legacy classes	095	sources/sources/com/tsf/shell/f/i/c/a/a/e.java	sources/sources/com/tsf/shell/f/i/c/a/a/TextureElementE.java
6c6cc1bfe675a629149401131aecc48dddabccb8	refactor: restructure shell framework components by introducing scene nodes and alignment engine while pruning legacy classes	095	sources/sources/com/tsf/shell/f/i/c/a/a/f.java	sources/sources/com/tsf/shell/f/i/c/a/a/TextureElementF.java
6c6cc1bfe675a629149401131aecc48dddabccb8	refactor: restructure shell framework components by introducing scene nodes and alignment engine while pruning legacy classes	094	sources/sources/com/tsf/shell/f/i/c/a/a/g.java	sources/sources/com/tsf/shell/f/i/c/a/a/TextureElementG.java
6c6cc1bfe675a629149401131aecc48dddabccb8	refactor: restructure shell framework components by introducing scene nodes and alignment engine while pruning legacy classes	092	sources/sources/com/tsf/shell/f/i/c/a/a/h.java	sources/sources/com/tsf/shell/f/i/c/a/a/TextureElementH.java
6c6cc1bfe675a629149401131aecc48dddabccb8	refactor: restructure shell framework components by introducing scene nodes and alignment engine while pruning legacy classes	098	sources/sources/com/tsf/shell/f/i/c/a/b/a.java	sources/sources/com/tsf/shell/f/i/c/a/b/SceneComponentA.java
6c6cc1bfe675a629149401131aecc48dddabccb8	refactor: restructure shell framework components by introducing scene nodes and alignment engine while pruning legacy classes	094	sources/sources/com/tsf/shell/f/i/c/a/b/b.java	sources/sources/com/tsf/shell/f/i/c/a/b/SceneComponentB.java
6c6cc1bfe675a629149401131aecc48dddabccb8	refactor: restructure shell framework components by introducing scene nodes and alignment engine while pruning legacy classes	063	sources/sources/com/tsf/shell/f/i/c/a/b/c.java	sources/sources/com/tsf/shell/f/i/c/a/b/SceneComponentC.java
6c6cc1bfe675a629149401131aecc48dddabccb8	refactor: restructure shell framework components by introducing scene nodes and alignment engine while pruning legacy classes	096	sources/sources/com/tsf/shell/f/i/c/a/b/d.java	sources/sources/com/tsf/shell/f/i/c/a/b/SceneComponentD.java
6c6cc1bfe675a629149401131aecc48dddabccb8	refactor: restructure shell framework components by introducing scene nodes and alignment engine while pruning legacy classes	068	sources/sources/com/tsf/shell/f/i/c/a/b/e.java	sources/sources/com/tsf/shell/f/i/c/a/b/SceneComponentE.java
6c6cc1bfe675a629149401131aecc48dddabccb8	refactor: restructure shell framework components by introducing scene nodes and alignment engine while pruning legacy classes	051	sources/sources/com/tsf/shell/f/i/c/a/b/f.java	sources/sources/com/tsf/shell/f/i/c/a/b/SceneComponentF.java
6c6cc1bfe675a629149401131aecc48dddabccb8	refactor: restructure shell framework components by introducing scene nodes and alignment engine while pruning legacy classes	042	sources/sources/com/tsf/shell/f/i/c/a/b/g.java	sources/sources/com/tsf/shell/f/i/c/a/b/SceneComponentG.java
6c6cc1bfe675a629149401131aecc48dddabccb8	refactor: restructure shell framework components by introducing scene nodes and alignment engine while pruning legacy classes	093	sources/sources/com/tsf/shell/f/i/c/a/b/h.java	sources/sources/com/tsf/shell/f/i/c/a/b/SceneComponentH.java
6c6cc1bfe675a629149401131aecc48dddabccb8	refactor: restructure shell framework components by introducing scene nodes and alignment engine while pruning legacy classes	049	sources/sources/com/tsf/shell/f/i/c/a/b/i.java	sources/sources/com/tsf/shell/f/i/c/a/b/SceneComponentI.java
6c6cc1bfe675a629149401131aecc48dddabccb8	refactor: restructure shell framework components by introducing scene nodes and alignment engine while pruning legacy classes	051	sources/sources/com/tsf/shell/f/i/c/a/b/j.java	sources/sources/com/tsf/shell/f/i/c/a/b/SceneComponentJ.java
6c6cc1bfe675a629149401131aecc48dddabccb8	refactor: restructure shell framework components by introducing scene nodes and alignment engine while pruning legacy classes	071	sources/sources/com/tsf/shell/f/i/c/a/b/k.java	sources/sources/com/tsf/shell/f/i/c/a/b/SceneComponentK.java
6c6cc1bfe675a629149401131aecc48dddabccb8	refactor: restructure shell framework components by introducing scene nodes and alignment engine while pruning legacy classes	082	sources/sources/com/tsf/shell/f/i/c/a/b/l.java	sources/sources/com/tsf/shell/f/i/c/a/b/SceneComponentL.java
6c6cc1bfe675a629149401131aecc48dddabccb8	refactor: restructure shell framework components by introducing scene nodes and alignment engine while pruning legacy classes	071	sources/sources/com/tsf/shell/f/i/c/a/b/m.java	sources/sources/com/tsf/shell/f/i/c/a/b/SceneComponentM.java
6c6cc1bfe675a629149401131aecc48dddabccb8	refactor: restructure shell framework components by introducing scene nodes and alignment engine while pruning legacy classes	046	sources/sources/com/tsf/shell/f/i/c/a/b/n.java	sources/sources/com/tsf/shell/f/i/c/a/b/SceneComponentN.java
6c6cc1bfe675a629149401131aecc48dddabccb8	refactor: restructure shell framework components by introducing scene nodes and alignment engine while pruning legacy classes	071	sources/sources/com/tsf/shell/f/i/c/a/b/o.java	sources/sources/com/tsf/shell/f/i/c/a/b/SceneComponentO.java
6c6cc1bfe675a629149401131aecc48dddabccb8	refactor: restructure shell framework components by introducing scene nodes and alignment engine while pruning legacy classes	050	sources/sources/com/tsf/shell/f/i/c/a/b/p.java	sources/sources/com/tsf/shell/f/i/c/a/b/SceneComponentP.java
6c6cc1bfe675a629149401131aecc48dddabccb8	refactor: restructure shell framework components by introducing scene nodes and alignment engine while pruning legacy classes	094	sources/sources/com/tsf/shell/f/i/c/a/c/a.java	sources/sources/com/tsf/shell/f/i/c/a/c/SceneRendererA.java
6c6cc1bfe675a629149401131aecc48dddabccb8	refactor: restructure shell framework components by introducing scene nodes and alignment engine while pruning legacy classes	078	sources/sources/com/tsf/shell/f/i/c/a/c/b.java	sources/sources/com/tsf/shell/f/i/c/a/c/SceneRendererB.java
6c6cc1bfe675a629149401131aecc48dddabccb8	refactor: restructure shell framework components by introducing scene nodes and alignment engine while pruning legacy classes	064	sources/sources/com/tsf/shell/f/i/c/a/c/c.java	sources/sources/com/tsf/shell/f/i/c/a/c/SceneRendererC.java
6c6cc1bfe675a629149401131aecc48dddabccb8	refactor: restructure shell framework components by introducing scene nodes and alignment engine while pruning legacy classes	095	sources/sources/com/tsf/shell/f/i/c/a/c/d.java	sources/sources/com/tsf/shell/f/i/c/a/c/SceneRendererD.java
6c6cc1bfe675a629149401131aecc48dddabccb8	refactor: restructure shell framework components by introducing scene nodes and alignment engine while pruning legacy classes	096	sources/sources/com/tsf/shell/f/i/c/a/c/e.java	sources/sources/com/tsf/shell/f/i/c/a/c/SceneRendererE.java
7e0852cf1198fbb9456bc6134b8e607907c5a10d	refactor: modularize workspace layout, widget handling, and overlay components through extensive package restructuring and class additions	090	sources/sources/com/tsf/shell/f/e/g.java	sources/sources/com/tsf/shell/f/e/AlignmentBackKeyHandler.java
7e0852cf1198fbb9456bc6134b8e607907c5a10d	refactor: modularize workspace layout, widget handling, and overlay components through extensive package restructuring and class additions	085	sources/sources/com/tsf/shell/f/e/A.java	sources/sources/com/tsf/shell/f/e/AlignmentOverlay.java
7e0852cf1198fbb9456bc6134b8e607907c5a10d	refactor: modularize workspace layout, widget handling, and overlay components through extensive package restructuring and class additions	088	sources/sources/com/tsf/shell/f/e/q.java	sources/sources/com/tsf/shell/f/e/AlignmentResizeListener.java
7e0852cf1198fbb9456bc6134b8e607907c5a10d	refactor: modularize workspace layout, widget handling, and overlay components through extensive package restructuring and class additions	094	sources/sources/com/tsf/shell/f/e/k.java	sources/sources/com/tsf/shell/f/e/CircleDotNode.java
7e0852cf1198fbb9456bc6134b8e607907c5a10d	refactor: modularize workspace layout, widget handling, and overlay components through extensive package restructuring and class additions	084	sources/sources/com/tsf/shell/f/e/m.java	sources/sources/com/tsf/shell/f/e/ILassoSelectable.java
7e0852cf1198fbb9456bc6134b8e607907c5a10d	refactor: modularize workspace layout, widget handling, and overlay components through extensive package restructuring and class additions	093	sources/sources/com/tsf/shell/f/e/F.java	sources/sources/com/tsf/shell/f/e/ILayoutItem.java
7e0852cf1198fbb9456bc6134b8e607907c5a10d	refactor: modularize workspace layout, widget handling, and overlay components through extensive package restructuring and class additions	092	sources/sources/com/tsf/shell/f/e/E.java	sources/sources/com/tsf/shell/f/e/ItemTrailContainer.java
7e0852cf1198fbb9456bc6134b8e607907c5a10d	refactor: modularize workspace layout, widget handling, and overlay components through extensive package restructuring and class additions	081	sources/sources/com/tsf/shell/f/e/n.java	sources/sources/com/tsf/shell/f/e/LassoContextMenu.java
7e0852cf1198fbb9456bc6134b8e607907c5a10d	refactor: modularize workspace layout, widget handling, and overlay components through extensive package restructuring and class additions	096	sources/sources/com/tsf/shell/f/e/H.java	sources/sources/com/tsf/shell/f/e/LassoSelectionHandler.java
7e0852cf1198fbb9456bc6134b8e607907c5a10d	refactor: modularize workspace layout, widget handling, and overlay components through extensive package restructuring and class additions	094	sources/sources/com/tsf/shell/f/e/o.java	sources/sources/com/tsf/shell/f/e/MenuBitmapRenderer.java
7e0852cf1198fbb9456bc6134b8e607907c5a10d	refactor: modularize workspace layout, widget handling, and overlay components through extensive package restructuring and class additions	075	sources/sources/com/tsf/shell/f/e/D.java	sources/sources/com/tsf/shell/f/e/ObjectPool.java
7e0852cf1198fbb9456bc6134b8e607907c5a10d	refactor: modularize workspace layout, widget handling, and overlay components through extensive package restructuring and class additions	091	sources/sources/com/tsf/shell/f/e/j.java	sources/sources/com/tsf/shell/f/e/PageIndicatorStrip.java
7e0852cf1198fbb9456bc6134b8e607907c5a10d	refactor: modularize workspace layout, widget handling, and overlay components through extensive package restructuring and class additions	094	sources/sources/com/tsf/shell/f/e/r.java	sources/sources/com/tsf/shell/f/e/PageNumberBadge.java
7e0852cf1198fbb9456bc6134b8e607907c5a10d	refactor: modularize workspace layout, widget handling, and overlay components through extensive package restructuring and class additions	093	sources/sources/com/tsf/shell/f/e/I.java	sources/sources/com/tsf/shell/f/e/SelectionFrame.java
7e0852cf1198fbb9456bc6134b8e607907c5a10d	refactor: modularize workspace layout, widget handling, and overlay components through extensive package restructuring and class additions	098	sources/sources/com/tsf/shell/f/e/C.java	sources/sources/com/tsf/shell/f/e/SpringEasing.java
7e0852cf1198fbb9456bc6134b8e607907c5a10d	refactor: modularize workspace layout, widget handling, and overlay components through extensive package restructuring and class additions	080	sources/sources/com/tsf/shell/f/e/p.java	sources/sources/com/tsf/shell/f/e/StubPlaceholder.java
7e0852cf1198fbb9456bc6134b8e607907c5a10d	refactor: modularize workspace layout, widget handling, and overlay components through extensive package restructuring and class additions	093	sources/sources/com/tsf/shell/f/e/l.java	sources/sources/com/tsf/shell/f/e/ToggleRowItem.java
7e0852cf1198fbb9456bc6134b8e607907c5a10d	refactor: modularize workspace layout, widget handling, and overlay components through extensive package restructuring and class additions	093	sources/sources/com/tsf/shell/f/e/t.java	sources/sources/com/tsf/shell/f/e/WidgetFreeResizeController.java
7e0852cf1198fbb9456bc6134b8e607907c5a10d	refactor: modularize workspace layout, widget handling, and overlay components through extensive package restructuring and class additions	091	sources/sources/com/tsf/shell/f/e/s.java	sources/sources/com/tsf/shell/f/e/WidgetMatchResizeController.java
7e0852cf1198fbb9456bc6134b8e607907c5a10d	refactor: modularize workspace layout, widget handling, and overlay components through extensive package restructuring and class additions	095	sources/sources/com/tsf/shell/f/e/B.java	sources/sources/com/tsf/shell/f/e/WidgetResizeResources.java
7e0852cf1198fbb9456bc6134b8e607907c5a10d	refactor: modularize workspace layout, widget handling, and overlay components through extensive package restructuring and class additions	090	sources/sources/com/tsf/shell/f/e/_a/a.java	sources/sources/com/tsf/shell/f/e/_a/DropTarget.java
7e0852cf1198fbb9456bc6134b8e607907c5a10d	refactor: modularize workspace layout, widget handling, and overlay components through extensive package restructuring and class additions	077	sources/sources/com/tsf/shell/f/e/_a/d.java	sources/sources/com/tsf/shell/f/e/_a/DropTargetIndicator.java
7e0852cf1198fbb9456bc6134b8e607907c5a10d	refactor: modularize workspace layout, widget handling, and overlay components through extensive package restructuring and class additions	080	sources/sources/com/tsf/shell/f/e/_a/c.java	sources/sources/com/tsf/shell/f/e/_a/DropTargetItem.java
7e0852cf1198fbb9456bc6134b8e607907c5a10d	refactor: modularize workspace layout, widget handling, and overlay components through extensive package restructuring and class additions	080	sources/sources/com/tsf/shell/f/e/_a/b.java	sources/sources/com/tsf/shell/f/e/_a/DropTargetKeyHandler.java
7e0852cf1198fbb9456bc6134b8e607907c5a10d	refactor: modularize workspace layout, widget handling, and overlay components through extensive package restructuring and class additions	088	sources/sources/com/tsf/shell/f/e/_b/a.java	sources/sources/com/tsf/shell/f/e/_b/OverlayBackground.java
7e0852cf1198fbb9456bc6134b8e607907c5a10d	refactor: modularize workspace layout, widget handling, and overlay components through extensive package restructuring and class additions	096	sources/sources/com/tsf/shell/f/e/_b/d.java	sources/sources/com/tsf/shell/f/e/_b/OverlayConfig.java
7e0852cf1198fbb9456bc6134b8e607907c5a10d	refactor: modularize workspace layout, widget handling, and overlay components through extensive package restructuring and class additions	083	sources/sources/com/tsf/shell/f/e/_b/b.java	sources/sources/com/tsf/shell/f/e/_b/OverlayEffect.java
7e0852cf1198fbb9456bc6134b8e607907c5a10d	refactor: modularize workspace layout, widget handling, and overlay components through extensive package restructuring and class additions	089	sources/sources/com/tsf/shell/f/e/_b/c.java	sources/sources/com/tsf/shell/f/e/_b/OverlayGradient.java
7e0852cf1198fbb9456bc6134b8e607907c5a10d	refactor: modularize workspace layout, widget handling, and overlay components through extensive package restructuring and class additions	097	sources/sources/com/tsf/shell/f/e/_b/e.java	sources/sources/com/tsf/shell/f/e/_b/OverlayProperty.java
7e0852cf1198fbb9456bc6134b8e607907c5a10d	refactor: modularize workspace layout, widget handling, and overlay components through extensive package restructuring and class additions	096	sources/sources/com/tsf/shell/f/e/_b/f.java	sources/sources/com/tsf/shell/f/e/_b/OverlayShader.java
7e0852cf1198fbb9456bc6134b8e607907c5a10d	refactor: modularize workspace layout, widget handling, and overlay components through extensive package restructuring and class additions	096	sources/sources/com/tsf/shell/f/e/_c/A.java	sources/sources/com/tsf/shell/f/e/_c/PageSnapshotRenderer.java
7e0852cf1198fbb9456bc6134b8e607907c5a10d	refactor: modularize workspace layout, widget handling, and overlay components through extensive package restructuring and class additions	098	sources/sources/com/tsf/shell/f/e/_c/b.java	sources/sources/com/tsf/shell/f/e/_c/SnapshotItem.java
7e0852cf1198fbb9456bc6134b8e607907c5a10d	refactor: modularize workspace layout, widget handling, and overlay components through extensive package restructuring and class additions	095	sources/sources/com/tsf/shell/f/e/_e/b.java	sources/sources/com/tsf/shell/f/e/_e/SelectionCallback.java
7e0852cf1198fbb9456bc6134b8e607907c5a10d	refactor: modularize workspace layout, widget handling, and overlay components through extensive package restructuring and class additions	079	sources/sources/com/tsf/shell/f/e/_e/a.java	sources/sources/com/tsf/shell/f/e/_e/SelectionIndicator.java
7e0852cf1198fbb9456bc6134b8e607907c5a10d	refactor: modularize workspace layout, widget handling, and overlay components through extensive package restructuring and class additions	058	sources/sources/com/tsf/shell/f/e/_e/c.java	sources/sources/com/tsf/shell/f/e/_e/SelectionState.java
7e0852cf1198fbb9456bc6134b8e607907c5a10d	refactor: modularize workspace layout, widget handling, and overlay components through extensive package restructuring and class additions	065	sources/sources/com/tsf/shell/f/e/_e/C0133a.java	sources/sources/com/tsf/shell/f/e/_e/WorkspaceData.java
7e0852cf1198fbb9456bc6134b8e607907c5a10d	refactor: modularize workspace layout, widget handling, and overlay components through extensive package restructuring and class additions	063	sources/sources/com/tsf/shell/f/e/_e/f.java	sources/sources/com/tsf/shell/f/e/_e/WorkspaceTask.java
7e0852cf1198fbb9456bc6134b8e607907c5a10d	refactor: modularize workspace layout, widget handling, and overlay components through extensive package restructuring and class additions	097	sources/sources/com/tsf/shell/f/e/_f/b.java	sources/sources/com/tsf/shell/f/e/_f/EditTarget.java
7e0852cf1198fbb9456bc6134b8e607907c5a10d	refactor: modularize workspace layout, widget handling, and overlay components through extensive package restructuring and class additions	090	sources/sources/com/tsf/shell/f/e/_f/a.java	sources/sources/com/tsf/shell/f/e/_f/WorkspaceEditor.java
7e0852cf1198fbb9456bc6134b8e607907c5a10d	refactor: modularize workspace layout, widget handling, and overlay components through extensive package restructuring and class additions	088	sources/sources/com/tsf/shell/f/e/_g/A.java	sources/sources/com/tsf/shell/f/e/_g/MenuClassButton.java
7e0852cf1198fbb9456bc6134b8e607907c5a10d	refactor: modularize workspace layout, widget handling, and overlay components through extensive package restructuring and class additions	094	sources/sources/com/tsf/shell/f/e/_g/b.java	sources/sources/com/tsf/shell/f/e/_g/MenuContainer.java
7e0852cf1198fbb9456bc6134b8e607907c5a10d	refactor: modularize workspace layout, widget handling, and overlay components through extensive package restructuring and class additions	096	sources/sources/com/tsf/shell/f/e/_g/e.java	sources/sources/com/tsf/shell/f/e/_g/MenuExpandItem.java
7e0852cf1198fbb9456bc6134b8e607907c5a10d	refactor: modularize workspace layout, widget handling, and overlay components through extensive package restructuring and class additions	090	sources/sources/com/tsf/shell/f/e/_g/c.java	sources/sources/com/tsf/shell/f/e/_g/MenuItemHeader.java
7e0852cf1198fbb9456bc6134b8e607907c5a10d	refactor: modularize workspace layout, widget handling, and overlay components through extensive package restructuring and class additions	095	sources/sources/com/tsf/shell/f/e/_g/d.java	sources/sources/com/tsf/shell/f/e/_g/MenuOverlay.java
7e0852cf1198fbb9456bc6134b8e607907c5a10d	refactor: modularize workspace layout, widget handling, and overlay components through extensive package restructuring and class additions	096	sources/sources/com/tsf/shell/f/e/_h/b.java	sources/sources/com/tsf/shell/f/e/_h/IconEditorHelper.java
7e0852cf1198fbb9456bc6134b8e607907c5a10d	refactor: modularize workspace layout, widget handling, and overlay components through extensive package restructuring and class additions	090	sources/sources/com/tsf/shell/f/e/_h/a.java	sources/sources/com/tsf/shell/f/e/_h/PhotoSelectorHelper.java
7e0852cf1198fbb9456bc6134b8e607907c5a10d	refactor: modularize workspace layout, widget handling, and overlay components through extensive package restructuring and class additions	088	sources/sources/com/tsf/shell/f/e/_i/c.java	sources/sources/com/tsf/shell/f/e/_i/GridLayoutCache.java
7e0852cf1198fbb9456bc6134b8e607907c5a10d	refactor: modularize workspace layout, widget handling, and overlay components through extensive package restructuring and class additions	092	sources/sources/com/tsf/shell/f/e/_i/b.java	sources/sources/com/tsf/shell/f/e/_i/GridLayoutCell.java
7e0852cf1198fbb9456bc6134b8e607907c5a10d	refactor: modularize workspace layout, widget handling, and overlay components through extensive package restructuring and class additions	098	sources/sources/com/tsf/shell/f/e/_i/d.java	sources/sources/com/tsf/shell/f/e/_i/GridLayoutConfig.java
7e0852cf1198fbb9456bc6134b8e607907c5a10d	refactor: modularize workspace layout, widget handling, and overlay components through extensive package restructuring and class additions	075	sources/sources/com/tsf/shell/f/e/_i/a.java	sources/sources/com/tsf/shell/f/e/_i/GridLayoutStrategy.java
7e0852cf1198fbb9456bc6134b8e607907c5a10d	refactor: modularize workspace layout, widget handling, and overlay components through extensive package restructuring and class additions	093	sources/sources/com/tsf/shell/f/i/e.java	sources/sources/com/tsf/shell/f/i/ItemStubHelper.java
7e0852cf1198fbb9456bc6134b8e607907c5a10d	refactor: modularize workspace layout, widget handling, and overlay components through extensive package restructuring and class additions	087	sources/sources/com/tsf/shell/f/i/A.java	sources/sources/com/tsf/shell/f/i/MultiSelectController.java
7e0852cf1198fbb9456bc6134b8e607907c5a10d	refactor: modularize workspace layout, widget handling, and overlay components through extensive package restructuring and class additions	078	sources/sources/com/tsf/shell/f/i/_a/b.java	sources/sources/com/tsf/shell/f/i/_a/WidgetDragHandler.java
7e0852cf1198fbb9456bc6134b8e607907c5a10d	refactor: modularize workspace layout, widget handling, and overlay components through extensive package restructuring and class additions	074	sources/sources/com/tsf/shell/f/i/_a/d.java	sources/sources/com/tsf/shell/f/i/_a/WidgetItemDropHandler.java
7e0852cf1198fbb9456bc6134b8e607907c5a10d	refactor: modularize workspace layout, widget handling, and overlay components through extensive package restructuring and class additions	089	sources/sources/com/tsf/shell/f/i/_a/c.java	sources/sources/com/tsf/shell/f/i/_a/WidgetItemTouchHandler.java
7e0852cf1198fbb9456bc6134b8e607907c5a10d	refactor: modularize workspace layout, widget handling, and overlay components through extensive package restructuring and class additions	097	sources/sources/com/tsf/shell/f/i/_a/a.java	sources/sources/com/tsf/shell/f/i/_a/WidgetWallpaperHandler.java
7e0852cf1198fbb9456bc6134b8e607907c5a10d	refactor: modularize workspace layout, widget handling, and overlay components through extensive package restructuring and class additions	084	sources/sources/com/tsf/shell/f/i/_c/A.java	sources/sources/com/tsf/shell/f/i/_c/AnimatedWidgetGroup.java
7e0852cf1198fbb9456bc6134b8e607907c5a10d	refactor: modularize workspace layout, widget handling, and overlay components through extensive package restructuring and class additions	085	sources/sources/com/tsf/shell/f/i/_c/b.java	sources/sources/com/tsf/shell/f/i/_c/DeferredWidgetGroup.java
7e0852cf1198fbb9456bc6134b8e607907c5a10d	refactor: modularize workspace layout, widget handling, and overlay components through extensive package restructuring and class additions	084	sources/sources/com/tsf/shell/f/i/_c/c.java	sources/sources/com/tsf/shell/f/i/_c/FolderWidgetGroup.java
7e0852cf1198fbb9456bc6134b8e607907c5a10d	refactor: modularize workspace layout, widget handling, and overlay components through extensive package restructuring and class additions	091	sources/sources/com/tsf/shell/f/i/_c/d.java	sources/sources/com/tsf/shell/f/i/_c/PendingWidgetGroup.java
7e0852cf1198fbb9456bc6134b8e607907c5a10d	refactor: modularize workspace layout, widget handling, and overlay components through extensive package restructuring and class additions	081	sources/sources/com/tsf/shell/f/i/_c/g.java	sources/sources/com/tsf/shell/f/i/_c/WidgetGroupBase.java
7e0852cf1198fbb9456bc6134b8e607907c5a10d	refactor: modularize workspace layout, widget handling, and overlay components through extensive package restructuring and class additions	095	sources/sources/com/tsf/shell/f/i/_c/e.java	sources/sources/com/tsf/shell/f/i/_c/WidgetLabelProvider.java
7e0852cf1198fbb9456bc6134b8e607907c5a10d	refactor: modularize workspace layout, widget handling, and overlay components through extensive package restructuring and class additions	081	sources/sources/com/tsf/shell/f/i/_c/f.java	sources/sources/com/tsf/shell/f/i/_c/WidgetPreviewLabel.java
7e0852cf1198fbb9456bc6134b8e607907c5a10d	refactor: modularize workspace layout, widget handling, and overlay components through extensive package restructuring and class additions	074	sources/sources/com/tsf/shell/f/i/a/d.java	sources/sources/com/tsf/shell/f/i/a/PageItemDropHandler.java
7e0852cf1198fbb9456bc6134b8e607907c5a10d	refactor: modularize workspace layout, widget handling, and overlay components through extensive package restructuring and class additions	090	sources/sources/com/tsf/shell/f/i/a/c.java	sources/sources/com/tsf/shell/f/i/a/PageItemTouchHandler.java
7e0852cf1198fbb9456bc6134b8e607907c5a10d	refactor: modularize workspace layout, widget handling, and overlay components through extensive package restructuring and class additions	078	sources/sources/com/tsf/shell/f/i/a/b.java	sources/sources/com/tsf/shell/f/i/a/WallpaperDragHandler.java
7e0852cf1198fbb9456bc6134b8e607907c5a10d	refactor: modularize workspace layout, widget handling, and overlay components through extensive package restructuring and class additions	085	sources/sources/com/tsf/shell/f/i/c/A.java	sources/sources/com/tsf/shell/f/i/c/AnimatedItemGroup.java
7e0852cf1198fbb9456bc6134b8e607907c5a10d	refactor: modularize workspace layout, widget handling, and overlay components through extensive package restructuring and class additions	081	sources/sources/com/tsf/shell/f/i/c/f.java	sources/sources/com/tsf/shell/f/i/c/AppPreviewLabel.java
7e0852cf1198fbb9456bc6134b8e607907c5a10d	refactor: modularize workspace layout, widget handling, and overlay components through extensive package restructuring and class additions	086	sources/sources/com/tsf/shell/f/i/c/b.java	sources/sources/com/tsf/shell/f/i/c/DeferredItemGroup.java
7e0852cf1198fbb9456bc6134b8e607907c5a10d	refactor: modularize workspace layout, widget handling, and overlay components through extensive package restructuring and class additions	084	sources/sources/com/tsf/shell/f/i/c/c.java	sources/sources/com/tsf/shell/f/i/c/FolderItemGroup.java
7e0852cf1198fbb9456bc6134b8e607907c5a10d	refactor: modularize workspace layout, widget handling, and overlay components through extensive package restructuring and class additions	082	sources/sources/com/tsf/shell/f/i/c/g.java	sources/sources/com/tsf/shell/f/i/c/ItemGroupBase.java
7e0852cf1198fbb9456bc6134b8e607907c5a10d	refactor: modularize workspace layout, widget handling, and overlay components through extensive package restructuring and class additions	096	sources/sources/com/tsf/shell/f/i/c/e.java	sources/sources/com/tsf/shell/f/i/c/ItemLabelProvider.java
7e0852cf1198fbb9456bc6134b8e607907c5a10d	refactor: modularize workspace layout, widget handling, and overlay components through extensive package restructuring and class additions	092	sources/sources/com/tsf/shell/f/i/c/d.java	sources/sources/com/tsf/shell/f/i/c/PendingItemGroup.java
c79d40f77e6b3e2e2299ae8a499327419313f589	refactor: replace obfuscated transition classes with modular implementation using new TransitionManager and specific transition effect types	097	sources/sources/com/tsf/shell/f/e/c/a/b.java	sources/sources/com/tsf/shell/f/e/c/a/PageContainer.java
c79d40f77e6b3e2e2299ae8a499327419313f589	refactor: replace obfuscated transition classes with modular implementation using new TransitionManager and specific transition effect types	096	sources/sources/com/tsf/shell/f/e/c/a/a.java	sources/sources/com/tsf/shell/f/e/c/a/PageFrame.java
c79d40f77e6b3e2e2299ae8a499327419313f589	refactor: replace obfuscated transition classes with modular implementation using new TransitionManager and specific transition effect types	093	sources/sources/com/tsf/shell/f/e/c/a/c.java	sources/sources/com/tsf/shell/f/e/c/a/ScrollManager.java
c79d40f77e6b3e2e2299ae8a499327419313f589	refactor: replace obfuscated transition classes with modular implementation using new TransitionManager and specific transition effect types	096	sources/sources/com/tsf/shell/f/e/c/a/e.java	sources/sources/com/tsf/shell/f/e/c/a/ScrollOffset.java
c79d40f77e6b3e2e2299ae8a499327419313f589	refactor: replace obfuscated transition classes with modular implementation using new TransitionManager and specific transition effect types	068	sources/sources/com/tsf/shell/f/f/i.java	sources/sources/com/tsf/shell/f/f/ItemPageTransition.java
c79d40f77e6b3e2e2299ae8a499327419313f589	refactor: replace obfuscated transition classes with modular implementation using new TransitionManager and specific transition effect types	096	sources/sources/com/tsf/shell/f/f/l.java	sources/sources/com/tsf/shell/f/f/PageTransitionEffect.java
c79d40f77e6b3e2e2299ae8a499327419313f589	refactor: replace obfuscated transition classes with modular implementation using new TransitionManager and specific transition effect types	076	sources/sources/com/tsf/shell/f/f/e.java	sources/sources/com/tsf/shell/f/f/TransitionConfig.java
c79d40f77e6b3e2e2299ae8a499327419313f589	refactor: replace obfuscated transition classes with modular implementation using new TransitionManager and specific transition effect types	091	sources/sources/com/tsf/shell/f/f/C.java	sources/sources/com/tsf/shell/f/f/TransitionManager.java
c79d40f77e6b3e2e2299ae8a499327419313f589	refactor: replace obfuscated transition classes with modular implementation using new TransitionManager and specific transition effect types	097	sources/sources/com/tsf/shell/f/f/f.java	sources/sources/com/tsf/shell/f/f/TransitionRenderer.java
c79d40f77e6b3e2e2299ae8a499327419313f589	refactor: replace obfuscated transition classes with modular implementation using new TransitionManager and specific transition effect types	094	sources/sources/com/tsf/shell/f/f/b/A.java	sources/sources/com/tsf/shell/f/f/b/ClothTransition.java
c79d40f77e6b3e2e2299ae8a499327419313f589	refactor: replace obfuscated transition classes with modular implementation using new TransitionManager and specific transition effect types	073	sources/sources/com/tsf/shell/f/f/b/b.java	sources/sources/com/tsf/shell/f/f/b/CrossfadeTransition.java
c79d40f77e6b3e2e2299ae8a499327419313f589	refactor: replace obfuscated transition classes with modular implementation using new TransitionManager and specific transition effect types	083	sources/sources/com/tsf/shell/f/f/b/c.java	sources/sources/com/tsf/shell/f/f/b/CubeInsideTransition.java
c79d40f77e6b3e2e2299ae8a499327419313f589	refactor: replace obfuscated transition classes with modular implementation using new TransitionManager and specific transition effect types	084	sources/sources/com/tsf/shell/f/f/b/d.java	sources/sources/com/tsf/shell/f/f/b/CubeOutsideTransition.java
c79d40f77e6b3e2e2299ae8a499327419313f589	refactor: replace obfuscated transition classes with modular implementation using new TransitionManager and specific transition effect types	078	sources/sources/com/tsf/shell/f/f/b/e.java	sources/sources/com/tsf/shell/f/f/b/CurveTransition.java
c79d40f77e6b3e2e2299ae8a499327419313f589	refactor: replace obfuscated transition classes with modular implementation using new TransitionManager and specific transition effect types	086	sources/sources/com/tsf/shell/f/f/b/f.java	sources/sources/com/tsf/shell/f/f/b/CylinderTransition.java
c79d40f77e6b3e2e2299ae8a499327419313f589	refactor: replace obfuscated transition classes with modular implementation using new TransitionManager and specific transition effect types	066	sources/sources/com/tsf/shell/f/f/b/g.java	sources/sources/com/tsf/shell/f/f/b/FlipTransition.java
c79d40f77e6b3e2e2299ae8a499327419313f589	refactor: replace obfuscated transition classes with modular implementation using new TransitionManager and specific transition effect types	079	sources/sources/com/tsf/shell/f/f/b/h.java	sources/sources/com/tsf/shell/f/f/b/FlyInTransition.java
c79d40f77e6b3e2e2299ae8a499327419313f589	refactor: replace obfuscated transition classes with modular implementation using new TransitionManager and specific transition effect types	092	sources/sources/com/tsf/shell/f/f/b/i.java	sources/sources/com/tsf/shell/f/f/b/FoldPageTransition.java
c79d40f77e6b3e2e2299ae8a499327419313f589	refactor: replace obfuscated transition classes with modular implementation using new TransitionManager and specific transition effect types	071	sources/sources/com/tsf/shell/f/f/b/j.java	sources/sources/com/tsf/shell/f/f/b/HorizontalFlipTransition.java
c79d40f77e6b3e2e2299ae8a499327419313f589	refactor: replace obfuscated transition classes with modular implementation using new TransitionManager and specific transition effect types	080	sources/sources/com/tsf/shell/f/f/b/k.java	sources/sources/com/tsf/shell/f/f/b/PageTurnTransition.java
c79d40f77e6b3e2e2299ae8a499327419313f589	refactor: replace obfuscated transition classes with modular implementation using new TransitionManager and specific transition effect types	070	sources/sources/com/tsf/shell/f/f/b/l.java	sources/sources/com/tsf/shell/f/f/b/RollTransition.java
c79d40f77e6b3e2e2299ae8a499327419313f589	refactor: replace obfuscated transition classes with modular implementation using new TransitionManager and specific transition effect types	068	sources/sources/com/tsf/shell/f/f/b/m.java	sources/sources/com/tsf/shell/f/f/b/ScaleInOutTransition.java
c79d40f77e6b3e2e2299ae8a499327419313f589	refactor: replace obfuscated transition classes with modular implementation using new TransitionManager and specific transition effect types	070	sources/sources/com/tsf/shell/f/f/b/o.java	sources/sources/com/tsf/shell/f/f/b/SlopeInsideTransition.java
c79d40f77e6b3e2e2299ae8a499327419313f589	refactor: replace obfuscated transition classes with modular implementation using new TransitionManager and specific transition effect types	070	sources/sources/com/tsf/shell/f/f/b/p.java	sources/sources/com/tsf/shell/f/f/b/SlopeOutsideTransition.java
c79d40f77e6b3e2e2299ae8a499327419313f589	refactor: replace obfuscated transition classes with modular implementation using new TransitionManager and specific transition effect types	065	sources/sources/com/tsf/shell/f/f/b/r.java	sources/sources/com/tsf/shell/f/f/b/SmoothTransition.java
c79d40f77e6b3e2e2299ae8a499327419313f589	refactor: replace obfuscated transition classes with modular implementation using new TransitionManager and specific transition effect types	078	sources/sources/com/tsf/shell/f/f/b/q.java	sources/sources/com/tsf/shell/f/f/b/StackTransition.java
c79d40f77e6b3e2e2299ae8a499327419313f589	refactor: replace obfuscated transition classes with modular implementation using new TransitionManager and specific transition effect types	071	sources/sources/com/tsf/shell/f/f/b/s.java	sources/sources/com/tsf/shell/f/f/b/WaveTransition.java
c79d40f77e6b3e2e2299ae8a499327419313f589	refactor: replace obfuscated transition classes with modular implementation using new TransitionManager and specific transition effect types	069	sources/sources/com/tsf/shell/f/f/b/n.java	sources/sources/com/tsf/shell/f/f/b/WaveZoomOutTransition.java
c79d40f77e6b3e2e2299ae8a499327419313f589	refactor: replace obfuscated transition classes with modular implementation using new TransitionManager and specific transition effect types	080	sources/sources/com/tsf/shell/f/f/b/t.java	sources/sources/com/tsf/shell/f/f/b/WindmillTransition.java
c79d40f77e6b3e2e2299ae8a499327419313f589	refactor: replace obfuscated transition classes with modular implementation using new TransitionManager and specific transition effect types	096	sources/sources/com/tsf/shell/f/h/a/a/a/b.java	sources/sources/com/tsf/shell/f/h/a/a/a/WorkspaceSceneRoot.java
a774e71e51b6d88cab27c79229b088aa531a14de	refactor: consolidate utility classes, streamline widget management, and perform extensive codebase cleanup	086	sources/sources/com/tsf/shell/f/c/a/b/a.java	sources/sources/com/tsf/shell/f/c/a/b/DrawerMenuParams.java
a774e71e51b6d88cab27c79229b088aa531a14de	refactor: consolidate utility classes, streamline widget management, and perform extensive codebase cleanup	098	sources/sources/com/tsf/shell/f/e/c/a/d.java	sources/sources/com/tsf/shell/f/e/c/a/PageScrollState.java
a774e71e51b6d88cab27c79229b088aa531a14de	refactor: consolidate utility classes, streamline widget management, and perform extensive codebase cleanup	089	sources/sources/com/tsf/shell/f/e/h/a.java	sources/sources/com/tsf/shell/f/e/h/PhotoPicker.java
a774e71e51b6d88cab27c79229b088aa531a14de	refactor: consolidate utility classes, streamline widget management, and perform extensive codebase cleanup	084	sources/sources/com/tsf/shell/f/f/j.java	sources/sources/com/tsf/shell/f/f/PageAnimationState.java
a774e71e51b6d88cab27c79229b088aa531a14de	refactor: consolidate utility classes, streamline widget management, and perform extensive codebase cleanup	093	sources/sources/com/tsf/shell/f/f/g.java	sources/sources/com/tsf/shell/f/f/WorkspacePage.java
a774e71e51b6d88cab27c79229b088aa531a14de	refactor: consolidate utility classes, streamline widget management, and perform extensive codebase cleanup	092	sources/sources/com/tsf/shell/f/f/a/h.java	sources/sources/com/tsf/shell/f/f/a/FolderPage.java
a774e71e51b6d88cab27c79229b088aa531a14de	refactor: consolidate utility classes, streamline widget management, and perform extensive codebase cleanup	095	sources/sources/com/tsf/shell/f/h/d.java	sources/sources/com/tsf/shell/f/h/WorkspaceTouchController.java
a774e71e51b6d88cab27c79229b088aa531a14de	refactor: consolidate utility classes, streamline widget management, and perform extensive codebase cleanup	099	sources/sources/com/tsf/shell/f/i/B.java	sources/sources/com/tsf/shell/f/i/PageItem.java
a774e71e51b6d88cab27c79229b088aa531a14de	refactor: consolidate utility classes, streamline widget management, and perform extensive codebase cleanup	093	sources/sources/com/tsf/shell/f/i/C.java	sources/sources/com/tsf/shell/f/i/ShortcutItem.java
a774e71e51b6d88cab27c79229b088aa531a14de	refactor: consolidate utility classes, streamline widget management, and perform extensive codebase cleanup	093	sources/sources/com/tsf/shell/f/i/_b/c/a.java	sources/sources/com/tsf/shell/f/i/_b/c/WidgetPageItem.java
a774e71e51b6d88cab27c79229b088aa531a14de	refactor: consolidate utility classes, streamline widget management, and perform extensive codebase cleanup	095	sources/sources/com/tsf/shell/f/i/_b/d/k.java	sources/sources/com/tsf/shell/f/i/_b/d/ItemPositionAnimator.java
a774e71e51b6d88cab27c79229b088aa531a14de	refactor: consolidate utility classes, streamline widget management, and perform extensive codebase cleanup	097	sources/sources/com/tsf/shell/f/i/_b/d/i.java	sources/sources/com/tsf/shell/f/i/_b/d/ScrollingIndicator.java
a774e71e51b6d88cab27c79229b088aa531a14de	refactor: consolidate utility classes, streamline widget management, and perform extensive codebase cleanup	093	sources/sources/com/tsf/shell/f/i/_b/d/b.java	sources/sources/com/tsf/shell/f/i/_b/d/WorkspaceShortcutItem.java
a774e71e51b6d88cab27c79229b088aa531a14de	refactor: consolidate utility classes, streamline widget management, and perform extensive codebase cleanup	097	sources/sources/com/tsf/shell/f/i/a/a.java	sources/sources/com/tsf/shell/f/i/a/WallpaperTouchHandler.java
a774e71e51b6d88cab27c79229b088aa531a14de	refactor: consolidate utility classes, streamline widget management, and perform extensive codebase cleanup	092	sources/sources/com/tsf/shell/services/b.java	sources/sources/com/tsf/shell/services/ForegroundServiceManager.java
a774e71e51b6d88cab27c79229b088aa531a14de	refactor: consolidate utility classes, streamline widget management, and perform extensive codebase cleanup	094	sources/sources/com/tsf/shell/services/A.java	sources/sources/com/tsf/shell/services/NotifierConnector.java
a774e71e51b6d88cab27c79229b088aa531a14de	refactor: consolidate utility classes, streamline widget management, and perform extensive codebase cleanup	096	sources/sources/com/tsf/shell/services/d.java	sources/sources/com/tsf/shell/services/ToggleServiceConnector.java
a774e71e51b6d88cab27c79229b088aa531a14de	refactor: consolidate utility classes, streamline widget management, and perform extensive codebase cleanup	090	sources/sources/com/tsf/shell/services/a/a.java	sources/sources/com/tsf/shell/services/a/NotifierCounterInterface.java
a774e71e51b6d88cab27c79229b088aa531a14de	refactor: consolidate utility classes, streamline widget management, and perform extensive codebase cleanup	099	sources/sources/com/tsf/shell/utils/q.java	sources/sources/com/tsf/shell/utils/BitmapTransformationHelper.java
a774e71e51b6d88cab27c79229b088aa531a14de	refactor: consolidate utility classes, streamline widget management, and perform extensive codebase cleanup	099	sources/sources/com/tsf/shell/utils/p.java	sources/sources/com/tsf/shell/utils/ColorMatrixImageFilter.java
a774e71e51b6d88cab27c79229b088aa531a14de	refactor: consolidate utility classes, streamline widget management, and perform extensive codebase cleanup	099	sources/sources/com/tsf/shell/utils/u.java	sources/sources/com/tsf/shell/utils/DeviceInfoCollector.java
a774e71e51b6d88cab27c79229b088aa531a14de	refactor: consolidate utility classes, streamline widget management, and perform extensive codebase cleanup	095	sources/sources/com/tsf/shell/utils/r.java	sources/sources/com/tsf/shell/utils/DimensionHelper.java
a774e71e51b6d88cab27c79229b088aa531a14de	refactor: consolidate utility classes, streamline widget management, and perform extensive codebase cleanup	098	sources/sources/com/tsf/shell/utils/j.java	sources/sources/com/tsf/shell/utils/DimensionParser.java
a774e71e51b6d88cab27c79229b088aa531a14de	refactor: consolidate utility classes, streamline widget management, and perform extensive codebase cleanup	088	sources/sources/com/tsf/shell/utils/l.java	sources/sources/com/tsf/shell/utils/ErrorThrower.java
a774e71e51b6d88cab27c79229b088aa531a14de	refactor: consolidate utility classes, streamline widget management, and perform extensive codebase cleanup	096	sources/sources/com/tsf/shell/utils/v.java	sources/sources/com/tsf/shell/utils/ExternalFilesDirResolver.java
a774e71e51b6d88cab27c79229b088aa531a14de	refactor: consolidate utility classes, streamline widget management, and perform extensive codebase cleanup	066	sources/sources/com/tsf/shell/utils/n.java	sources/sources/com/tsf/shell/utils/FeedbackComposer.java
a774e71e51b6d88cab27c79229b088aa531a14de	refactor: consolidate utility classes, streamline widget management, and perform extensive codebase cleanup	099	sources/sources/com/tsf/shell/utils/o.java	sources/sources/com/tsf/shell/utils/FileSystemHelper.java
a774e71e51b6d88cab27c79229b088aa531a14de	refactor: consolidate utility classes, streamline widget management, and perform extensive codebase cleanup	089	sources/sources/com/tsf/shell/utils/m.java	sources/sources/com/tsf/shell/utils/FlurryAnalyticsLogger.java
a774e71e51b6d88cab27c79229b088aa531a14de	refactor: consolidate utility classes, streamline widget management, and perform extensive codebase cleanup	092	sources/sources/com/tsf/shell/utils/s.java	sources/sources/com/tsf/shell/utils/GLShaderCompiler.java
a774e71e51b6d88cab27c79229b088aa531a14de	refactor: consolidate utility classes, streamline widget management, and perform extensive codebase cleanup	099	sources/sources/com/tsf/shell/utils/x.java	sources/sources/com/tsf/shell/utils/GraphicsEngineBridge.java
a774e71e51b6d88cab27c79229b088aa531a14de	refactor: consolidate utility classes, streamline widget management, and perform extensive codebase cleanup	093	sources/sources/com/tsf/shell/utils/w.java	sources/sources/com/tsf/shell/utils/HapticFeedbackManager.java
a774e71e51b6d88cab27c79229b088aa531a14de	refactor: consolidate utility classes, streamline widget management, and perform extensive codebase cleanup	096	sources/sources/com/tsf/shell/utils/i.java	sources/sources/com/tsf/shell/utils/IntentResolver.java
a774e71e51b6d88cab27c79229b088aa531a14de	refactor: consolidate utility classes, streamline widget management, and perform extensive codebase cleanup	098	sources/sources/com/tsf/shell/utils/h.java	sources/sources/com/tsf/shell/utils/ItemInfoListSorter.java
a774e71e51b6d88cab27c79229b088aa531a14de	refactor: consolidate utility classes, streamline widget management, and perform extensive codebase cleanup	095	sources/sources/com/tsf/shell/utils/d.java	sources/sources/com/tsf/shell/utils/LazyBitmapFactory.java
a774e71e51b6d88cab27c79229b088aa531a14de	refactor: consolidate utility classes, streamline widget management, and perform extensive codebase cleanup	097	sources/sources/com/tsf/shell/utils/k.java	sources/sources/com/tsf/shell/utils/MarketLinkHandler.java
a774e71e51b6d88cab27c79229b088aa531a14de	refactor: consolidate utility classes, streamline widget management, and perform extensive codebase cleanup	099	sources/sources/com/tsf/shell/utils/b.java	sources/sources/com/tsf/shell/utils/OEMComponentResolver.java
a774e71e51b6d88cab27c79229b088aa531a14de	refactor: consolidate utility classes, streamline widget management, and perform extensive codebase cleanup	097	sources/sources/com/tsf/shell/utils/a.java	sources/sources/com/tsf/shell/utils/PackageManagerHelper.java
a774e71e51b6d88cab27c79229b088aa531a14de	refactor: consolidate utility classes, streamline widget management, and perform extensive codebase cleanup	090	sources/sources/com/tsf/shell/utils/y.java	sources/sources/com/tsf/shell/utils/PercentClamper.java
a774e71e51b6d88cab27c79229b088aa531a14de	refactor: consolidate utility classes, streamline widget management, and perform extensive codebase cleanup	084	sources/sources/com/tsf/shell/utils/f.java	sources/sources/com/tsf/shell/utils/PercentToAlphaConverter.java
a774e71e51b6d88cab27c79229b088aa531a14de	refactor: consolidate utility classes, streamline widget management, and perform extensive codebase cleanup	095	sources/sources/com/tsf/shell/utils/c.java	sources/sources/com/tsf/shell/utils/ReusableBitmapHolder.java
a774e71e51b6d88cab27c79229b088aa531a14de	refactor: consolidate utility classes, streamline widget management, and perform extensive codebase cleanup	097	sources/sources/com/tsf/shell/utils/e.java	sources/sources/com/tsf/shell/utils/SelectionDotRenderer.java
a774e71e51b6d88cab27c79229b088aa531a14de	refactor: consolidate utility classes, streamline widget management, and perform extensive codebase cleanup	099	sources/sources/com/tsf/shell/utils/t.java	sources/sources/com/tsf/shell/utils/SignatureVerifier.java
a774e71e51b6d88cab27c79229b088aa531a14de	refactor: consolidate utility classes, streamline widget management, and perform extensive codebase cleanup	096	sources/sources/com/tsf/shell/utils/g.java	sources/sources/com/tsf/shell/utils/StatusBarHelper.java
a774e71e51b6d88cab27c79229b088aa531a14de	refactor: consolidate utility classes, streamline widget management, and perform extensive codebase cleanup	099	sources/sources/com/tsf/shell/utils/z.java	sources/sources/com/tsf/shell/utils/ZipArchiver.java
6389fce245adea425546fcc7b1cd5f82ddc30e47	refactor: restructure shell manager components, replace legacy manager classes with specialized controllers, and clean up theme/preference utilities.	046	sources/sources/com/tsf/shell/manager/A.java	sources/sources/com/tsf/shell/manager/GlobalServiceLocator.java
6389fce245adea425546fcc7b1cd5f82ddc30e47	refactor: restructure shell manager components, replace legacy manager classes with specialized controllers, and clean up theme/preference utilities.	098	sources/sources/com/tsf/shell/manager/action/a.java	sources/sources/com/tsf/shell/manager/action/ActionDatabaseHelper.java
6389fce245adea425546fcc7b1cd5f82ddc30e47	refactor: restructure shell manager components, replace legacy manager classes with specialized controllers, and clean up theme/preference utilities.	098	sources/sources/com/tsf/shell/manager/action/b.java	sources/sources/com/tsf/shell/manager/action/ActionManager.java
6389fce245adea425546fcc7b1cd5f82ddc30e47	refactor: restructure shell manager components, replace legacy manager classes with specialized controllers, and clean up theme/preference utilities.	096	sources/sources/com/tsf/shell/manager/action/e.java	sources/sources/com/tsf/shell/manager/action/ActionModel.java
6389fce245adea425546fcc7b1cd5f82ddc30e47	refactor: restructure shell manager components, replace legacy manager classes with specialized controllers, and clean up theme/preference utilities.	095	sources/sources/com/tsf/shell/manager/action/d.java	sources/sources/com/tsf/shell/manager/action/ActionSelectorAdapter.java
6389fce245adea425546fcc7b1cd5f82ddc30e47	refactor: restructure shell manager components, replace legacy manager classes with specialized controllers, and clean up theme/preference utilities.	098	sources/sources/com/tsf/shell/manager/action/f.java	sources/sources/com/tsf/shell/manager/action/GestureHandler.java
6389fce245adea425546fcc7b1cd5f82ddc30e47	refactor: restructure shell manager components, replace legacy manager classes with specialized controllers, and clean up theme/preference utilities.	097	sources/sources/com/tsf/shell/manager/action/c.java	sources/sources/com/tsf/shell/manager/action/ShortcutCreator.java
6389fce245adea425546fcc7b1cd5f82ddc30e47	refactor: restructure shell manager components, replace legacy manager classes with specialized controllers, and clean up theme/preference utilities.	098	sources/sources/com/tsf/shell/manager/action/toggle/B.java	sources/sources/com/tsf/shell/manager/action/toggle/ToggleAction.java
6389fce245adea425546fcc7b1cd5f82ddc30e47	refactor: restructure shell manager components, replace legacy manager classes with specialized controllers, and clean up theme/preference utilities.	080	sources/sources/com/tsf/shell/manager/action/toggle/A.java	sources/sources/com/tsf/shell/manager/action/toggle/TogglePanelManager.java
6389fce245adea425546fcc7b1cd5f82ddc30e47	refactor: restructure shell manager components, replace legacy manager classes with specialized controllers, and clean up theme/preference utilities.	090	sources/sources/com/tsf/shell/manager/action/toggle/a/b.java	sources/sources/com/tsf/shell/manager/action/toggle/a/ToggleActionBrightness.java
6389fce245adea425546fcc7b1cd5f82ddc30e47	refactor: restructure shell manager components, replace legacy manager classes with specialized controllers, and clean up theme/preference utilities.	087	sources/sources/com/tsf/shell/manager/action/toggle/a/c.java	sources/sources/com/tsf/shell/manager/action/toggle/a/ToggleActionConnector.java
6389fce245adea425546fcc7b1cd5f82ddc30e47	refactor: restructure shell manager components, replace legacy manager classes with specialized controllers, and clean up theme/preference utilities.	080	sources/sources/com/tsf/shell/manager/action/toggle/a/f.java	sources/sources/com/tsf/shell/manager/action/toggle/a/ToggleActionFlashlight.java
6389fce245adea425546fcc7b1cd5f82ddc30e47	refactor: restructure shell manager components, replace legacy manager classes with specialized controllers, and clean up theme/preference utilities.	085	sources/sources/com/tsf/shell/manager/action/toggle/a/d.java	sources/sources/com/tsf/shell/manager/action/toggle/a/ToggleActionMobileData.java
6389fce245adea425546fcc7b1cd5f82ddc30e47	refactor: restructure shell manager components, replace legacy manager classes with specialized controllers, and clean up theme/preference utilities.	086	sources/sources/com/tsf/shell/manager/action/toggle/a/e.java	sources/sources/com/tsf/shell/manager/action/toggle/a/ToggleActionVolume.java
6389fce245adea425546fcc7b1cd5f82ddc30e47	refactor: restructure shell manager components, replace legacy manager classes with specialized controllers, and clean up theme/preference utilities.	082	sources/sources/com/tsf/shell/manager/action/toggle/a/a.java	sources/sources/com/tsf/shell/manager/action/toggle/a/ToggleActionWifi.java
6389fce245adea425546fcc7b1cd5f82ddc30e47	refactor: restructure shell manager components, replace legacy manager classes with specialized controllers, and clean up theme/preference utilities.	084	sources/sources/com/tsf/shell/manager/b/a.java	sources/sources/com/tsf/shell/manager/b/BackupDataAdapter.java
6389fce245adea425546fcc7b1cd5f82ddc30e47	refactor: restructure shell manager components, replace legacy manager classes with specialized controllers, and clean up theme/preference utilities.	093	sources/sources/com/tsf/shell/manager/b/c.java	sources/sources/com/tsf/shell/manager/b/BackupEntry.java
6389fce245adea425546fcc7b1cd5f82ddc30e47	refactor: restructure shell manager components, replace legacy manager classes with specialized controllers, and clean up theme/preference utilities.	089	sources/sources/com/tsf/shell/manager/b/d.java	sources/sources/com/tsf/shell/manager/b/BackupExportManager.java
6389fce245adea425546fcc7b1cd5f82ddc30e47	refactor: restructure shell manager components, replace legacy manager classes with specialized controllers, and clean up theme/preference utilities.	081	sources/sources/com/tsf/shell/manager/b/b.java	sources/sources/com/tsf/shell/manager/b/BackupRestoreManager.java
6389fce245adea425546fcc7b1cd5f82ddc30e47	refactor: restructure shell manager components, replace legacy manager classes with specialized controllers, and clean up theme/preference utilities.	099	sources/sources/com/tsf/shell/manager/b/e.java	sources/sources/com/tsf/shell/manager/b/ConfigManager.java
6389fce245adea425546fcc7b1cd5f82ddc30e47	refactor: restructure shell manager components, replace legacy manager classes with specialized controllers, and clean up theme/preference utilities.	097	sources/sources/com/tsf/shell/manager/b/f.java	sources/sources/com/tsf/shell/manager/b/TempPreferenceManager.java
6389fce245adea425546fcc7b1cd5f82ddc30e47	refactor: restructure shell manager components, replace legacy manager classes with specialized controllers, and clean up theme/preference utilities.	095	sources/sources/com/tsf/shell/manager/bind/c.java	sources/sources/com/tsf/shell/manager/bind/ShellBindCallback.java
6389fce245adea425546fcc7b1cd5f82ddc30e47	refactor: restructure shell manager components, replace legacy manager classes with specialized controllers, and clean up theme/preference utilities.	098	sources/sources/com/tsf/shell/manager/bind/a.java	sources/sources/com/tsf/shell/manager/bind/ShellBindContext.java
6389fce245adea425546fcc7b1cd5f82ddc30e47	refactor: restructure shell manager components, replace legacy manager classes with specialized controllers, and clean up theme/preference utilities.	084	sources/sources/com/tsf/shell/manager/bind/b.java	sources/sources/com/tsf/shell/manager/bind/ShellBindController.java
6389fce245adea425546fcc7b1cd5f82ddc30e47	refactor: restructure shell manager components, replace legacy manager classes with specialized controllers, and clean up theme/preference utilities.	087	sources/sources/com/tsf/shell/manager/bind/d.java	sources/sources/com/tsf/shell/manager/bind/ShellBindStub.java
6389fce245adea425546fcc7b1cd5f82ddc30e47	refactor: restructure shell manager components, replace legacy manager classes with specialized controllers, and clean up theme/preference utilities.	092	sources/sources/com/tsf/shell/manager/c/A.java	sources/sources/com/tsf/shell/manager/c/ContactDatabaseHelper.java
6389fce245adea425546fcc7b1cd5f82ddc30e47	refactor: restructure shell manager components, replace legacy manager classes with specialized controllers, and clean up theme/preference utilities.	093	sources/sources/com/tsf/shell/manager/c/b.java	sources/sources/com/tsf/shell/manager/c/ContactManager.java
6389fce245adea425546fcc7b1cd5f82ddc30e47	refactor: restructure shell manager components, replace legacy manager classes with specialized controllers, and clean up theme/preference utilities.	094	sources/sources/com/tsf/shell/manager/c/c.java	sources/sources/com/tsf/shell/manager/c/ContactsProviderHelper.java
6389fce245adea425546fcc7b1cd5f82ddc30e47	refactor: restructure shell manager components, replace legacy manager classes with specialized controllers, and clean up theme/preference utilities.	092	sources/sources/com/tsf/shell/manager/c/a/a/a.java	sources/sources/com/tsf/shell/manager/c/a/a/ContactModel.java
6389fce245adea425546fcc7b1cd5f82ddc30e47	refactor: restructure shell manager components, replace legacy manager classes with specialized controllers, and clean up theme/preference utilities.	091	sources/sources/com/tsf/shell/manager/d/a.java	sources/sources/com/tsf/shell/manager/d/HitTargetManager.java
6389fce245adea425546fcc7b1cd5f82ddc30e47	refactor: restructure shell manager components, replace legacy manager classes with specialized controllers, and clean up theme/preference utilities.	082	sources/sources/com/tsf/shell/manager/e/a.java	sources/sources/com/tsf/shell/manager/e/ScreenSaverDelayConfig.java
6389fce245adea425546fcc7b1cd5f82ddc30e47	refactor: restructure shell manager components, replace legacy manager classes with specialized controllers, and clean up theme/preference utilities.	089	sources/sources/com/tsf/shell/manager/f/c.java	sources/sources/com/tsf/shell/manager/f/LauncherInitController.java
6389fce245adea425546fcc7b1cd5f82ddc30e47	refactor: restructure shell manager components, replace legacy manager classes with specialized controllers, and clean up theme/preference utilities.	092	sources/sources/com/tsf/shell/manager/f/a.java	sources/sources/com/tsf/shell/manager/f/ScreenFadeController.java
6389fce245adea425546fcc7b1cd5f82ddc30e47	refactor: restructure shell manager components, replace legacy manager classes with specialized controllers, and clean up theme/preference utilities.	095	sources/sources/com/tsf/shell/manager/f/d.java	sources/sources/com/tsf/shell/manager/f/ViewportController.java
6389fce245adea425546fcc7b1cd5f82ddc30e47	refactor: restructure shell manager components, replace legacy manager classes with specialized controllers, and clean up theme/preference utilities.	097	sources/sources/com/tsf/shell/manager/f/b.java	sources/sources/com/tsf/shell/manager/f/WorkspaceScene.java
6389fce245adea425546fcc7b1cd5f82ddc30e47	refactor: restructure shell manager components, replace legacy manager classes with specialized controllers, and clean up theme/preference utilities.	096	sources/sources/com/tsf/shell/manager/g/a.java	sources/sources/com/tsf/shell/manager/g/LayoutDimensionConstants.java
6389fce245adea425546fcc7b1cd5f82ddc30e47	refactor: restructure shell manager components, replace legacy manager classes with specialized controllers, and clean up theme/preference utilities.	097	sources/sources/com/tsf/shell/manager/h/a.java	sources/sources/com/tsf/shell/manager/h/ScreenLockController.java
6389fce245adea425546fcc7b1cd5f82ddc30e47	refactor: restructure shell manager components, replace legacy manager classes with specialized controllers, and clean up theme/preference utilities.	095	sources/sources/com/tsf/shell/manager/i/a.java	sources/sources/com/tsf/shell/manager/i/PrimeEffectRenderer.java
6389fce245adea425546fcc7b1cd5f82ddc30e47	refactor: restructure shell manager components, replace legacy manager classes with specialized controllers, and clean up theme/preference utilities.	069	sources/sources/com/tsf/shell/manager/j/i.java	sources/sources/com/tsf/shell/manager/j/LayoutContainer.java
6389fce245adea425546fcc7b1cd5f82ddc30e47	refactor: restructure shell manager components, replace legacy manager classes with specialized controllers, and clean up theme/preference utilities.	093	sources/sources/com/tsf/shell/manager/j/b.java	sources/sources/com/tsf/shell/manager/j/RateDialog.java
6389fce245adea425546fcc7b1cd5f82ddc30e47	refactor: restructure shell manager components, replace legacy manager classes with specialized controllers, and clean up theme/preference utilities.	089	sources/sources/com/tsf/shell/manager/j/c.java	sources/sources/com/tsf/shell/manager/j/RateDialogController.java
6389fce245adea425546fcc7b1cd5f82ddc30e47	refactor: restructure shell manager components, replace legacy manager classes with specialized controllers, and clean up theme/preference utilities.	094	sources/sources/com/tsf/shell/manager/j/a.java	sources/sources/com/tsf/shell/manager/j/RateFaceView.java
6389fce245adea425546fcc7b1cd5f82ddc30e47	refactor: restructure shell manager components, replace legacy manager classes with specialized controllers, and clean up theme/preference utilities.	090	sources/sources/com/tsf/shell/manager/j/d.java	sources/sources/com/tsf/shell/manager/j/TexturedBackground.java
6389fce245adea425546fcc7b1cd5f82ddc30e47	refactor: restructure shell manager components, replace legacy manager classes with specialized controllers, and clean up theme/preference utilities.	094	sources/sources/com/tsf/shell/manager/k/a.java	sources/sources/com/tsf/shell/manager/k/TypefaceCache.java
6389fce245adea425546fcc7b1cd5f82ddc30e47	refactor: restructure shell manager components, replace legacy manager classes with specialized controllers, and clean up theme/preference utilities.	091	sources/sources/com/tsf/shell/manager/l/a.java	sources/sources/com/tsf/shell/manager/l/ShortcutManager.java
6389fce245adea425546fcc7b1cd5f82ddc30e47	refactor: restructure shell manager components, replace legacy manager classes with specialized controllers, and clean up theme/preference utilities.	059	sources/sources/com/tsf/shell/manager/l/b.java	sources/sources/com/tsf/shell/manager/l/ShortcutManagerHolder.java
6389fce245adea425546fcc7b1cd5f82ddc30e47	refactor: restructure shell manager components, replace legacy manager classes with specialized controllers, and clean up theme/preference utilities.	092	sources/sources/com/tsf/shell/manager/m/c.java	sources/sources/com/tsf/shell/manager/m/AddItemButton.java
6389fce245adea425546fcc7b1cd5f82ddc30e47	refactor: restructure shell manager components, replace legacy manager classes with specialized controllers, and clean up theme/preference utilities.	096	sources/sources/com/tsf/shell/manager/m/a.java	sources/sources/com/tsf/shell/manager/m/DragSortContainer.java
6389fce245adea425546fcc7b1cd5f82ddc30e47	refactor: restructure shell manager components, replace legacy manager classes with specialized controllers, and clean up theme/preference utilities.	092	sources/sources/com/tsf/shell/manager/m/d.java	sources/sources/com/tsf/shell/manager/m/SideMenuIndicator.java
6389fce245adea425546fcc7b1cd5f82ddc30e47	refactor: restructure shell manager components, replace legacy manager classes with specialized controllers, and clean up theme/preference utilities.	088	sources/sources/com/tsf/shell/manager/m/b.java	sources/sources/com/tsf/shell/manager/m/SideMenuManager.java
6389fce245adea425546fcc7b1cd5f82ddc30e47	refactor: restructure shell manager components, replace legacy manager classes with specialized controllers, and clean up theme/preference utilities.	072	sources/sources/com/tsf/shell/manager/m/f.java	sources/sources/com/tsf/shell/manager/m/UnknownStub.java
6389fce245adea425546fcc7b1cd5f82ddc30e47	refactor: restructure shell manager components, replace legacy manager classes with specialized controllers, and clean up theme/preference utilities.	085	sources/sources/com/tsf/shell/manager/n/a.java	sources/sources/com/tsf/shell/manager/n/ToastOverlayController.java
6389fce245adea425546fcc7b1cd5f82ddc30e47	refactor: restructure shell manager components, replace legacy manager classes with specialized controllers, and clean up theme/preference utilities.	099	sources/sources/com/tsf/shell/manager/o/A.java	sources/sources/com/tsf/shell/manager/o/ButtonMetrics.java
6389fce245adea425546fcc7b1cd5f82ddc30e47	refactor: restructure shell manager components, replace legacy manager classes with specialized controllers, and clean up theme/preference utilities.	075	sources/sources/com/tsf/shell/manager/o/b.java	sources/sources/com/tsf/shell/manager/o/ButtonPresetManager.java
6389fce245adea425546fcc7b1cd5f82ddc30e47	refactor: restructure shell manager components, replace legacy manager classes with specialized controllers, and clean up theme/preference utilities.	084	sources/sources/com/tsf/shell/manager/o/d.java	sources/sources/com/tsf/shell/manager/o/EmptyStub.java
6389fce245adea425546fcc7b1cd5f82ddc30e47	refactor: restructure shell manager components, replace legacy manager classes with specialized controllers, and clean up theme/preference utilities.	097	sources/sources/com/tsf/shell/manager/o/c.java	sources/sources/com/tsf/shell/manager/o/ThemeColorConstants.java
6389fce245adea425546fcc7b1cd5f82ddc30e47	refactor: restructure shell manager components, replace legacy manager classes with specialized controllers, and clean up theme/preference utilities.	052	sources/sources/com/tsf/shell/manager/o/_a/d.java	sources/sources/com/tsf/shell/manager/o/_a/EmptyLabelElementV2.java
6389fce245adea425546fcc7b1cd5f82ddc30e47	refactor: restructure shell manager components, replace legacy manager classes with specialized controllers, and clean up theme/preference utilities.	093	sources/sources/com/tsf/shell/manager/o/_a/c.java	sources/sources/com/tsf/shell/manager/o/_a/LabelManagerV2.java
6389fce245adea425546fcc7b1cd5f82ddc30e47	refactor: restructure shell manager components, replace legacy manager classes with specialized controllers, and clean up theme/preference utilities.	097	sources/sources/com/tsf/shell/manager/o/_a/a.java	sources/sources/com/tsf/shell/manager/o/_a/TextConfigV2.java
6389fce245adea425546fcc7b1cd5f82ddc30e47	refactor: restructure shell manager components, replace legacy manager classes with specialized controllers, and clean up theme/preference utilities.	087	sources/sources/com/tsf/shell/manager/o/_a/b.java	sources/sources/com/tsf/shell/manager/o/_a/TextLabelElementV2.java
6389fce245adea425546fcc7b1cd5f82ddc30e47	refactor: restructure shell manager components, replace legacy manager classes with specialized controllers, and clean up theme/preference utilities.	053	sources/sources/com/tsf/shell/manager/o/a/d.java	sources/sources/com/tsf/shell/manager/o/a/EmptyLabelElement.java
6389fce245adea425546fcc7b1cd5f82ddc30e47	refactor: restructure shell manager components, replace legacy manager classes with specialized controllers, and clean up theme/preference utilities.	086	sources/sources/com/tsf/shell/manager/o/a/c.java	sources/sources/com/tsf/shell/manager/o/a/LabelManager.java
6389fce245adea425546fcc7b1cd5f82ddc30e47	refactor: restructure shell manager components, replace legacy manager classes with specialized controllers, and clean up theme/preference utilities.	097	sources/sources/com/tsf/shell/manager/o/a/a.java	sources/sources/com/tsf/shell/manager/o/a/TextConfig.java
6389fce245adea425546fcc7b1cd5f82ddc30e47	refactor: restructure shell manager components, replace legacy manager classes with specialized controllers, and clean up theme/preference utilities.	084	sources/sources/com/tsf/shell/manager/o/a/b.java	sources/sources/com/tsf/shell/manager/o/a/TextLabelElement.java
6389fce245adea425546fcc7b1cd5f82ddc30e47	refactor: restructure shell manager components, replace legacy manager classes with specialized controllers, and clean up theme/preference utilities.	092	sources/sources/com/tsf/shell/manager/p/b.java	sources/sources/com/tsf/shell/manager/p/GestureTipElement.java
6389fce245adea425546fcc7b1cd5f82ddc30e47	refactor: restructure shell manager components, replace legacy manager classes with specialized controllers, and clean up theme/preference utilities.	091	sources/sources/com/tsf/shell/manager/p/f.java	sources/sources/com/tsf/shell/manager/p/PreferenceToggle.java
6389fce245adea425546fcc7b1cd5f82ddc30e47	refactor: restructure shell manager components, replace legacy manager classes with specialized controllers, and clean up theme/preference utilities.	094	sources/sources/com/tsf/shell/manager/p/e.java	sources/sources/com/tsf/shell/manager/p/ThemePreferenceProvider.java
6389fce245adea425546fcc7b1cd5f82ddc30e47	refactor: restructure shell manager components, replace legacy manager classes with specialized controllers, and clean up theme/preference utilities.	092	sources/sources/com/tsf/shell/manager/p/d.java	sources/sources/com/tsf/shell/manager/p/ThemePreferenceStore.java
6389fce245adea425546fcc7b1cd5f82ddc30e47	refactor: restructure shell manager components, replace legacy manager classes with specialized controllers, and clean up theme/preference utilities.	089	sources/sources/com/tsf/shell/manager/p/a.java	sources/sources/com/tsf/shell/manager/p/ThemeTransitionAnimator.java
6389fce245adea425546fcc7b1cd5f82ddc30e47	refactor: restructure shell manager components, replace legacy manager classes with specialized controllers, and clean up theme/preference utilities.	093	sources/sources/com/tsf/shell/manager/p/c.java	sources/sources/com/tsf/shell/manager/p/TipsDialogManager.java
6389fce245adea425546fcc7b1cd5f82ddc30e47	refactor: restructure shell manager components, replace legacy manager classes with specialized controllers, and clean up theme/preference utilities.	090	sources/sources/com/tsf/shell/manager/q/a.java	sources/sources/com/tsf/shell/manager/q/UnreadBadgeManager.java
6389fce245adea425546fcc7b1cd5f82ddc30e47	refactor: restructure shell manager components, replace legacy manager classes with specialized controllers, and clean up theme/preference utilities.	099	sources/sources/com/tsf/shell/manager/r/A.java	sources/sources/com/tsf/shell/manager/r/BoundsHelper.java
6389fce245adea425546fcc7b1cd5f82ddc30e47	refactor: restructure shell manager components, replace legacy manager classes with specialized controllers, and clean up theme/preference utilities.	091	sources/sources/com/tsf/shell/manager/r/a/a.java	sources/sources/com/tsf/shell/manager/r/a/AppWidgetHostManager.java
6389fce245adea425546fcc7b1cd5f82ddc30e47	refactor: restructure shell manager components, replace legacy manager classes with specialized controllers, and clean up theme/preference utilities.	083	sources/sources/com/tsf/shell/manager/r/a/c.java	sources/sources/com/tsf/shell/manager/r/a/WidgetBoundsDelegate.java
6389fce245adea425546fcc7b1cd5f82ddc30e47	refactor: restructure shell manager components, replace legacy manager classes with specialized controllers, and clean up theme/preference utilities.	088	sources/sources/com/tsf/shell/manager/r/a/b.java	sources/sources/com/tsf/shell/manager/r/a/WidgetInstanceTracker.java
6389fce245adea425546fcc7b1cd5f82ddc30e47	refactor: restructure shell manager components, replace legacy manager classes with specialized controllers, and clean up theme/preference utilities.	082	sources/sources/com/tsf/shell/manager/r/b/C.java	sources/sources/com/tsf/shell/manager/r/b/ScrollableItemListPanel.java
6389fce245adea425546fcc7b1cd5f82ddc30e47	refactor: restructure shell manager components, replace legacy manager classes with specialized controllers, and clean up theme/preference utilities.	067	sources/sources/com/tsf/shell/manager/r/b/d.java	sources/sources/com/tsf/shell/manager/r/b/ShortcutsPanel.java
6389fce245adea425546fcc7b1cd5f82ddc30e47	refactor: restructure shell manager components, replace legacy manager classes with specialized controllers, and clean up theme/preference utilities.	078	sources/sources/com/tsf/shell/manager/r/b/e.java	sources/sources/com/tsf/shell/manager/r/b/TogglePanel.java
6389fce245adea425546fcc7b1cd5f82ddc30e47	refactor: restructure shell manager components, replace legacy manager classes with specialized controllers, and clean up theme/preference utilities.	075	sources/sources/com/tsf/shell/manager/r/b/B.java	sources/sources/com/tsf/shell/manager/r/b/WidgetDecorationPanel.java
6389fce245adea425546fcc7b1cd5f82ddc30e47	refactor: restructure shell manager components, replace legacy manager classes with specialized controllers, and clean up theme/preference utilities.	064	sources/sources/com/tsf/shell/manager/r/b/A.java	sources/sources/com/tsf/shell/manager/r/b/WidgetMenuPanel.java
6389fce245adea425546fcc7b1cd5f82ddc30e47	refactor: restructure shell manager components, replace legacy manager classes with specialized controllers, and clean up theme/preference utilities.	086	sources/sources/com/tsf/shell/manager/r/b/a/c.java	sources/sources/com/tsf/shell/manager/r/b/a/AppListItemCell.java
6389fce245adea425546fcc7b1cd5f82ddc30e47	refactor: restructure shell manager components, replace legacy manager classes with specialized controllers, and clean up theme/preference utilities.	085	sources/sources/com/tsf/shell/manager/r/b/a/a.java	sources/sources/com/tsf/shell/manager/r/b/a/AppListPanel.java
6389fce245adea425546fcc7b1cd5f82ddc30e47	refactor: restructure shell manager components, replace legacy manager classes with specialized controllers, and clean up theme/preference utilities.	087	sources/sources/com/tsf/shell/manager/r/b/a/B.java	sources/sources/com/tsf/shell/manager/r/b/a/AppSelectionIndicatorBar.java
6389fce245adea425546fcc7b1cd5f82ddc30e47	refactor: restructure shell manager components, replace legacy manager classes with specialized controllers, and clean up theme/preference utilities.	082	sources/sources/com/tsf/shell/manager/r/b/b/a.java	sources/sources/com/tsf/shell/manager/r/b/b/SlidePanelAnimatorBase.java
6389fce245adea425546fcc7b1cd5f82ddc30e47	refactor: restructure shell manager components, replace legacy manager classes with specialized controllers, and clean up theme/preference utilities.	070	sources/sources/com/tsf/shell/manager/r/b/c/b.java	sources/sources/com/tsf/shell/manager/r/b/c/SystemWidgetProviderBrowser.java
6389fce245adea425546fcc7b1cd5f82ddc30e47	refactor: restructure shell manager components, replace legacy manager classes with specialized controllers, and clean up theme/preference utilities.	065	sources/sources/com/tsf/shell/manager/r/b/c/e.java	sources/sources/com/tsf/shell/manager/r/b/c/WidgetDragDropArea.java
6389fce245adea425546fcc7b1cd5f82ddc30e47	refactor: restructure shell manager components, replace legacy manager classes with specialized controllers, and clean up theme/preference utilities.	074	sources/sources/com/tsf/shell/manager/r/b/c/f.java	sources/sources/com/tsf/shell/manager/r/b/c/WidgetDragHandler.java
6389fce245adea425546fcc7b1cd5f82ddc30e47	refactor: restructure shell manager components, replace legacy manager classes with specialized controllers, and clean up theme/preference utilities.	066	sources/sources/com/tsf/shell/manager/r/b/c/c.java	sources/sources/com/tsf/shell/manager/r/b/c/WidgetInstanceListPanel.java
6389fce245adea425546fcc7b1cd5f82ddc30e47	refactor: restructure shell manager components, replace legacy manager classes with specialized controllers, and clean up theme/preference utilities.	060	sources/sources/com/tsf/shell/manager/r/b/c/d.java	sources/sources/com/tsf/shell/manager/r/b/c/WidgetPanelOrchestrator.java
6389fce245adea425546fcc7b1cd5f82ddc30e47	refactor: restructure shell manager components, replace legacy manager classes with specialized controllers, and clean up theme/preference utilities.	070	sources/sources/com/tsf/shell/manager/r/b/c/g.java	sources/sources/com/tsf/shell/manager/r/b/c/WidgetPanelToggle.java
6389fce245adea425546fcc7b1cd5f82ddc30e47	refactor: restructure shell manager components, replace legacy manager classes with specialized controllers, and clean up theme/preference utilities.	096	sources/sources/com/tsf/shell/manager/r/b/c/h.java	sources/sources/com/tsf/shell/manager/r/b/c/WidgetPreviewCell.java
6389fce245adea425546fcc7b1cd5f82ddc30e47	refactor: restructure shell manager components, replace legacy manager classes with specialized controllers, and clean up theme/preference utilities.	079	sources/sources/com/tsf/shell/manager/r/b/c/a.java	sources/sources/com/tsf/shell/manager/r/b/c/WidgetProviderInfoBar.java
6389fce245adea425546fcc7b1cd5f82ddc30e47	refactor: restructure shell manager components, replace legacy manager classes with specialized controllers, and clean up theme/preference utilities.	095	sources/sources/com/tsf/shell/manager/r/c/A.java	sources/sources/com/tsf/shell/manager/r/c/IconRenderer.java
6389fce245adea425546fcc7b1cd5f82ddc30e47	refactor: restructure shell manager components, replace legacy manager classes with specialized controllers, and clean up theme/preference utilities.	079	sources/sources/com/tsf/shell/manager/r/c/h.java	sources/sources/com/tsf/shell/manager/r/c/KeyEventListener.java
6389fce245adea425546fcc7b1cd5f82ddc30e47	refactor: restructure shell manager components, replace legacy manager classes with specialized controllers, and clean up theme/preference utilities.	088	sources/sources/com/tsf/shell/manager/r/c/d.java	sources/sources/com/tsf/shell/manager/r/c/MultiSelectLinePicker.java
6389fce245adea425546fcc7b1cd5f82ddc30e47	refactor: restructure shell manager components, replace legacy manager classes with specialized controllers, and clean up theme/preference utilities.	095	sources/sources/com/tsf/shell/manager/r/c/c.java	sources/sources/com/tsf/shell/manager/r/c/WidgetCompatibilityChecker.java
6389fce245adea425546fcc7b1cd5f82ddc30e47	refactor: restructure shell manager components, replace legacy manager classes with specialized controllers, and clean up theme/preference utilities.	093	sources/sources/com/tsf/shell/manager/r/c/f.java	sources/sources/com/tsf/shell/manager/r/c/WidgetDefinitionFactory.java
6389fce245adea425546fcc7b1cd5f82ddc30e47	refactor: restructure shell manager components, replace legacy manager classes with specialized controllers, and clean up theme/preference utilities.	091	sources/sources/com/tsf/shell/manager/r/c/g.java	sources/sources/com/tsf/shell/manager/r/c/WidgetDeleteAnimationUtil.java
6389fce245adea425546fcc7b1cd5f82ddc30e47	refactor: restructure shell manager components, replace legacy manager classes with specialized controllers, and clean up theme/preference utilities.	081	sources/sources/com/tsf/shell/manager/r/c/b.java	sources/sources/com/tsf/shell/manager/r/c/WidgetFeatureConfig.java
6389fce245adea425546fcc7b1cd5f82ddc30e47	refactor: restructure shell manager components, replace legacy manager classes with specialized controllers, and clean up theme/preference utilities.	083	sources/sources/com/tsf/shell/manager/r/c/e.java	sources/sources/com/tsf/shell/manager/r/c/WidgetRegistryManager.java
6389fce245adea425546fcc7b1cd5f82ddc30e47	refactor: restructure shell manager components, replace legacy manager classes with specialized controllers, and clean up theme/preference utilities.	092	sources/sources/com/tsf/shell/manager/r/c/a/a.java	sources/sources/com/tsf/shell/manager/r/c/a/WidgetInstantiator.java
6389fce245adea425546fcc7b1cd5f82ddc30e47	refactor: restructure shell manager components, replace legacy manager classes with specialized controllers, and clean up theme/preference utilities.	091	sources/sources/com/tsf/shell/manager/r/c/a/b.java	sources/sources/com/tsf/shell/manager/r/c/a/WidgetPlacementHelper.java
6389fce245adea425546fcc7b1cd5f82ddc30e47	refactor: restructure shell manager components, replace legacy manager classes with specialized controllers, and clean up theme/preference utilities.	089	sources/sources/com/tsf/shell/manager/wallpaper/c.java	sources/sources/com/tsf/shell/manager/wallpaper/BlurSettingsMenu.java
6389fce245adea425546fcc7b1cd5f82ddc30e47	refactor: restructure shell manager components, replace legacy manager classes with specialized controllers, and clean up theme/preference utilities.	053	sources/sources/com/tsf/shell/manager/wallpaper/d.java	sources/sources/com/tsf/shell/manager/wallpaper/LiveWallpaperMenuItem.java
6389fce245adea425546fcc7b1cd5f82ddc30e47	refactor: restructure shell manager components, replace legacy manager classes with specialized controllers, and clean up theme/preference utilities.	066	sources/sources/com/tsf/shell/manager/wallpaper/e.java	sources/sources/com/tsf/shell/manager/wallpaper/WallpaperMenuContainer.java
6389fce245adea425546fcc7b1cd5f82ddc30e47	refactor: restructure shell manager components, replace legacy manager classes with specialized controllers, and clean up theme/preference utilities.	082	sources/sources/com/tsf/shell/manager/wallpaper/b.java	sources/sources/com/tsf/shell/manager/wallpaper/WallpaperMenuPanel.java
6389fce245adea425546fcc7b1cd5f82ddc30e47	refactor: restructure shell manager components, replace legacy manager classes with specialized controllers, and clean up theme/preference utilities.	097	sources/sources/com/tsf/shell/manager/wallpaper/a.java	sources/sources/com/tsf/shell/manager/wallpaper/WallpaperPreviewRenderer.java
636a32ab29bb0168dd82c15b385597357f365414	refactor: restructure shell manager architecture with new widget, state, and observer utility components	087	sources/sources/com/tsf/shell/e/d.java	sources/sources/com/tsf/shell/e/CellLayout.java
636a32ab29bb0168dd82c15b385597357f365414	refactor: restructure shell manager architecture with new widget, state, and observer utility components	087	sources/sources/com/tsf/shell/e/e.java	sources/sources/com/tsf/shell/e/DragLayer.java
636a32ab29bb0168dd82c15b385597357f365414	refactor: restructure shell manager architecture with new widget, state, and observer utility components	075	sources/sources/com/tsf/shell/e/a.java	sources/sources/com/tsf/shell/e/TSFAppWidgetHost.java
636a32ab29bb0168dd82c15b385597357f365414	refactor: restructure shell manager architecture with new widget, state, and observer utility components	088	sources/sources/com/tsf/shell/e/c.java	sources/sources/com/tsf/shell/e/TSFAppWidgetHostView.java
636a32ab29bb0168dd82c15b385597357f365414	refactor: restructure shell manager architecture with new widget, state, and observer utility components	094	sources/sources/com/tsf/shell/e/b.java	sources/sources/com/tsf/shell/e/WidgetContainer.java
636a32ab29bb0168dd82c15b385597357f365414	refactor: restructure shell manager architecture with new widget, state, and observer utility components	093	sources/sources/com/tsf/shell/e/f.java	sources/sources/com/tsf/shell/e/Workspace3D.java
636a32ab29bb0168dd82c15b385597357f365414	refactor: restructure shell manager architecture with new widget, state, and observer utility components	091	sources/sources/com/tsf/shell/manager/app/c.java	sources/sources/com/tsf/shell/manager/app/AppListModel.java
636a32ab29bb0168dd82c15b385597357f365414	refactor: restructure shell manager architecture with new widget, state, and observer utility components	083	sources/sources/com/tsf/shell/manager/app/s.java	sources/sources/com/tsf/shell/manager/app/CallbackHandler.java
636a32ab29bb0168dd82c15b385597357f365414	refactor: restructure shell manager architecture with new widget, state, and observer utility components	087	sources/sources/com/tsf/shell/manager/app/e.java	sources/sources/com/tsf/shell/manager/app/DataCoordinator.java
636a32ab29bb0168dd82c15b385597357f365414	refactor: restructure shell manager architecture with new widget, state, and observer utility components	080	sources/sources/com/tsf/shell/manager/app/r.java	sources/sources/com/tsf/shell/manager/app/EventHandler.java
636a32ab29bb0168dd82c15b385597357f365414	refactor: restructure shell manager architecture with new widget, state, and observer utility components	074	sources/sources/com/tsf/shell/manager/app/A.java	sources/sources/com/tsf/shell/manager/app/FeatureConfig.java
636a32ab29bb0168dd82c15b385597357f365414	refactor: restructure shell manager architecture with new widget, state, and observer utility components	093	sources/sources/com/tsf/shell/manager/app/d.java	sources/sources/com/tsf/shell/manager/app/FolderManager.java
636a32ab29bb0168dd82c15b385597357f365414	refactor: restructure shell manager architecture with new widget, state, and observer utility components	071	sources/sources/com/tsf/shell/manager/app/D.java	sources/sources/com/tsf/shell/manager/app/Initializer.java
636a32ab29bb0168dd82c15b385597357f365414	refactor: restructure shell manager architecture with new widget, state, and observer utility components	088	sources/sources/com/tsf/shell/manager/app/q.java	sources/sources/com/tsf/shell/manager/app/Notifier.java
636a32ab29bb0168dd82c15b385597357f365414	refactor: restructure shell manager architecture with new widget, state, and observer utility components	087	sources/sources/com/tsf/shell/manager/app/z.java	sources/sources/com/tsf/shell/manager/app/ObjectRegistry.java
636a32ab29bb0168dd82c15b385597357f365414	refactor: restructure shell manager architecture with new widget, state, and observer utility components	083	sources/sources/com/tsf/shell/manager/app/b.java	sources/sources/com/tsf/shell/manager/app/ObserverManager.java
636a32ab29bb0168dd82c15b385597357f365414	refactor: restructure shell manager architecture with new widget, state, and observer utility components	058	sources/sources/com/tsf/shell/manager/app/n.java	sources/sources/com/tsf/shell/manager/app/PanelStateManager.java
636a32ab29bb0168dd82c15b385597357f365414	refactor: restructure shell manager architecture with new widget, state, and observer utility components	092	sources/sources/com/tsf/shell/manager/app/B.java	sources/sources/com/tsf/shell/manager/app/PreferenceProvider.java
636a32ab29bb0168dd82c15b385597357f365414	refactor: restructure shell manager architecture with new widget, state, and observer utility components	066	sources/sources/com/tsf/shell/manager/app/o.java	sources/sources/com/tsf/shell/manager/app/ServiceFactory.java
636a32ab29bb0168dd82c15b385597357f365414	refactor: restructure shell manager architecture with new widget, state, and observer utility components	085	sources/sources/com/tsf/shell/manager/app/w.java	sources/sources/com/tsf/shell/manager/app/ServiceProvider.java
636a32ab29bb0168dd82c15b385597357f365414	refactor: restructure shell manager architecture with new widget, state, and observer utility components	095	sources/sources/com/tsf/shell/manager/app/h.java	sources/sources/com/tsf/shell/manager/app/StateHub.java
636a32ab29bb0168dd82c15b385597357f365414	refactor: restructure shell manager architecture with new widget, state, and observer utility components	084	sources/sources/com/tsf/shell/manager/app/k.java	sources/sources/com/tsf/shell/manager/app/StateManager.java
636a32ab29bb0168dd82c15b385597357f365414	refactor: restructure shell manager architecture with new widget, state, and observer utility components	090	sources/sources/com/tsf/shell/manager/app/j.java	sources/sources/com/tsf/shell/manager/app/TaskScheduler.java
636a32ab29bb0168dd82c15b385597357f365414	refactor: restructure shell manager architecture with new widget, state, and observer utility components	094	sources/sources/com/tsf/shell/manager/app/t.java	sources/sources/com/tsf/shell/manager/app/TextureCache.java
636a32ab29bb0168dd82c15b385597357f365414	refactor: restructure shell manager architecture with new widget, state, and observer utility components	094	sources/sources/com/tsf/shell/manager/app/p.java	sources/sources/com/tsf/shell/manager/app/WidgetAnimator.java
636a32ab29bb0168dd82c15b385597357f365414	refactor: restructure shell manager architecture with new widget, state, and observer utility components	077	sources/sources/com/tsf/shell/manager/app/i.java	sources/sources/com/tsf/shell/manager/app/WidgetManager.java
636a32ab29bb0168dd82c15b385597357f365414	refactor: restructure shell manager architecture with new widget, state, and observer utility components	088	sources/sources/com/tsf/shell/manager/app/g.java	sources/sources/com/tsf/shell/manager/app/WidgetPanelController.java
636a32ab29bb0168dd82c15b385597357f365414	refactor: restructure shell manager architecture with new widget, state, and observer utility components	092	sources/sources/com/tsf/shell/manager/app/v/b.java	sources/sources/com/tsf/shell/manager/app/v/AnimationHelper.java
636a32ab29bb0168dd82c15b385597357f365414	refactor: restructure shell manager architecture with new widget, state, and observer utility components	096	sources/sources/com/tsf/shell/manager/app/v/a.java	sources/sources/com/tsf/shell/manager/app/v/FlagHelper.java
636a32ab29bb0168dd82c15b385597357f365414	refactor: restructure shell manager architecture with new widget, state, and observer utility components	091	sources/sources/com/tsf/shell/manager/app/v/c.java	sources/sources/com/tsf/shell/manager/app/v/ObjectHelper.java
636a32ab29bb0168dd82c15b385597357f365414	refactor: restructure shell manager architecture with new widget, state, and observer utility components	077	sources/sources/com/tsf/shell/manager/app/v/e.java	sources/sources/com/tsf/shell/manager/app/v/ScreenHelper.java
636a32ab29bb0168dd82c15b385597357f365414	refactor: restructure shell manager architecture with new widget, state, and observer utility components	075	sources/sources/com/tsf/shell/manager/app/v/d.java	sources/sources/com/tsf/shell/manager/app/v/SimpleHelper.java
636a32ab29bb0168dd82c15b385597357f365414	refactor: restructure shell manager architecture with new widget, state, and observer utility components	081	sources/sources/com/tsf/shell/manager/app/v/f.java	sources/sources/com/tsf/shell/manager/app/v/StateAccessor.java
9487f6f2b2a798f8a43aa14eb56445ec8184dacc	refactor: rename class f to LauncherAppInfo and add runtime version mapping documentation	075	sources/sources/com/tsf/shell/manager/app/a.java	sources/sources/com/tsf/shell/manager/app/AppListManager.java
9487f6f2b2a798f8a43aa14eb56445ec8184dacc	refactor: rename class f to LauncherAppInfo and add runtime version mapping documentation	097	sources/sources/com/tsf/shell/manager/app/f.java	sources/sources/com/tsf/shell/manager/app/LauncherAppInfo.java
a3ca31ec78fce92f3951e5531803aafd4ebba70d	refactor: remove legacy manager components and perform extensive internal cleanup across shell and C3DEngine modules	066	sources/sources/com/tsf/shell/_a/a/A.java	sources/sources/com/tsf/shell/a/a/A.java
a3ca31ec78fce92f3951e5531803aafd4ebba70d	refactor: remove legacy manager components and perform extensive internal cleanup across shell and C3DEngine modules	093	sources/sources/com/tsf/shell/_a/a/a.java	sources/sources/com/tsf/shell/a/a/a.java
a3ca31ec78fce92f3951e5531803aafd4ebba70d	refactor: remove legacy manager components and perform extensive internal cleanup across shell and C3DEngine modules	097	sources/sources/com/tsf/shell/_a/a/b.java	sources/sources/com/tsf/shell/a/a/b.java
a3ca31ec78fce92f3951e5531803aafd4ebba70d	refactor: remove legacy manager components and perform extensive internal cleanup across shell and C3DEngine modules	094	sources/sources/com/tsf/shell/_a/a/c.java	sources/sources/com/tsf/shell/a/a/c.java
a3ca31ec78fce92f3951e5531803aafd4ebba70d	refactor: remove legacy manager components and perform extensive internal cleanup across shell and C3DEngine modules	099	sources/sources/com/tsf/shell/_a/a/d.java	sources/sources/com/tsf/shell/a/a/d.java
a3ca31ec78fce92f3951e5531803aafd4ebba70d	refactor: remove legacy manager components and perform extensive internal cleanup across shell and C3DEngine modules	088	sources/sources/com/tsf/shell/_a/a/e.java	sources/sources/com/tsf/shell/a/a/e.java
a3ca31ec78fce92f3951e5531803aafd4ebba70d	refactor: remove legacy manager components and perform extensive internal cleanup across shell and C3DEngine modules	098	sources/sources/com/tsf/shell/_a/b/a.java	sources/sources/com/tsf/shell/a/b/a.java
945076f00cc04742189b239a73eb49586fa046c8	refactor: rename and reorganize shell manager classes and action toggles	097	sources/sources/com/tsf/shell/f/h/b.java	sources/sources/com/tsf/shell/f/h/B.java
945076f00cc04742189b239a73eb49586fa046c8	refactor: rename and reorganize shell manager classes and action toggles	097	sources/sources/com/tsf/shell/manager/action/toggle/b.java	sources/sources/com/tsf/shell/manager/action/toggle/B.java
945076f00cc04742189b239a73eb49586fa046c8	refactor: rename and reorganize shell manager classes and action toggles	098	sources/sources/com/tsf/shell/manager/r/b/a/b.java	sources/sources/com/tsf/shell/manager/r/b/a/B.java
506cb70b4d3da0f90e738c072c33ed453fbc3160	refactor: reorganize and relocate classification animation classes and associated logic	090	sources/sources/com/tsf/shell/f/f/a/_c/a/a.java	sources/sources/com/tsf/shell/f/f/a/_c/_a/a.java
506cb70b4d3da0f90e738c072c33ed453fbc3160	refactor: reorganize and relocate classification animation classes and associated logic	097	sources/sources/com/tsf/shell/f/f/a/_c/a/b.java	sources/sources/com/tsf/shell/f/f/a/_c/_a/b.java
506cb70b4d3da0f90e738c072c33ed453fbc3160	refactor: reorganize and relocate classification animation classes and associated logic	090	sources/sources/com/tsf/shell/f/f/a/c/a/a.java	sources/sources/com/tsf/shell/f/f/a/c/_a/a.java
506cb70b4d3da0f90e738c072c33ed453fbc3160	refactor: reorganize and relocate classification animation classes and associated logic	098	sources/sources/com/tsf/shell/f/f/a/c/a/b.java	sources/sources/com/tsf/shell/f/f/a/c/_a/b.java
cb6244e2bb60e8ce686cd2ac0ecc1e267ad4b8ea	refactor: restructure package hierarchy and resolve build-time reference errors	093	sources/sources/com/tsf/shell/a/a/a.java	sources/sources/com/tsf/shell/_a/a/a.java
cb6244e2bb60e8ce686cd2ac0ecc1e267ad4b8ea	refactor: restructure package hierarchy and resolve build-time reference errors	097	sources/sources/com/tsf/shell/a/a/b.java	sources/sources/com/tsf/shell/_a/a/b.java
cb6244e2bb60e8ce686cd2ac0ecc1e267ad4b8ea	refactor: restructure package hierarchy and resolve build-time reference errors	094	sources/sources/com/tsf/shell/a/a/c.java	sources/sources/com/tsf/shell/_a/a/c.java
cb6244e2bb60e8ce686cd2ac0ecc1e267ad4b8ea	refactor: restructure package hierarchy and resolve build-time reference errors	099	sources/sources/com/tsf/shell/a/a/d.java	sources/sources/com/tsf/shell/_a/a/d.java
cb6244e2bb60e8ce686cd2ac0ecc1e267ad4b8ea	refactor: restructure package hierarchy and resolve build-time reference errors	088	sources/sources/com/tsf/shell/a/a/e.java	sources/sources/com/tsf/shell/_a/a/e.java
cb6244e2bb60e8ce686cd2ac0ecc1e267ad4b8ea	refactor: restructure package hierarchy and resolve build-time reference errors	098	sources/sources/com/tsf/shell/a/b/a.java	sources/sources/com/tsf/shell/_a/b/a.java
cb6244e2bb60e8ce686cd2ac0ecc1e267ad4b8ea	refactor: restructure package hierarchy and resolve build-time reference errors	057	sources/sources/com/tsf/shell/f/d/A.java	sources/sources/com/tsf/shell/f/_d/A.java
cb6244e2bb60e8ce686cd2ac0ecc1e267ad4b8ea	refactor: restructure package hierarchy and resolve build-time reference errors	097	sources/sources/com/tsf/shell/f/d/a/A.java	sources/sources/com/tsf/shell/f/_d/a/A.java
cb6244e2bb60e8ce686cd2ac0ecc1e267ad4b8ea	refactor: restructure package hierarchy and resolve build-time reference errors	096	sources/sources/com/tsf/shell/f/d/a/_a/a.java	sources/sources/com/tsf/shell/f/_d/a/_a/a.java
cb6244e2bb60e8ce686cd2ac0ecc1e267ad4b8ea	refactor: restructure package hierarchy and resolve build-time reference errors	084	sources/sources/com/tsf/shell/f/d/a/a/b.java	sources/sources/com/tsf/shell/f/_d/a/_a/b.java
cb6244e2bb60e8ce686cd2ac0ecc1e267ad4b8ea	refactor: restructure package hierarchy and resolve build-time reference errors	085	sources/sources/com/tsf/shell/f/d/a/_a/c.java	sources/sources/com/tsf/shell/f/_d/a/_a/c.java
cb6244e2bb60e8ce686cd2ac0ecc1e267ad4b8ea	refactor: restructure package hierarchy and resolve build-time reference errors	093	sources/sources/com/tsf/shell/f/d/a/_a/d.java	sources/sources/com/tsf/shell/f/_d/a/_a/d.java
cb6244e2bb60e8ce686cd2ac0ecc1e267ad4b8ea	refactor: restructure package hierarchy and resolve build-time reference errors	063	sources/sources/com/tsf/shell/f/d/a/a/e.java	sources/sources/com/tsf/shell/f/_d/a/_a/e.java
cb6244e2bb60e8ce686cd2ac0ecc1e267ad4b8ea	refactor: restructure package hierarchy and resolve build-time reference errors	080	sources/sources/com/tsf/shell/f/d/a/a/f.java	sources/sources/com/tsf/shell/f/_d/a/_a/f.java
cb6244e2bb60e8ce686cd2ac0ecc1e267ad4b8ea	refactor: restructure package hierarchy and resolve build-time reference errors	079	sources/sources/com/tsf/shell/f/d/a/_a/g.java	sources/sources/com/tsf/shell/f/_d/a/_a/g.java
cb6244e2bb60e8ce686cd2ac0ecc1e267ad4b8ea	refactor: restructure package hierarchy and resolve build-time reference errors	079	sources/sources/com/tsf/shell/f/d/a/_a/h.java	sources/sources/com/tsf/shell/f/_d/a/_a/h.java
cb6244e2bb60e8ce686cd2ac0ecc1e267ad4b8ea	refactor: restructure package hierarchy and resolve build-time reference errors	096	sources/sources/com/tsf/shell/f/d/a/a/a.java	sources/sources/com/tsf/shell/f/_d/a/a/a.java
cb6244e2bb60e8ce686cd2ac0ecc1e267ad4b8ea	refactor: restructure package hierarchy and resolve build-time reference errors	085	sources/sources/com/tsf/shell/f/d/a/_a/b.java	sources/sources/com/tsf/shell/f/_d/a/a/b.java
cb6244e2bb60e8ce686cd2ac0ecc1e267ad4b8ea	refactor: restructure package hierarchy and resolve build-time reference errors	085	sources/sources/com/tsf/shell/f/d/a/a/c.java	sources/sources/com/tsf/shell/f/_d/a/a/c.java
cb6244e2bb60e8ce686cd2ac0ecc1e267ad4b8ea	refactor: restructure package hierarchy and resolve build-time reference errors	093	sources/sources/com/tsf/shell/f/d/a/a/d.java	sources/sources/com/tsf/shell/f/_d/a/a/d.java
cb6244e2bb60e8ce686cd2ac0ecc1e267ad4b8ea	refactor: restructure package hierarchy and resolve build-time reference errors	063	sources/sources/com/tsf/shell/f/d/a/_a/e.java	sources/sources/com/tsf/shell/f/_d/a/a/e.java
cb6244e2bb60e8ce686cd2ac0ecc1e267ad4b8ea	refactor: restructure package hierarchy and resolve build-time reference errors	081	sources/sources/com/tsf/shell/f/d/a/_a/f.java	sources/sources/com/tsf/shell/f/_d/a/a/f.java
cb6244e2bb60e8ce686cd2ac0ecc1e267ad4b8ea	refactor: restructure package hierarchy and resolve build-time reference errors	079	sources/sources/com/tsf/shell/f/d/a/a/g.java	sources/sources/com/tsf/shell/f/_d/a/a/g.java
cb6244e2bb60e8ce686cd2ac0ecc1e267ad4b8ea	refactor: restructure package hierarchy and resolve build-time reference errors	079	sources/sources/com/tsf/shell/f/d/a/a/h.java	sources/sources/com/tsf/shell/f/_d/a/a/h.java
cb6244e2bb60e8ce686cd2ac0ecc1e267ad4b8ea	refactor: restructure package hierarchy and resolve build-time reference errors	096	sources/sources/com/tsf/shell/f/d/a/b.java	sources/sources/com/tsf/shell/f/_d/a/b.java
cb6244e2bb60e8ce686cd2ac0ecc1e267ad4b8ea	refactor: restructure package hierarchy and resolve build-time reference errors	092	sources/sources/com/tsf/shell/f/d/a/c.java	sources/sources/com/tsf/shell/f/_d/a/c.java
cb6244e2bb60e8ce686cd2ac0ecc1e267ad4b8ea	refactor: restructure package hierarchy and resolve build-time reference errors	072	sources/sources/com/tsf/shell/f/d/b/A.java	sources/sources/com/tsf/shell/f/_d/b/A.java
cb6244e2bb60e8ce686cd2ac0ecc1e267ad4b8ea	refactor: restructure package hierarchy and resolve build-time reference errors	093	sources/sources/com/tsf/shell/f/d/b/a/a.java	sources/sources/com/tsf/shell/f/_d/b/a/a.java
cb6244e2bb60e8ce686cd2ac0ecc1e267ad4b8ea	refactor: restructure package hierarchy and resolve build-time reference errors	089	sources/sources/com/tsf/shell/f/d/b/a/b.java	sources/sources/com/tsf/shell/f/_d/b/a/b.java
cb6244e2bb60e8ce686cd2ac0ecc1e267ad4b8ea	refactor: restructure package hierarchy and resolve build-time reference errors	092	sources/sources/com/tsf/shell/f/d/b/a/c.java	sources/sources/com/tsf/shell/f/_d/b/a/c.java
cb6244e2bb60e8ce686cd2ac0ecc1e267ad4b8ea	refactor: restructure package hierarchy and resolve build-time reference errors	095	sources/sources/com/tsf/shell/f/d/b/a/d.java	sources/sources/com/tsf/shell/f/_d/b/a/d.java
cb6244e2bb60e8ce686cd2ac0ecc1e267ad4b8ea	refactor: restructure package hierarchy and resolve build-time reference errors	089	sources/sources/com/tsf/shell/f/d/b/a/e.java	sources/sources/com/tsf/shell/f/_d/b/a/e.java
cb6244e2bb60e8ce686cd2ac0ecc1e267ad4b8ea	refactor: restructure package hierarchy and resolve build-time reference errors	089	sources/sources/com/tsf/shell/f/d/b/a/f.java	sources/sources/com/tsf/shell/f/_d/b/a/f.java
cb6244e2bb60e8ce686cd2ac0ecc1e267ad4b8ea	refactor: restructure package hierarchy and resolve build-time reference errors	082	sources/sources/com/tsf/shell/f/d/c/A.java	sources/sources/com/tsf/shell/f/_d/c/A.java
cb6244e2bb60e8ce686cd2ac0ecc1e267ad4b8ea	refactor: restructure package hierarchy and resolve build-time reference errors	095	sources/sources/com/tsf/shell/f/d/c/a/a.java	sources/sources/com/tsf/shell/f/_d/c/a/a.java
cb6244e2bb60e8ce686cd2ac0ecc1e267ad4b8ea	refactor: restructure package hierarchy and resolve build-time reference errors	095	sources/sources/com/tsf/shell/f/d/c/a/b.java	sources/sources/com/tsf/shell/f/_d/c/a/b.java
cb6244e2bb60e8ce686cd2ac0ecc1e267ad4b8ea	refactor: restructure package hierarchy and resolve build-time reference errors	096	sources/sources/com/tsf/shell/f/d/c/a/c.java	sources/sources/com/tsf/shell/f/_d/c/a/c.java
cb6244e2bb60e8ce686cd2ac0ecc1e267ad4b8ea	refactor: restructure package hierarchy and resolve build-time reference errors	091	sources/sources/com/tsf/shell/f/d/c/a/d.java	sources/sources/com/tsf/shell/f/_d/c/a/d.java
cb6244e2bb60e8ce686cd2ac0ecc1e267ad4b8ea	refactor: restructure package hierarchy and resolve build-time reference errors	094	sources/sources/com/tsf/shell/f/d/c/a/e.java	sources/sources/com/tsf/shell/f/_d/c/a/e.java
cb6244e2bb60e8ce686cd2ac0ecc1e267ad4b8ea	refactor: restructure package hierarchy and resolve build-time reference errors	078	sources/sources/com/tsf/shell/f/d/d/A.java	sources/sources/com/tsf/shell/f/_d/d/A.java
cb6244e2bb60e8ce686cd2ac0ecc1e267ad4b8ea	refactor: restructure package hierarchy and resolve build-time reference errors	090	sources/sources/com/tsf/shell/f/d/d/a/a.java	sources/sources/com/tsf/shell/f/_d/d/a/a.java
cb6244e2bb60e8ce686cd2ac0ecc1e267ad4b8ea	refactor: restructure package hierarchy and resolve build-time reference errors	061	sources/sources/com/tsf/shell/f/d/d/a/b.java	sources/sources/com/tsf/shell/f/_d/d/a/b.java
cb6244e2bb60e8ce686cd2ac0ecc1e267ad4b8ea	refactor: restructure package hierarchy and resolve build-time reference errors	076	sources/sources/com/tsf/shell/f/d/d/a/c.java	sources/sources/com/tsf/shell/f/_d/d/a/c.java
cb6244e2bb60e8ce686cd2ac0ecc1e267ad4b8ea	refactor: restructure package hierarchy and resolve build-time reference errors	097	sources/sources/com/tsf/shell/f/d/d/b.java	sources/sources/com/tsf/shell/f/_d/d/b.java
cb6244e2bb60e8ce686cd2ac0ecc1e267ad4b8ea	refactor: restructure package hierarchy and resolve build-time reference errors	098	sources/sources/com/tsf/shell/f/d/d/c.java	sources/sources/com/tsf/shell/f/_d/d/c.java
cb6244e2bb60e8ce686cd2ac0ecc1e267ad4b8ea	refactor: restructure package hierarchy and resolve build-time reference errors	098	sources/sources/com/tsf/shell/f/d/d/d.java	sources/sources/com/tsf/shell/f/_d/d/d.java
cb6244e2bb60e8ce686cd2ac0ecc1e267ad4b8ea	refactor: restructure package hierarchy and resolve build-time reference errors	095	sources/sources/com/tsf/shell/f/d/e/A.java	sources/sources/com/tsf/shell/f/_d/e/A.java
cb6244e2bb60e8ce686cd2ac0ecc1e267ad4b8ea	refactor: restructure package hierarchy and resolve build-time reference errors	078	sources/sources/com/tsf/shell/f/d/e/a/a.java	sources/sources/com/tsf/shell/f/_d/e/a/a.java
cb6244e2bb60e8ce686cd2ac0ecc1e267ad4b8ea	refactor: restructure package hierarchy and resolve build-time reference errors	097	sources/sources/com/tsf/shell/f/d/e/a/b.java	sources/sources/com/tsf/shell/f/_d/e/a/b.java
cb6244e2bb60e8ce686cd2ac0ecc1e267ad4b8ea	refactor: restructure package hierarchy and resolve build-time reference errors	062	sources/sources/com/tsf/shell/f/d/e/b.java	sources/sources/com/tsf/shell/f/_d/e/b.java
cb6244e2bb60e8ce686cd2ac0ecc1e267ad4b8ea	refactor: restructure package hierarchy and resolve build-time reference errors	097	sources/sources/com/tsf/shell/f/f/a/_d/a/a.java	sources/sources/com/tsf/shell/f/f/a/_d/_a/a.java
cb6244e2bb60e8ce686cd2ac0ecc1e267ad4b8ea	refactor: restructure package hierarchy and resolve build-time reference errors	096	sources/sources/com/tsf/shell/f/f/a/_d/a/b.java	sources/sources/com/tsf/shell/f/f/a/_d/_a/b.java
cb6244e2bb60e8ce686cd2ac0ecc1e267ad4b8ea	refactor: restructure package hierarchy and resolve build-time reference errors	095	sources/sources/com/tsf/shell/f/f/a/_d/a/c.java	sources/sources/com/tsf/shell/f/f/a/_d/_a/c.java
cb6244e2bb60e8ce686cd2ac0ecc1e267ad4b8ea	refactor: restructure package hierarchy and resolve build-time reference errors	092	sources/sources/com/tsf/shell/f/f/a/_d/a/d.java	sources/sources/com/tsf/shell/f/f/a/_d/_a/d.java
cb6244e2bb60e8ce686cd2ac0ecc1e267ad4b8ea	refactor: restructure package hierarchy and resolve build-time reference errors	095	sources/sources/com/tsf/shell/f/f/a/_d/a/e.java	sources/sources/com/tsf/shell/f/f/a/_d/_a/e.java
cb6244e2bb60e8ce686cd2ac0ecc1e267ad4b8ea	refactor: restructure package hierarchy and resolve build-time reference errors	095	sources/sources/com/tsf/shell/f/f/a/_d/a/f.java	sources/sources/com/tsf/shell/f/f/a/_d/_a/f.java
ed4f1148d5fe09a501e4c72507f24373deebf054	refactor: restructure shell package hierarchy by adding new components and cleaning up deprecated files	100	sources/sources/com/tsf/shell/a.java	sources/sources/com/tsf/shell/A.java
ed4f1148d5fe09a501e4c72507f24373deebf054	refactor: restructure shell package hierarchy by adding new components and cleaning up deprecated files	100	sources/sources/com/tsf/shell/b.java	sources/sources/com/tsf/shell/B.java
ed4f1148d5fe09a501e4c72507f24373deebf054	refactor: restructure shell package hierarchy by adding new components and cleaning up deprecated files	095	sources/sources/com/tsf/shell/c.java	sources/sources/com/tsf/shell/C.java
ed4f1148d5fe09a501e4c72507f24373deebf054	refactor: restructure shell package hierarchy by adding new components and cleaning up deprecated files	086	sources/sources/com/tsf/shell/d.java	sources/sources/com/tsf/shell/D.java
ed4f1148d5fe09a501e4c72507f24373deebf054	refactor: restructure shell package hierarchy by adding new components and cleaning up deprecated files	100	sources/sources/com/tsf/shell/e.java	sources/sources/com/tsf/shell/E.java
ed4f1148d5fe09a501e4c72507f24373deebf054	refactor: restructure shell package hierarchy by adding new components and cleaning up deprecated files	100	sources/sources/com/tsf/shell/f.java	sources/sources/com/tsf/shell/F.java
ed4f1148d5fe09a501e4c72507f24373deebf054	refactor: restructure shell package hierarchy by adding new components and cleaning up deprecated files	100	sources/sources/com/tsf/shell/f/a.java	sources/sources/com/tsf/shell/f/A.java
ed4f1148d5fe09a501e4c72507f24373deebf054	refactor: restructure shell package hierarchy by adding new components and cleaning up deprecated files	096	sources/sources/com/tsf/shell/f/b.java	sources/sources/com/tsf/shell/f/B.java
ed4f1148d5fe09a501e4c72507f24373deebf054	refactor: restructure shell package hierarchy by adding new components and cleaning up deprecated files	100	sources/sources/com/tsf/shell/f/c.java	sources/sources/com/tsf/shell/f/C.java
ed4f1148d5fe09a501e4c72507f24373deebf054	refactor: restructure shell package hierarchy by adding new components and cleaning up deprecated files	098	sources/sources/com/tsf/shell/f/d.java	sources/sources/com/tsf/shell/f/D.java
ed4f1148d5fe09a501e4c72507f24373deebf054	refactor: restructure shell package hierarchy by adding new components and cleaning up deprecated files	100	sources/sources/com/tsf/shell/f/c/a.java	sources/sources/com/tsf/shell/f/c/A.java
ed4f1148d5fe09a501e4c72507f24373deebf054	refactor: restructure shell package hierarchy by adding new components and cleaning up deprecated files	099	sources/sources/com/tsf/shell/f/c/a/a.java	sources/sources/com/tsf/shell/f/c/a/A.java
ed4f1148d5fe09a501e4c72507f24373deebf054	refactor: restructure shell package hierarchy by adding new components and cleaning up deprecated files	089	sources/sources/com/tsf/shell/f/c/a/b.java	sources/sources/com/tsf/shell/f/c/a/B.java
ed4f1148d5fe09a501e4c72507f24373deebf054	refactor: restructure shell package hierarchy by adding new components and cleaning up deprecated files	085	sources/sources/com/tsf/shell/f/c/b/a.java	sources/sources/com/tsf/shell/f/c/b/A.java
ed4f1148d5fe09a501e4c72507f24373deebf054	refactor: restructure shell package hierarchy by adding new components and cleaning up deprecated files	069	sources/sources/com/tsf/shell/f/d/a.java	sources/sources/com/tsf/shell/f/d/A.java
ed4f1148d5fe09a501e4c72507f24373deebf054	refactor: restructure shell package hierarchy by adding new components and cleaning up deprecated files	100	sources/sources/com/tsf/shell/f/d/a/a.java	sources/sources/com/tsf/shell/f/d/a/A.java
ed4f1148d5fe09a501e4c72507f24373deebf054	refactor: restructure shell package hierarchy by adding new components and cleaning up deprecated files	093	sources/sources/com/tsf/shell/f/d/b/a.java	sources/sources/com/tsf/shell/f/d/b/A.java
ed4f1148d5fe09a501e4c72507f24373deebf054	refactor: restructure shell package hierarchy by adding new components and cleaning up deprecated files	090	sources/sources/com/tsf/shell/f/d/c/a.java	sources/sources/com/tsf/shell/f/d/c/A.java
ed4f1148d5fe09a501e4c72507f24373deebf054	refactor: restructure shell package hierarchy by adding new components and cleaning up deprecated files	100	sources/sources/com/tsf/shell/f/d/d/a.java	sources/sources/com/tsf/shell/f/d/d/A.java
ed4f1148d5fe09a501e4c72507f24373deebf054	refactor: restructure shell package hierarchy by adding new components and cleaning up deprecated files	098	sources/sources/com/tsf/shell/f/d/e/a.java	sources/sources/com/tsf/shell/f/d/e/A.java
ed4f1148d5fe09a501e4c72507f24373deebf054	refactor: restructure shell package hierarchy by adding new components and cleaning up deprecated files	090	sources/sources/com/tsf/shell/f/e/a.java	sources/sources/com/tsf/shell/f/e/A.java
ed4f1148d5fe09a501e4c72507f24373deebf054	refactor: restructure shell package hierarchy by adding new components and cleaning up deprecated files	100	sources/sources/com/tsf/shell/f/e/b.java	sources/sources/com/tsf/shell/f/e/B.java
ed4f1148d5fe09a501e4c72507f24373deebf054	refactor: restructure shell package hierarchy by adding new components and cleaning up deprecated files	100	sources/sources/com/tsf/shell/f/e/c.java	sources/sources/com/tsf/shell/f/e/C.java
ed4f1148d5fe09a501e4c72507f24373deebf054	refactor: restructure shell package hierarchy by adding new components and cleaning up deprecated files	086	sources/sources/com/tsf/shell/f/e/d.java	sources/sources/com/tsf/shell/f/e/D.java
ed4f1148d5fe09a501e4c72507f24373deebf054	refactor: restructure shell package hierarchy by adding new components and cleaning up deprecated files	077	sources/sources/com/tsf/shell/f/e/e.java	sources/sources/com/tsf/shell/f/e/E.java
ed4f1148d5fe09a501e4c72507f24373deebf054	refactor: restructure shell package hierarchy by adding new components and cleaning up deprecated files	055	sources/sources/com/tsf/shell/f/e/f.java	sources/sources/com/tsf/shell/f/e/F.java
ed4f1148d5fe09a501e4c72507f24373deebf054	refactor: restructure shell package hierarchy by adding new components and cleaning up deprecated files	097	sources/sources/com/tsf/shell/f/e/h.java	sources/sources/com/tsf/shell/f/e/H.java
ed4f1148d5fe09a501e4c72507f24373deebf054	refactor: restructure shell package hierarchy by adding new components and cleaning up deprecated files	095	sources/sources/com/tsf/shell/f/e/i.java	sources/sources/com/tsf/shell/f/e/I.java
ed4f1148d5fe09a501e4c72507f24373deebf054	refactor: restructure shell package hierarchy by adding new components and cleaning up deprecated files	100	sources/sources/com/tsf/shell/f/e/c/a.java	sources/sources/com/tsf/shell/f/e/c/A.java
ed4f1148d5fe09a501e4c72507f24373deebf054	refactor: restructure shell package hierarchy by adding new components and cleaning up deprecated files	100	sources/sources/com/tsf/shell/f/e/g/a.java	sources/sources/com/tsf/shell/f/e/g/A.java
ed4f1148d5fe09a501e4c72507f24373deebf054	refactor: restructure shell package hierarchy by adding new components and cleaning up deprecated files	100	sources/sources/com/tsf/shell/f/f/a.java	sources/sources/com/tsf/shell/f/f/A.java
ed4f1148d5fe09a501e4c72507f24373deebf054	refactor: restructure shell package hierarchy by adding new components and cleaning up deprecated files	100	sources/sources/com/tsf/shell/f/f/b.java	sources/sources/com/tsf/shell/f/f/B.java
ed4f1148d5fe09a501e4c72507f24373deebf054	refactor: restructure shell package hierarchy by adding new components and cleaning up deprecated files	100	sources/sources/com/tsf/shell/f/f/c.java	sources/sources/com/tsf/shell/f/f/C.java
ed4f1148d5fe09a501e4c72507f24373deebf054	refactor: restructure shell package hierarchy by adding new components and cleaning up deprecated files	091	sources/sources/com/tsf/shell/f/f/d.java	sources/sources/com/tsf/shell/f/f/D.java
ed4f1148d5fe09a501e4c72507f24373deebf054	refactor: restructure shell package hierarchy by adding new components and cleaning up deprecated files	093	sources/sources/com/tsf/shell/f/f/a/a.java	sources/sources/com/tsf/shell/f/f/a/A.java
ed4f1148d5fe09a501e4c72507f24373deebf054	refactor: restructure shell package hierarchy by adding new components and cleaning up deprecated files	090	sources/sources/com/tsf/shell/f/f/a/b.java	sources/sources/com/tsf/shell/f/f/a/B.java
ed4f1148d5fe09a501e4c72507f24373deebf054	refactor: restructure shell package hierarchy by adding new components and cleaning up deprecated files	100	sources/sources/com/tsf/shell/f/f/a/c.java	sources/sources/com/tsf/shell/f/f/a/C.java
ed4f1148d5fe09a501e4c72507f24373deebf054	refactor: restructure shell package hierarchy by adding new components and cleaning up deprecated files	097	sources/sources/com/tsf/shell/f/f/a/d.java	sources/sources/com/tsf/shell/f/f/a/D.java
ed4f1148d5fe09a501e4c72507f24373deebf054	refactor: restructure shell package hierarchy by adding new components and cleaning up deprecated files	097	sources/sources/com/tsf/shell/f/f/a/a/a.java	sources/sources/com/tsf/shell/f/f/a/a/A.java
ed4f1148d5fe09a501e4c72507f24373deebf054	refactor: restructure shell package hierarchy by adding new components and cleaning up deprecated files	100	sources/sources/com/tsf/shell/f/f/a/a/b.java	sources/sources/com/tsf/shell/f/f/a/a/B.java
ed4f1148d5fe09a501e4c72507f24373deebf054	refactor: restructure shell package hierarchy by adding new components and cleaning up deprecated files	088	sources/sources/com/tsf/shell/f/f/a/c/a.java	sources/sources/com/tsf/shell/f/f/a/c/A.java
ed4f1148d5fe09a501e4c72507f24373deebf054	refactor: restructure shell package hierarchy by adding new components and cleaning up deprecated files	093	sources/sources/com/tsf/shell/f/f/a/d/a.java	sources/sources/com/tsf/shell/f/f/a/d/A.java
ed4f1148d5fe09a501e4c72507f24373deebf054	refactor: restructure shell package hierarchy by adding new components and cleaning up deprecated files	099	sources/sources/com/tsf/shell/f/f/b/a.java	sources/sources/com/tsf/shell/f/f/b/A.java
ed4f1148d5fe09a501e4c72507f24373deebf054	refactor: restructure shell package hierarchy by adding new components and cleaning up deprecated files	100	sources/sources/com/tsf/shell/f/f/d/a.java	sources/sources/com/tsf/shell/f/f/d/A.java
ed4f1148d5fe09a501e4c72507f24373deebf054	refactor: restructure shell package hierarchy by adding new components and cleaning up deprecated files	100	sources/sources/com/tsf/shell/f/h/a.java	sources/sources/com/tsf/shell/f/h/A.java
ed4f1148d5fe09a501e4c72507f24373deebf054	refactor: restructure shell package hierarchy by adding new components and cleaning up deprecated files	100	sources/sources/com/tsf/shell/f/h/a/a.java	sources/sources/com/tsf/shell/f/h/a/A.java
ed4f1148d5fe09a501e4c72507f24373deebf054	refactor: restructure shell package hierarchy by adding new components and cleaning up deprecated files	100	sources/sources/com/tsf/shell/f/h/a/b.java	sources/sources/com/tsf/shell/f/h/a/B.java
ed4f1148d5fe09a501e4c72507f24373deebf054	refactor: restructure shell package hierarchy by adding new components and cleaning up deprecated files	100	sources/sources/com/tsf/shell/f/h/a/a/a.java	sources/sources/com/tsf/shell/f/h/a/a/A.java
ed4f1148d5fe09a501e4c72507f24373deebf054	refactor: restructure shell package hierarchy by adding new components and cleaning up deprecated files	089	sources/sources/com/tsf/shell/f/i/a.java	sources/sources/com/tsf/shell/f/i/A.java
ed4f1148d5fe09a501e4c72507f24373deebf054	refactor: restructure shell package hierarchy by adding new components and cleaning up deprecated files	095	sources/sources/com/tsf/shell/f/i/b.java	sources/sources/com/tsf/shell/f/i/B.java
ed4f1148d5fe09a501e4c72507f24373deebf054	refactor: restructure shell package hierarchy by adding new components and cleaning up deprecated files	094	sources/sources/com/tsf/shell/f/i/c.java	sources/sources/com/tsf/shell/f/i/C.java
ed4f1148d5fe09a501e4c72507f24373deebf054	refactor: restructure shell package hierarchy by adding new components and cleaning up deprecated files	100	sources/sources/com/tsf/shell/f/i/c/a.java	sources/sources/com/tsf/shell/f/i/c/A.java
ed4f1148d5fe09a501e4c72507f24373deebf054	refactor: restructure shell package hierarchy by adding new components and cleaning up deprecated files	100	sources/sources/com/tsf/shell/f/i/c/a/a.java	sources/sources/com/tsf/shell/f/i/c/a/A.java
ed4f1148d5fe09a501e4c72507f24373deebf054	refactor: restructure shell package hierarchy by adding new components and cleaning up deprecated files	100	sources/sources/com/tsf/shell/f/i/c/a/b.java	sources/sources/com/tsf/shell/f/i/c/a/B.java
ed4f1148d5fe09a501e4c72507f24373deebf054	refactor: restructure shell package hierarchy by adding new components and cleaning up deprecated files	100	sources/sources/com/tsf/shell/f/i/c/a/c.java	sources/sources/com/tsf/shell/f/i/c/a/C.java
ed4f1148d5fe09a501e4c72507f24373deebf054	refactor: restructure shell package hierarchy by adding new components and cleaning up deprecated files	095	sources/sources/com/tsf/shell/manager/a.java	sources/sources/com/tsf/shell/manager/A.java
ed4f1148d5fe09a501e4c72507f24373deebf054	refactor: restructure shell package hierarchy by adding new components and cleaning up deprecated files	100	sources/sources/com/tsf/shell/manager/action/toggle/a.java	sources/sources/com/tsf/shell/manager/action/toggle/A.java
ed4f1148d5fe09a501e4c72507f24373deebf054	refactor: restructure shell package hierarchy by adding new components and cleaning up deprecated files	100	sources/sources/com/tsf/shell/manager/c/a.java	sources/sources/com/tsf/shell/manager/c/A.java
ed4f1148d5fe09a501e4c72507f24373deebf054	refactor: restructure shell package hierarchy by adding new components and cleaning up deprecated files	100	sources/sources/com/tsf/shell/manager/o/a.java	sources/sources/com/tsf/shell/manager/o/A.java
ed4f1148d5fe09a501e4c72507f24373deebf054	refactor: restructure shell package hierarchy by adding new components and cleaning up deprecated files	100	sources/sources/com/tsf/shell/manager/r/a.java	sources/sources/com/tsf/shell/manager/r/A.java
ed4f1148d5fe09a501e4c72507f24373deebf054	refactor: restructure shell package hierarchy by adding new components and cleaning up deprecated files	091	sources/sources/com/tsf/shell/manager/r/b/a.java	sources/sources/com/tsf/shell/manager/r/b/A.java
ed4f1148d5fe09a501e4c72507f24373deebf054	refactor: restructure shell package hierarchy by adding new components and cleaning up deprecated files	097	sources/sources/com/tsf/shell/manager/r/b/b.java	sources/sources/com/tsf/shell/manager/r/b/B.java
ed4f1148d5fe09a501e4c72507f24373deebf054	refactor: restructure shell package hierarchy by adding new components and cleaning up deprecated files	098	sources/sources/com/tsf/shell/manager/r/b/c.java	sources/sources/com/tsf/shell/manager/r/b/C.java
ed4f1148d5fe09a501e4c72507f24373deebf054	refactor: restructure shell package hierarchy by adding new components and cleaning up deprecated files	098	sources/sources/com/tsf/shell/manager/r/c/a.java	sources/sources/com/tsf/shell/manager/r/c/A.java
ed4f1148d5fe09a501e4c72507f24373deebf054	refactor: restructure shell package hierarchy by adding new components and cleaning up deprecated files	098	sources/sources/com/tsf/shell/preference/a/a.java	sources/sources/com/tsf/shell/preference/a/A.java
ed4f1148d5fe09a501e4c72507f24373deebf054	refactor: restructure shell package hierarchy by adding new components and cleaning up deprecated files	100	sources/sources/com/tsf/shell/preference/a/a/a.java	sources/sources/com/tsf/shell/preference/a/a/A.java
ed4f1148d5fe09a501e4c72507f24373deebf054	refactor: restructure shell package hierarchy by adding new components and cleaning up deprecated files	098	sources/sources/com/tsf/shell/services/a.java	sources/sources/com/tsf/shell/services/A.java
ed4f1148d5fe09a501e4c72507f24373deebf054	refactor: restructure shell package hierarchy by adding new components and cleaning up deprecated files	099	sources/sources/com/tsf/shell/widget/a/a.java	sources/sources/com/tsf/shell/widget/a/A.java
ed4f1148d5fe09a501e4c72507f24373deebf054	refactor: restructure shell package hierarchy by adding new components and cleaning up deprecated files	096	sources/sources/com/tsf/shell/widget/alarm/a.java	sources/sources/com/tsf/shell/widget/alarm/A.java
ed4f1148d5fe09a501e4c72507f24373deebf054	refactor: restructure shell package hierarchy by adding new components and cleaning up deprecated files	100	sources/sources/com/tsf/shell/widget/alarm/b.java	sources/sources/com/tsf/shell/widget/alarm/B.java
ed4f1148d5fe09a501e4c72507f24373deebf054	refactor: restructure shell package hierarchy by adding new components and cleaning up deprecated files	100	sources/sources/com/tsf/shell/widget/alarm/c.java	sources/sources/com/tsf/shell/widget/alarm/C.java
ed4f1148d5fe09a501e4c72507f24373deebf054	refactor: restructure shell package hierarchy by adding new components and cleaning up deprecated files	095	sources/sources/com/tsf/shell/widget/alarm/d.java	sources/sources/com/tsf/shell/widget/alarm/D.java
ed4f1148d5fe09a501e4c72507f24373deebf054	refactor: restructure shell package hierarchy by adding new components and cleaning up deprecated files	089	sources/sources/com/tsf/shell/widget/alarm/d/a.java	sources/sources/com/tsf/shell/widget/alarm/d/A.java
ed4f1148d5fe09a501e4c72507f24373deebf054	refactor: restructure shell package hierarchy by adding new components and cleaning up deprecated files	100	sources/sources/com/tsf/shell/widget/alarm/d/b.java	sources/sources/com/tsf/shell/widget/alarm/d/B.java
ed4f1148d5fe09a501e4c72507f24373deebf054	refactor: restructure shell package hierarchy by adding new components and cleaning up deprecated files	100	sources/sources/com/tsf/shell/widget/cubeclock/a.java	sources/sources/com/tsf/shell/widget/cubeclock/A.java
65b6c080680a8e3497f08769a4740af74591a12a	feat: implement shell core framework and theme management system components	094	sources/sources/com/tsf/shell/f/d/a/a/a.java	sources/sources/com/tsf/shell/f/d/a/_a/a.java
65b6c080680a8e3497f08769a4740af74591a12a	feat: implement shell core framework and theme management system components	090	sources/sources/com/tsf/shell/f/d/a/a/b.java	sources/sources/com/tsf/shell/f/d/a/_a/b.java
65b6c080680a8e3497f08769a4740af74591a12a	feat: implement shell core framework and theme management system components	087	sources/sources/com/tsf/shell/f/d/a/a/c.java	sources/sources/com/tsf/shell/f/d/a/_a/c.java
65b6c080680a8e3497f08769a4740af74591a12a	feat: implement shell core framework and theme management system components	090	sources/sources/com/tsf/shell/f/d/a/a/d.java	sources/sources/com/tsf/shell/f/d/a/_a/d.java
65b6c080680a8e3497f08769a4740af74591a12a	feat: implement shell core framework and theme management system components	081	sources/sources/com/tsf/shell/f/d/a/a/e.java	sources/sources/com/tsf/shell/f/d/a/_a/e.java
65b6c080680a8e3497f08769a4740af74591a12a	feat: implement shell core framework and theme management system components	087	sources/sources/com/tsf/shell/f/d/a/a/f.java	sources/sources/com/tsf/shell/f/d/a/_a/f.java
65b6c080680a8e3497f08769a4740af74591a12a	feat: implement shell core framework and theme management system components	081	sources/sources/com/tsf/shell/f/d/a/a/g.java	sources/sources/com/tsf/shell/f/d/a/_a/g.java
65b6c080680a8e3497f08769a4740af74591a12a	feat: implement shell core framework and theme management system components	081	sources/sources/com/tsf/shell/f/d/a/a/h.java	sources/sources/com/tsf/shell/f/d/a/_a/h.java
65b6c080680a8e3497f08769a4740af74591a12a	feat: implement shell core framework and theme management system components	078	sources/sources/com/tsf/shell/f/e/a/a.java	sources/sources/com/tsf/shell/f/e/_a/a.java
65b6c080680a8e3497f08769a4740af74591a12a	feat: implement shell core framework and theme management system components	093	sources/sources/com/tsf/shell/f/e/a/b.java	sources/sources/com/tsf/shell/f/e/_a/b.java
65b6c080680a8e3497f08769a4740af74591a12a	feat: implement shell core framework and theme management system components	090	sources/sources/com/tsf/shell/f/e/a/c.java	sources/sources/com/tsf/shell/f/e/_a/c.java
65b6c080680a8e3497f08769a4740af74591a12a	feat: implement shell core framework and theme management system components	091	sources/sources/com/tsf/shell/f/e/a/d.java	sources/sources/com/tsf/shell/f/e/_a/d.java
65b6c080680a8e3497f08769a4740af74591a12a	feat: implement shell core framework and theme management system components	097	sources/sources/com/tsf/shell/f/e/b/a.java	sources/sources/com/tsf/shell/f/e/_b/a.java
65b6c080680a8e3497f08769a4740af74591a12a	feat: implement shell core framework and theme management system components	098	sources/sources/com/tsf/shell/f/e/b/b.java	sources/sources/com/tsf/shell/f/e/_b/b.java
65b6c080680a8e3497f08769a4740af74591a12a	feat: implement shell core framework and theme management system components	099	sources/sources/com/tsf/shell/f/e/b/c.java	sources/sources/com/tsf/shell/f/e/_b/c.java
65b6c080680a8e3497f08769a4740af74591a12a	feat: implement shell core framework and theme management system components	097	sources/sources/com/tsf/shell/f/e/b/d.java	sources/sources/com/tsf/shell/f/e/_b/d.java
65b6c080680a8e3497f08769a4740af74591a12a	feat: implement shell core framework and theme management system components	099	sources/sources/com/tsf/shell/f/e/b/e.java	sources/sources/com/tsf/shell/f/e/_b/e.java
65b6c080680a8e3497f08769a4740af74591a12a	feat: implement shell core framework and theme management system components	098	sources/sources/com/tsf/shell/f/e/b/f.java	sources/sources/com/tsf/shell/f/e/_b/f.java
65b6c080680a8e3497f08769a4740af74591a12a	feat: implement shell core framework and theme management system components	097	sources/sources/com/tsf/shell/f/e/c/a.java	sources/sources/com/tsf/shell/f/e/_c/A.java
65b6c080680a8e3497f08769a4740af74591a12a	feat: implement shell core framework and theme management system components	097	sources/sources/com/tsf/shell/f/e/c/a/a.java	sources/sources/com/tsf/shell/f/e/_c/a/a.java
65b6c080680a8e3497f08769a4740af74591a12a	feat: implement shell core framework and theme management system components	097	sources/sources/com/tsf/shell/f/e/c/a/b.java	sources/sources/com/tsf/shell/f/e/_c/a/b.java
65b6c080680a8e3497f08769a4740af74591a12a	feat: implement shell core framework and theme management system components	099	sources/sources/com/tsf/shell/f/e/c/a/c.java	sources/sources/com/tsf/shell/f/e/_c/a/c.java
65b6c080680a8e3497f08769a4740af74591a12a	feat: implement shell core framework and theme management system components	099	sources/sources/com/tsf/shell/f/e/c/a/d.java	sources/sources/com/tsf/shell/f/e/_c/a/d.java
65b6c080680a8e3497f08769a4740af74591a12a	feat: implement shell core framework and theme management system components	095	sources/sources/com/tsf/shell/f/e/c/a/e.java	sources/sources/com/tsf/shell/f/e/_c/a/e.java
65b6c080680a8e3497f08769a4740af74591a12a	feat: implement shell core framework and theme management system components	098	sources/sources/com/tsf/shell/f/e/c/b.java	sources/sources/com/tsf/shell/f/e/_c/b.java
65b6c080680a8e3497f08769a4740af74591a12a	feat: implement shell core framework and theme management system components	094	sources/sources/com/tsf/shell/f/e/d/a/a.java	sources/sources/com/tsf/shell/f/e/_d/a/a.java
65b6c080680a8e3497f08769a4740af74591a12a	feat: implement shell core framework and theme management system components	091	sources/sources/com/tsf/shell/f/e/d/a/b.java	sources/sources/com/tsf/shell/f/e/_d/a/b.java
65b6c080680a8e3497f08769a4740af74591a12a	feat: implement shell core framework and theme management system components	096	sources/sources/com/tsf/shell/f/e/d/a/c.java	sources/sources/com/tsf/shell/f/e/_d/a/c.java
65b6c080680a8e3497f08769a4740af74591a12a	feat: implement shell core framework and theme management system components	090	sources/sources/com/tsf/shell/f/e/d/a/d.java	sources/sources/com/tsf/shell/f/e/_d/a/d.java
65b6c080680a8e3497f08769a4740af74591a12a	feat: implement shell core framework and theme management system components	084	sources/sources/com/tsf/shell/f/e/e/a.java	sources/sources/com/tsf/shell/f/e/_e/a.java
65b6c080680a8e3497f08769a4740af74591a12a	feat: implement shell core framework and theme management system components	096	sources/sources/com/tsf/shell/f/e/e/b.java	sources/sources/com/tsf/shell/f/e/_e/b.java
65b6c080680a8e3497f08769a4740af74591a12a	feat: implement shell core framework and theme management system components	067	sources/sources/com/tsf/shell/f/e/e/c.java	sources/sources/com/tsf/shell/f/e/_e/c.java
65b6c080680a8e3497f08769a4740af74591a12a	feat: implement shell core framework and theme management system components	042	sources/sources/com/tsf/shell/f/e/e/e.java	sources/sources/com/tsf/shell/f/e/_e/e.java
65b6c080680a8e3497f08769a4740af74591a12a	feat: implement shell core framework and theme management system components	074	sources/sources/com/tsf/shell/f/e/e/f.java	sources/sources/com/tsf/shell/f/e/_e/f.java
65b6c080680a8e3497f08769a4740af74591a12a	feat: implement shell core framework and theme management system components	093	sources/sources/com/tsf/shell/f/e/f/a.java	sources/sources/com/tsf/shell/f/e/_f/a.java
65b6c080680a8e3497f08769a4740af74591a12a	feat: implement shell core framework and theme management system components	091	sources/sources/com/tsf/shell/f/e/f/b.java	sources/sources/com/tsf/shell/f/e/_f/b.java
65b6c080680a8e3497f08769a4740af74591a12a	feat: implement shell core framework and theme management system components	084	sources/sources/com/tsf/shell/f/e/g/a.java	sources/sources/com/tsf/shell/f/e/_g/A.java
65b6c080680a8e3497f08769a4740af74591a12a	feat: implement shell core framework and theme management system components	090	sources/sources/com/tsf/shell/f/e/g/a/a.java	sources/sources/com/tsf/shell/f/e/_g/a/a.java
65b6c080680a8e3497f08769a4740af74591a12a	feat: implement shell core framework and theme management system components	088	sources/sources/com/tsf/shell/f/e/g/a/b.java	sources/sources/com/tsf/shell/f/e/_g/a/b.java
65b6c080680a8e3497f08769a4740af74591a12a	feat: implement shell core framework and theme management system components	093	sources/sources/com/tsf/shell/f/e/g/a/c.java	sources/sources/com/tsf/shell/f/e/_g/a/c.java
65b6c080680a8e3497f08769a4740af74591a12a	feat: implement shell core framework and theme management system components	092	sources/sources/com/tsf/shell/f/e/g/a/d.java	sources/sources/com/tsf/shell/f/e/_g/a/d.java
65b6c080680a8e3497f08769a4740af74591a12a	feat: implement shell core framework and theme management system components	094	sources/sources/com/tsf/shell/f/e/g/b.java	sources/sources/com/tsf/shell/f/e/_g/b.java
65b6c080680a8e3497f08769a4740af74591a12a	feat: implement shell core framework and theme management system components	095	sources/sources/com/tsf/shell/f/e/g/c.java	sources/sources/com/tsf/shell/f/e/_g/c.java
65b6c080680a8e3497f08769a4740af74591a12a	feat: implement shell core framework and theme management system components	090	sources/sources/com/tsf/shell/f/e/g/d.java	sources/sources/com/tsf/shell/f/e/_g/d.java
65b6c080680a8e3497f08769a4740af74591a12a	feat: implement shell core framework and theme management system components	096	sources/sources/com/tsf/shell/f/e/g/e.java	sources/sources/com/tsf/shell/f/e/_g/e.java
65b6c080680a8e3497f08769a4740af74591a12a	feat: implement shell core framework and theme management system components	092	sources/sources/com/tsf/shell/f/e/h/a.java	sources/sources/com/tsf/shell/f/e/_h/a.java
65b6c080680a8e3497f08769a4740af74591a12a	feat: implement shell core framework and theme management system components	093	sources/sources/com/tsf/shell/f/e/h/b.java	sources/sources/com/tsf/shell/f/e/_h/b.java
65b6c080680a8e3497f08769a4740af74591a12a	feat: implement shell core framework and theme management system components	095	sources/sources/com/tsf/shell/f/e/i/a.java	sources/sources/com/tsf/shell/f/e/_i/a.java
65b6c080680a8e3497f08769a4740af74591a12a	feat: implement shell core framework and theme management system components	097	sources/sources/com/tsf/shell/f/e/i/b.java	sources/sources/com/tsf/shell/f/e/_i/b.java
65b6c080680a8e3497f08769a4740af74591a12a	feat: implement shell core framework and theme management system components	089	sources/sources/com/tsf/shell/f/e/i/c.java	sources/sources/com/tsf/shell/f/e/_i/c.java
65b6c080680a8e3497f08769a4740af74591a12a	feat: implement shell core framework and theme management system components	092	sources/sources/com/tsf/shell/f/e/i/d.java	sources/sources/com/tsf/shell/f/e/_i/d.java
65b6c080680a8e3497f08769a4740af74591a12a	feat: implement shell core framework and theme management system components	095	sources/sources/com/tsf/shell/f/f/a/a/a.java	sources/sources/com/tsf/shell/f/f/a/_a/A.java
65b6c080680a8e3497f08769a4740af74591a12a	feat: implement shell core framework and theme management system components	091	sources/sources/com/tsf/shell/f/f/a/a/b.java	sources/sources/com/tsf/shell/f/f/a/_a/B.java
65b6c080680a8e3497f08769a4740af74591a12a	feat: implement shell core framework and theme management system components	044	sources/sources/com/tsf/shell/f/f/a/a/a/a.java	sources/sources/com/tsf/shell/f/f/a/_a/a/a.java
65b6c080680a8e3497f08769a4740af74591a12a	feat: implement shell core framework and theme management system components	070	sources/sources/com/tsf/shell/f/f/a/a/a/b.java	sources/sources/com/tsf/shell/f/f/a/_a/a/b.java
65b6c080680a8e3497f08769a4740af74591a12a	feat: implement shell core framework and theme management system components	087	sources/sources/com/tsf/shell/f/f/a/a/a/c.java	sources/sources/com/tsf/shell/f/f/a/_a/a/c.java
65b6c080680a8e3497f08769a4740af74591a12a	feat: implement shell core framework and theme management system components	089	sources/sources/com/tsf/shell/f/f/a/a/b/a.java	sources/sources/com/tsf/shell/f/f/a/_a/b/a.java
65b6c080680a8e3497f08769a4740af74591a12a	feat: implement shell core framework and theme management system components	092	sources/sources/com/tsf/shell/f/f/a/a/b/b.java	sources/sources/com/tsf/shell/f/f/a/_a/b/b.java
65b6c080680a8e3497f08769a4740af74591a12a	feat: implement shell core framework and theme management system components	084	sources/sources/com/tsf/shell/f/f/a/a/b/c.java	sources/sources/com/tsf/shell/f/f/a/_a/b/c.java
65b6c080680a8e3497f08769a4740af74591a12a	feat: implement shell core framework and theme management system components	081	sources/sources/com/tsf/shell/f/f/a/a/c.java	sources/sources/com/tsf/shell/f/f/a/_a/c.java
65b6c080680a8e3497f08769a4740af74591a12a	feat: implement shell core framework and theme management system components	072	sources/sources/com/tsf/shell/f/f/a/a/d.java	sources/sources/com/tsf/shell/f/f/a/_a/d.java
65b6c080680a8e3497f08769a4740af74591a12a	feat: implement shell core framework and theme management system components	093	sources/sources/com/tsf/shell/f/f/a/a/e.java	sources/sources/com/tsf/shell/f/f/a/_a/e.java
65b6c080680a8e3497f08769a4740af74591a12a	feat: implement shell core framework and theme management system components	088	sources/sources/com/tsf/shell/f/f/a/a/f.java	sources/sources/com/tsf/shell/f/f/a/_a/f.java
65b6c080680a8e3497f08769a4740af74591a12a	feat: implement shell core framework and theme management system components	093	sources/sources/com/tsf/shell/f/f/a/b/a.java	sources/sources/com/tsf/shell/f/f/a/_b/a.java
65b6c080680a8e3497f08769a4740af74591a12a	feat: implement shell core framework and theme management system components	092	sources/sources/com/tsf/shell/f/f/a/b/b.java	sources/sources/com/tsf/shell/f/f/a/_b/b.java
65b6c080680a8e3497f08769a4740af74591a12a	feat: implement shell core framework and theme management system components	068	sources/sources/com/tsf/shell/f/f/a/b/c.java	sources/sources/com/tsf/shell/f/f/a/_b/c.java
65b6c080680a8e3497f08769a4740af74591a12a	feat: implement shell core framework and theme management system components	094	sources/sources/com/tsf/shell/f/f/a/b/d.java	sources/sources/com/tsf/shell/f/f/a/_b/d.java
65b6c080680a8e3497f08769a4740af74591a12a	feat: implement shell core framework and theme management system components	092	sources/sources/com/tsf/shell/f/f/a/b/e.java	sources/sources/com/tsf/shell/f/f/a/_b/e.java
65b6c080680a8e3497f08769a4740af74591a12a	feat: implement shell core framework and theme management system components	068	sources/sources/com/tsf/shell/f/f/a/b/f.java	sources/sources/com/tsf/shell/f/f/a/_b/f.java
65b6c080680a8e3497f08769a4740af74591a12a	feat: implement shell core framework and theme management system components	072	sources/sources/com/tsf/shell/f/f/a/b/g.java	sources/sources/com/tsf/shell/f/f/a/_b/g.java
65b6c080680a8e3497f08769a4740af74591a12a	feat: implement shell core framework and theme management system components	087	sources/sources/com/tsf/shell/f/f/a/b/h.java	sources/sources/com/tsf/shell/f/f/a/_b/h.java
65b6c080680a8e3497f08769a4740af74591a12a	feat: implement shell core framework and theme management system components	070	sources/sources/com/tsf/shell/f/f/a/b/i.java	sources/sources/com/tsf/shell/f/f/a/_b/i.java
65b6c080680a8e3497f08769a4740af74591a12a	feat: implement shell core framework and theme management system components	093	sources/sources/com/tsf/shell/f/f/a/b/j.java	sources/sources/com/tsf/shell/f/f/a/_b/j.java
65b6c080680a8e3497f08769a4740af74591a12a	feat: implement shell core framework and theme management system components	046	sources/sources/com/tsf/shell/f/f/a/b/k.java	sources/sources/com/tsf/shell/f/f/a/_b/k.java
65b6c080680a8e3497f08769a4740af74591a12a	feat: implement shell core framework and theme management system components	097	sources/sources/com/tsf/shell/f/f/a/b/l.java	sources/sources/com/tsf/shell/f/f/a/_b/l.java
65b6c080680a8e3497f08769a4740af74591a12a	feat: implement shell core framework and theme management system components	094	sources/sources/com/tsf/shell/f/f/a/b/m.java	sources/sources/com/tsf/shell/f/f/a/_b/m.java
65b6c080680a8e3497f08769a4740af74591a12a	feat: implement shell core framework and theme management system components	057	sources/sources/com/tsf/shell/f/f/a/c/a.java	sources/sources/com/tsf/shell/f/f/a/_c/A.java
65b6c080680a8e3497f08769a4740af74591a12a	feat: implement shell core framework and theme management system components	083	sources/sources/com/tsf/shell/f/f/a/c/a/a.java	sources/sources/com/tsf/shell/f/f/a/_c/a/a.java
65b6c080680a8e3497f08769a4740af74591a12a	feat: implement shell core framework and theme management system components	092	sources/sources/com/tsf/shell/f/f/a/c/a/b.java	sources/sources/com/tsf/shell/f/f/a/_c/a/b.java
65b6c080680a8e3497f08769a4740af74591a12a	feat: implement shell core framework and theme management system components	085	sources/sources/com/tsf/shell/f/f/a/c/b.java	sources/sources/com/tsf/shell/f/f/a/_c/b.java
65b6c080680a8e3497f08769a4740af74591a12a	feat: implement shell core framework and theme management system components	078	sources/sources/com/tsf/shell/f/f/a/c/c.java	sources/sources/com/tsf/shell/f/f/a/_c/c.java
65b6c080680a8e3497f08769a4740af74591a12a	feat: implement shell core framework and theme management system components	085	sources/sources/com/tsf/shell/f/f/a/c/d.java	sources/sources/com/tsf/shell/f/f/a/_c/d.java
65b6c080680a8e3497f08769a4740af74591a12a	feat: implement shell core framework and theme management system components	093	sources/sources/com/tsf/shell/f/f/a/c/e.java	sources/sources/com/tsf/shell/f/f/a/_c/e.java
65b6c080680a8e3497f08769a4740af74591a12a	feat: implement shell core framework and theme management system components	080	sources/sources/com/tsf/shell/f/f/a/c/f.java	sources/sources/com/tsf/shell/f/f/a/_c/f.java
65b6c080680a8e3497f08769a4740af74591a12a	feat: implement shell core framework and theme management system components	095	sources/sources/com/tsf/shell/f/f/a/c/g.java	sources/sources/com/tsf/shell/f/f/a/_c/g.java
65b6c080680a8e3497f08769a4740af74591a12a	feat: implement shell core framework and theme management system components	084	sources/sources/com/tsf/shell/f/f/a/c/i.java	sources/sources/com/tsf/shell/f/f/a/_c/i.java
65b6c080680a8e3497f08769a4740af74591a12a	feat: implement shell core framework and theme management system components	069	sources/sources/com/tsf/shell/f/f/a/c/j.java	sources/sources/com/tsf/shell/f/f/a/_c/j.java
65b6c080680a8e3497f08769a4740af74591a12a	feat: implement shell core framework and theme management system components	078	sources/sources/com/tsf/shell/f/f/a/c/k.java	sources/sources/com/tsf/shell/f/f/a/_c/k.java
65b6c080680a8e3497f08769a4740af74591a12a	feat: implement shell core framework and theme management system components	099	sources/sources/com/tsf/shell/f/f/a/c/l.java	sources/sources/com/tsf/shell/f/f/a/_c/l.java
65b6c080680a8e3497f08769a4740af74591a12a	feat: implement shell core framework and theme management system components	091	sources/sources/com/tsf/shell/f/f/a/c/m.java	sources/sources/com/tsf/shell/f/f/a/_c/m.java
65b6c080680a8e3497f08769a4740af74591a12a	feat: implement shell core framework and theme management system components	082	sources/sources/com/tsf/shell/f/f/a/d/a.java	sources/sources/com/tsf/shell/f/f/a/_d/A.java
65b6c080680a8e3497f08769a4740af74591a12a	feat: implement shell core framework and theme management system components	077	sources/sources/com/tsf/shell/f/f/a/d/a/a.java	sources/sources/com/tsf/shell/f/f/a/_d/a/a.java
65b6c080680a8e3497f08769a4740af74591a12a	feat: implement shell core framework and theme management system components	075	sources/sources/com/tsf/shell/f/f/a/d/a/b.java	sources/sources/com/tsf/shell/f/f/a/_d/a/b.java
65b6c080680a8e3497f08769a4740af74591a12a	feat: implement shell core framework and theme management system components	082	sources/sources/com/tsf/shell/f/f/a/d/a/c.java	sources/sources/com/tsf/shell/f/f/a/_d/a/c.java
65b6c080680a8e3497f08769a4740af74591a12a	feat: implement shell core framework and theme management system components	076	sources/sources/com/tsf/shell/f/f/a/d/a/d.java	sources/sources/com/tsf/shell/f/f/a/_d/a/d.java
65b6c080680a8e3497f08769a4740af74591a12a	feat: implement shell core framework and theme management system components	074	sources/sources/com/tsf/shell/f/f/a/d/a/e.java	sources/sources/com/tsf/shell/f/f/a/_d/a/e.java
65b6c080680a8e3497f08769a4740af74591a12a	feat: implement shell core framework and theme management system components	071	sources/sources/com/tsf/shell/f/f/a/d/a/f.java	sources/sources/com/tsf/shell/f/f/a/_d/a/f.java
65b6c080680a8e3497f08769a4740af74591a12a	feat: implement shell core framework and theme management system components	089	sources/sources/com/tsf/shell/f/f/d/a/a.java	sources/sources/com/tsf/shell/f/f/d/_a/a.java
65b6c080680a8e3497f08769a4740af74591a12a	feat: implement shell core framework and theme management system components	091	sources/sources/com/tsf/shell/f/f/d/a/b.java	sources/sources/com/tsf/shell/f/f/d/_a/b.java
65b6c080680a8e3497f08769a4740af74591a12a	feat: implement shell core framework and theme management system components	098	sources/sources/com/tsf/shell/f/i/a/a.java	sources/sources/com/tsf/shell/f/i/_a/a.java
65b6c080680a8e3497f08769a4740af74591a12a	feat: implement shell core framework and theme management system components	098	sources/sources/com/tsf/shell/f/i/a/b.java	sources/sources/com/tsf/shell/f/i/_a/b.java
65b6c080680a8e3497f08769a4740af74591a12a	feat: implement shell core framework and theme management system components	087	sources/sources/com/tsf/shell/f/i/a/c.java	sources/sources/com/tsf/shell/f/i/_a/c.java
65b6c080680a8e3497f08769a4740af74591a12a	feat: implement shell core framework and theme management system components	065	sources/sources/com/tsf/shell/f/i/a/d.java	sources/sources/com/tsf/shell/f/i/_a/d.java
65b6c080680a8e3497f08769a4740af74591a12a	feat: implement shell core framework and theme management system components	096	sources/sources/com/tsf/shell/f/i/b/a/a.java	sources/sources/com/tsf/shell/f/i/_b/a/a.java
65b6c080680a8e3497f08769a4740af74591a12a	feat: implement shell core framework and theme management system components	073	sources/sources/com/tsf/shell/f/i/b/a/b.java	sources/sources/com/tsf/shell/f/i/_b/a/b.java
65b6c080680a8e3497f08769a4740af74591a12a	feat: implement shell core framework and theme management system components	090	sources/sources/com/tsf/shell/f/i/b/b/a.java	sources/sources/com/tsf/shell/f/i/_b/b/a.java
65b6c080680a8e3497f08769a4740af74591a12a	feat: implement shell core framework and theme management system components	094	sources/sources/com/tsf/shell/f/i/b/c/a.java	sources/sources/com/tsf/shell/f/i/_b/c/a.java
65b6c080680a8e3497f08769a4740af74591a12a	feat: implement shell core framework and theme management system components	090	sources/sources/com/tsf/shell/f/i/b/c/b.java	sources/sources/com/tsf/shell/f/i/_b/c/b.java
65b6c080680a8e3497f08769a4740af74591a12a	feat: implement shell core framework and theme management system components	088	sources/sources/com/tsf/shell/f/i/b/d/a.java	sources/sources/com/tsf/shell/f/i/_b/d/a.java
65b6c080680a8e3497f08769a4740af74591a12a	feat: implement shell core framework and theme management system components	089	sources/sources/com/tsf/shell/f/i/b/d/b.java	sources/sources/com/tsf/shell/f/i/_b/d/b.java
65b6c080680a8e3497f08769a4740af74591a12a	feat: implement shell core framework and theme management system components	068	sources/sources/com/tsf/shell/f/i/b/d/c.java	sources/sources/com/tsf/shell/f/i/_b/d/c.java
65b6c080680a8e3497f08769a4740af74591a12a	feat: implement shell core framework and theme management system components	099	sources/sources/com/tsf/shell/f/i/b/d/d.java	sources/sources/com/tsf/shell/f/i/_b/d/d.java
65b6c080680a8e3497f08769a4740af74591a12a	feat: implement shell core framework and theme management system components	098	sources/sources/com/tsf/shell/f/i/b/d/e.java	sources/sources/com/tsf/shell/f/i/_b/d/e.java
65b6c080680a8e3497f08769a4740af74591a12a	feat: implement shell core framework and theme management system components	074	sources/sources/com/tsf/shell/f/i/b/d/f.java	sources/sources/com/tsf/shell/f/i/_b/d/f.java
65b6c080680a8e3497f08769a4740af74591a12a	feat: implement shell core framework and theme management system components	094	sources/sources/com/tsf/shell/f/i/b/d/g.java	sources/sources/com/tsf/shell/f/i/_b/d/g.java
65b6c080680a8e3497f08769a4740af74591a12a	feat: implement shell core framework and theme management system components	094	sources/sources/com/tsf/shell/f/i/b/d/h.java	sources/sources/com/tsf/shell/f/i/_b/d/h.java
65b6c080680a8e3497f08769a4740af74591a12a	feat: implement shell core framework and theme management system components	099	sources/sources/com/tsf/shell/f/i/b/d/i.java	sources/sources/com/tsf/shell/f/i/_b/d/i.java
65b6c080680a8e3497f08769a4740af74591a12a	feat: implement shell core framework and theme management system components	095	sources/sources/com/tsf/shell/f/i/b/d/j.java	sources/sources/com/tsf/shell/f/i/_b/d/j.java
65b6c080680a8e3497f08769a4740af74591a12a	feat: implement shell core framework and theme management system components	095	sources/sources/com/tsf/shell/f/i/b/d/k.java	sources/sources/com/tsf/shell/f/i/_b/d/k.java
65b6c080680a8e3497f08769a4740af74591a12a	feat: implement shell core framework and theme management system components	084	sources/sources/com/tsf/shell/f/i/b/e/a.java	sources/sources/com/tsf/shell/f/i/_b/e/a.java
65b6c080680a8e3497f08769a4740af74591a12a	feat: implement shell core framework and theme management system components	078	sources/sources/com/tsf/shell/f/i/b/e/b.java	sources/sources/com/tsf/shell/f/i/_b/e/b.java
65b6c080680a8e3497f08769a4740af74591a12a	feat: implement shell core framework and theme management system components	082	sources/sources/com/tsf/shell/f/i/b/e/c.java	sources/sources/com/tsf/shell/f/i/_b/e/c.java
65b6c080680a8e3497f08769a4740af74591a12a	feat: implement shell core framework and theme management system components	083	sources/sources/com/tsf/shell/f/i/b/e/d.java	sources/sources/com/tsf/shell/f/i/_b/e/d.java
65b6c080680a8e3497f08769a4740af74591a12a	feat: implement shell core framework and theme management system components	074	sources/sources/com/tsf/shell/f/i/b/e/e.java	sources/sources/com/tsf/shell/f/i/_b/e/e.java
65b6c080680a8e3497f08769a4740af74591a12a	feat: implement shell core framework and theme management system components	088	sources/sources/com/tsf/shell/f/i/b/e/f.java	sources/sources/com/tsf/shell/f/i/_b/e/f.java
65b6c080680a8e3497f08769a4740af74591a12a	feat: implement shell core framework and theme management system components	091	sources/sources/com/tsf/shell/f/i/b/e/g.java	sources/sources/com/tsf/shell/f/i/_b/e/g.java
65b6c080680a8e3497f08769a4740af74591a12a	feat: implement shell core framework and theme management system components	073	sources/sources/com/tsf/shell/f/i/b/e/h.java	sources/sources/com/tsf/shell/f/i/_b/e/h.java
65b6c080680a8e3497f08769a4740af74591a12a	feat: implement shell core framework and theme management system components	083	sources/sources/com/tsf/shell/f/i/b/e/i.java	sources/sources/com/tsf/shell/f/i/_b/e/i.java
65b6c080680a8e3497f08769a4740af74591a12a	feat: implement shell core framework and theme management system components	090	sources/sources/com/tsf/shell/f/i/b/e/j.java	sources/sources/com/tsf/shell/f/i/_b/e/j.java
65b6c080680a8e3497f08769a4740af74591a12a	feat: implement shell core framework and theme management system components	077	sources/sources/com/tsf/shell/f/i/c/a.java	sources/sources/com/tsf/shell/f/i/_c/A.java
65b6c080680a8e3497f08769a4740af74591a12a	feat: implement shell core framework and theme management system components	088	sources/sources/com/tsf/shell/f/i/c/a/a.java	sources/sources/com/tsf/shell/f/i/_c/a/A.java
65b6c080680a8e3497f08769a4740af74591a12a	feat: implement shell core framework and theme management system components	095	sources/sources/com/tsf/shell/f/i/c/a/b.java	sources/sources/com/tsf/shell/f/i/_c/a/B.java
65b6c080680a8e3497f08769a4740af74591a12a	feat: implement shell core framework and theme management system components	094	sources/sources/com/tsf/shell/f/i/c/a/c.java	sources/sources/com/tsf/shell/f/i/_c/a/C.java
65b6c080680a8e3497f08769a4740af74591a12a	feat: implement shell core framework and theme management system components	092	sources/sources/com/tsf/shell/f/i/c/a/a/a.java	sources/sources/com/tsf/shell/f/i/_c/a/a/a.java
65b6c080680a8e3497f08769a4740af74591a12a	feat: implement shell core framework and theme management system components	085	sources/sources/com/tsf/shell/f/i/c/a/a/b.java	sources/sources/com/tsf/shell/f/i/_c/a/a/b.java
65b6c080680a8e3497f08769a4740af74591a12a	feat: implement shell core framework and theme management system components	099	sources/sources/com/tsf/shell/f/i/c/a/a/c.java	sources/sources/com/tsf/shell/f/i/_c/a/a/c.java
65b6c080680a8e3497f08769a4740af74591a12a	feat: implement shell core framework and theme management system components	096	sources/sources/com/tsf/shell/f/i/c/a/a/d.java	sources/sources/com/tsf/shell/f/i/_c/a/a/d.java
65b6c080680a8e3497f08769a4740af74591a12a	feat: implement shell core framework and theme management system components	097	sources/sources/com/tsf/shell/f/i/c/a/a/e.java	sources/sources/com/tsf/shell/f/i/_c/a/a/e.java
65b6c080680a8e3497f08769a4740af74591a12a	feat: implement shell core framework and theme management system components	097	sources/sources/com/tsf/shell/f/i/c/a/a/f.java	sources/sources/com/tsf/shell/f/i/_c/a/a/f.java
65b6c080680a8e3497f08769a4740af74591a12a	feat: implement shell core framework and theme management system components	097	sources/sources/com/tsf/shell/f/i/c/a/a/g.java	sources/sources/com/tsf/shell/f/i/_c/a/a/g.java
65b6c080680a8e3497f08769a4740af74591a12a	feat: implement shell core framework and theme management system components	099	sources/sources/com/tsf/shell/f/i/c/a/a/h.java	sources/sources/com/tsf/shell/f/i/_c/a/a/h.java
65b6c080680a8e3497f08769a4740af74591a12a	feat: implement shell core framework and theme management system components	099	sources/sources/com/tsf/shell/f/i/c/a/b/a.java	sources/sources/com/tsf/shell/f/i/_c/a/b/a.java
65b6c080680a8e3497f08769a4740af74591a12a	feat: implement shell core framework and theme management system components	095	sources/sources/com/tsf/shell/f/i/c/a/b/b.java	sources/sources/com/tsf/shell/f/i/_c/a/b/b.java
65b6c080680a8e3497f08769a4740af74591a12a	feat: implement shell core framework and theme management system components	081	sources/sources/com/tsf/shell/f/i/c/a/b/c.java	sources/sources/com/tsf/shell/f/i/_c/a/b/c.java
65b6c080680a8e3497f08769a4740af74591a12a	feat: implement shell core framework and theme management system components	098	sources/sources/com/tsf/shell/f/i/c/a/b/d.java	sources/sources/com/tsf/shell/f/i/_c/a/b/d.java
65b6c080680a8e3497f08769a4740af74591a12a	feat: implement shell core framework and theme management system components	092	sources/sources/com/tsf/shell/f/i/c/a/b/e.java	sources/sources/com/tsf/shell/f/i/_c/a/b/e.java
65b6c080680a8e3497f08769a4740af74591a12a	feat: implement shell core framework and theme management system components	069	sources/sources/com/tsf/shell/f/i/c/a/b/f.java	sources/sources/com/tsf/shell/f/i/_c/a/b/f.java
65b6c080680a8e3497f08769a4740af74591a12a	feat: implement shell core framework and theme management system components	077	sources/sources/com/tsf/shell/f/i/c/a/b/g.java	sources/sources/com/tsf/shell/f/i/_c/a/b/g.java
65b6c080680a8e3497f08769a4740af74591a12a	feat: implement shell core framework and theme management system components	099	sources/sources/com/tsf/shell/f/i/c/a/b/h.java	sources/sources/com/tsf/shell/f/i/_c/a/b/h.java
65b6c080680a8e3497f08769a4740af74591a12a	feat: implement shell core framework and theme management system components	067	sources/sources/com/tsf/shell/f/i/c/a/b/i.java	sources/sources/com/tsf/shell/f/i/_c/a/b/i.java
65b6c080680a8e3497f08769a4740af74591a12a	feat: implement shell core framework and theme management system components	069	sources/sources/com/tsf/shell/f/i/c/a/b/j.java	sources/sources/com/tsf/shell/f/i/_c/a/b/j.java
65b6c080680a8e3497f08769a4740af74591a12a	feat: implement shell core framework and theme management system components	082	sources/sources/com/tsf/shell/f/i/c/a/b/k.java	sources/sources/com/tsf/shell/f/i/_c/a/b/k.java
65b6c080680a8e3497f08769a4740af74591a12a	feat: implement shell core framework and theme management system components	090	sources/sources/com/tsf/shell/f/i/c/a/b/l.java	sources/sources/com/tsf/shell/f/i/_c/a/b/l.java
65b6c080680a8e3497f08769a4740af74591a12a	feat: implement shell core framework and theme management system components	082	sources/sources/com/tsf/shell/f/i/c/a/b/m.java	sources/sources/com/tsf/shell/f/i/_c/a/b/m.java
65b6c080680a8e3497f08769a4740af74591a12a	feat: implement shell core framework and theme management system components	059	sources/sources/com/tsf/shell/f/i/c/a/b/n.java	sources/sources/com/tsf/shell/f/i/_c/a/b/n.java
65b6c080680a8e3497f08769a4740af74591a12a	feat: implement shell core framework and theme management system components	082	sources/sources/com/tsf/shell/f/i/c/a/b/o.java	sources/sources/com/tsf/shell/f/i/_c/a/b/o.java
65b6c080680a8e3497f08769a4740af74591a12a	feat: implement shell core framework and theme management system components	066	sources/sources/com/tsf/shell/f/i/c/a/b/p.java	sources/sources/com/tsf/shell/f/i/_c/a/b/p.java
65b6c080680a8e3497f08769a4740af74591a12a	feat: implement shell core framework and theme management system components	091	sources/sources/com/tsf/shell/f/i/c/a/c/a.java	sources/sources/com/tsf/shell/f/i/_c/a/c/a.java
65b6c080680a8e3497f08769a4740af74591a12a	feat: implement shell core framework and theme management system components	081	sources/sources/com/tsf/shell/f/i/c/a/c/b.java	sources/sources/com/tsf/shell/f/i/_c/a/c/b.java
65b6c080680a8e3497f08769a4740af74591a12a	feat: implement shell core framework and theme management system components	072	sources/sources/com/tsf/shell/f/i/c/a/c/c.java	sources/sources/com/tsf/shell/f/i/_c/a/c/c.java
65b6c080680a8e3497f08769a4740af74591a12a	feat: implement shell core framework and theme management system components	095	sources/sources/com/tsf/shell/f/i/c/a/c/d.java	sources/sources/com/tsf/shell/f/i/_c/a/c/d.java
65b6c080680a8e3497f08769a4740af74591a12a	feat: implement shell core framework and theme management system components	087	sources/sources/com/tsf/shell/f/i/c/a/c/e.java	sources/sources/com/tsf/shell/f/i/_c/a/c/e.java
65b6c080680a8e3497f08769a4740af74591a12a	feat: implement shell core framework and theme management system components	090	sources/sources/com/tsf/shell/f/i/c/a/d.java	sources/sources/com/tsf/shell/f/i/_c/a/d.java
65b6c080680a8e3497f08769a4740af74591a12a	feat: implement shell core framework and theme management system components	083	sources/sources/com/tsf/shell/f/i/c/a/e.java	sources/sources/com/tsf/shell/f/i/_c/a/e.java
65b6c080680a8e3497f08769a4740af74591a12a	feat: implement shell core framework and theme management system components	093	sources/sources/com/tsf/shell/f/i/c/a/f.java	sources/sources/com/tsf/shell/f/i/_c/a/f.java
65b6c080680a8e3497f08769a4740af74591a12a	feat: implement shell core framework and theme management system components	094	sources/sources/com/tsf/shell/f/i/c/a/g.java	sources/sources/com/tsf/shell/f/i/_c/a/g.java
65b6c080680a8e3497f08769a4740af74591a12a	feat: implement shell core framework and theme management system components	096	sources/sources/com/tsf/shell/f/i/c/a/h.java	sources/sources/com/tsf/shell/f/i/_c/a/h.java
65b6c080680a8e3497f08769a4740af74591a12a	feat: implement shell core framework and theme management system components	087	sources/sources/com/tsf/shell/f/i/c/a/i.java	sources/sources/com/tsf/shell/f/i/_c/a/i.java
65b6c080680a8e3497f08769a4740af74591a12a	feat: implement shell core framework and theme management system components	095	sources/sources/com/tsf/shell/f/i/c/a/j.java	sources/sources/com/tsf/shell/f/i/_c/a/j.java
65b6c080680a8e3497f08769a4740af74591a12a	feat: implement shell core framework and theme management system components	085	sources/sources/com/tsf/shell/f/i/c/a/k.java	sources/sources/com/tsf/shell/f/i/_c/a/k.java
65b6c080680a8e3497f08769a4740af74591a12a	feat: implement shell core framework and theme management system components	098	sources/sources/com/tsf/shell/f/i/c/a/l.java	sources/sources/com/tsf/shell/f/i/_c/a/l.java
65b6c080680a8e3497f08769a4740af74591a12a	feat: implement shell core framework and theme management system components	095	sources/sources/com/tsf/shell/f/i/c/a/m.java	sources/sources/com/tsf/shell/f/i/_c/a/m.java
65b6c080680a8e3497f08769a4740af74591a12a	feat: implement shell core framework and theme management system components	088	sources/sources/com/tsf/shell/f/i/c/b.java	sources/sources/com/tsf/shell/f/i/_c/b.java
65b6c080680a8e3497f08769a4740af74591a12a	feat: implement shell core framework and theme management system components	084	sources/sources/com/tsf/shell/f/i/c/c.java	sources/sources/com/tsf/shell/f/i/_c/c.java
65b6c080680a8e3497f08769a4740af74591a12a	feat: implement shell core framework and theme management system components	097	sources/sources/com/tsf/shell/f/i/c/d.java	sources/sources/com/tsf/shell/f/i/_c/d.java
65b6c080680a8e3497f08769a4740af74591a12a	feat: implement shell core framework and theme management system components	097	sources/sources/com/tsf/shell/f/i/c/e.java	sources/sources/com/tsf/shell/f/i/_c/e.java
65b6c080680a8e3497f08769a4740af74591a12a	feat: implement shell core framework and theme management system components	089	sources/sources/com/tsf/shell/f/i/c/f.java	sources/sources/com/tsf/shell/f/i/_c/f.java
65b6c080680a8e3497f08769a4740af74591a12a	feat: implement shell core framework and theme management system components	077	sources/sources/com/tsf/shell/f/i/c/g.java	sources/sources/com/tsf/shell/f/i/_c/g.java
65b6c080680a8e3497f08769a4740af74591a12a	feat: implement shell core framework and theme management system components	099	sources/sources/com/tsf/shell/manager/o/a/a.java	sources/sources/com/tsf/shell/manager/o/_a/a.java
65b6c080680a8e3497f08769a4740af74591a12a	feat: implement shell core framework and theme management system components	089	sources/sources/com/tsf/shell/manager/o/a/b.java	sources/sources/com/tsf/shell/manager/o/_a/b.java
65b6c080680a8e3497f08769a4740af74591a12a	feat: implement shell core framework and theme management system components	099	sources/sources/com/tsf/shell/manager/o/a/c.java	sources/sources/com/tsf/shell/manager/o/_a/c.java
65b6c080680a8e3497f08769a4740af74591a12a	feat: implement shell core framework and theme management system components	058	sources/sources/com/tsf/shell/manager/o/a/d.java	sources/sources/com/tsf/shell/manager/o/_a/d.java
