old_path	new_path	source	confidence
sources/sources/com/tsf/shell/f/c/b/a.java	sources/sources/com/tsf/shell/f/c/b/DrawerSettingsItemType.java	direct_diff	67
sources/sources/com/tsf/shell/f/c/b/e.java	sources/sources/com/tsf/shell/f/c/b/DrawerSettingsPanel.java	direct_diff	73
sources/sources/com/tsf/shell/f/c/b/a/b.java	sources/sources/com/tsf/shell/f/c/b/a/DrawerSettingsResult.java	direct_diff	64
sources/sources/com/tsf/shell/f/c/b/a/a.java	sources/sources/com/tsf/shell/f/c/b/a/IDrawerSettingsCallback.java	direct_diff	66
sources/sources/com/tsf/shell/f/e/g.java	sources/sources/com/tsf/shell/f/e/AlignmentBackKeyHandler.java	direct_diff	85
sources/sources/com/tsf/shell/f/e/a.java	sources/sources/com/tsf/shell/f/e/AlignmentOverlay.java	direct_diff	62
sources/sources/com/tsf/shell/f/e/q.java	sources/sources/com/tsf/shell/f/e/AlignmentResizeListener.java	direct_diff	64
sources/sources/com/tsf/shell/f/e/k.java	sources/sources/com/tsf/shell/f/e/CircleDotNode.java	direct_diff	67
sources/sources/com/tsf/shell/f/e/m.java	sources/sources/com/tsf/shell/f/e/ILassoSelectable.java	direct_diff	84
sources/sources/com/tsf/shell/f/e/e.java	sources/sources/com/tsf/shell/f/e/ItemTrailContainer.java	direct_diff	64
sources/sources/com/tsf/shell/f/e/n.java	sources/sources/com/tsf/shell/f/e/LassoContextMenu.java	direct_diff	65
sources/sources/com/tsf/shell/f/e/h.java	sources/sources/com/tsf/shell/f/e/LassoSelectionHandler.java	direct_diff	69
sources/sources/com/tsf/shell/f/e/o.java	sources/sources/com/tsf/shell/f/e/MenuBitmapRenderer.java	direct_diff	88
sources/sources/com/tsf/shell/f/e/d.java	sources/sources/com/tsf/shell/f/e/ObjectPool.java	direct_diff	75
sources/sources/com/tsf/shell/f/e/j.java	sources/sources/com/tsf/shell/f/e/PageIndicatorStrip.java	direct_diff	74
sources/sources/com/tsf/shell/f/e/r.java	sources/sources/com/tsf/shell/f/e/PageNumberBadge.java	direct_diff	80
sources/sources/com/tsf/shell/f/e/i.java	sources/sources/com/tsf/shell/f/e/SelectionFrame.java	direct_diff	79
sources/sources/com/tsf/shell/f/e/c.java	sources/sources/com/tsf/shell/f/e/SpringEasing.java	direct_diff	86
sources/sources/com/tsf/shell/f/e/p.java	sources/sources/com/tsf/shell/f/e/StubPlaceholder.java	direct_diff	80
sources/sources/com/tsf/shell/f/e/l.java	sources/sources/com/tsf/shell/f/e/ToggleRowItem.java	direct_diff	79
sources/sources/com/tsf/shell/f/e/t.java	sources/sources/com/tsf/shell/f/e/WidgetFreeResizeController.java	direct_diff	80
sources/sources/com/tsf/shell/f/e/s.java	sources/sources/com/tsf/shell/f/e/WidgetMatchResizeController.java	direct_diff	86
sources/sources/com/tsf/shell/f/e/b.java	sources/sources/com/tsf/shell/f/e/WidgetResizeResources.java	direct_diff	95
sources/sources/com/tsf/shell/f/e/a/a.java	sources/sources/com/tsf/shell/f/e/_a/DropTarget.java	direct_diff	65
sources/sources/com/tsf/shell/f/e/b/a.java	sources/sources/com/tsf/shell/f/e/_b/OverlayBackground.java	direct_diff	81
sources/sources/com/tsf/shell/f/e/d/a/a.java	sources/sources/com/tsf/shell/f/e/_d/a/DropIndicatorContainer.java	direct_diff	57
sources/sources/com/tsf/shell/f/e/d/a/c.java	sources/sources/com/tsf/shell/f/e/_d/a/DropIndicatorState.java	direct_diff	84
sources/sources/com/tsf/shell/f/e/f/a.java	sources/sources/com/tsf/shell/f/e/_f/WorkspaceEditor.java	direct_diff	72
sources/sources/com/tsf/shell/f/e/g/a.java	sources/sources/com/tsf/shell/f/e/_g/MenuClassButton.java	direct_diff	47
sources/sources/com/tsf/shell/f/e/g/b.java	sources/sources/com/tsf/shell/f/e/_g/MenuContainer.java	direct_diff	89
sources/sources/com/tsf/shell/f/e/g/e.java	sources/sources/com/tsf/shell/f/e/_g/MenuExpandItem.java	direct_diff	74
sources/sources/com/tsf/shell/f/e/g/c.java	sources/sources/com/tsf/shell/f/e/_g/MenuItemHeader.java	direct_diff	80
sources/sources/com/tsf/shell/f/e/g/d.java	sources/sources/com/tsf/shell/f/e/_g/MenuOverlay.java	direct_diff	68
sources/sources/com/tsf/shell/f/e/g/a/a.java	sources/sources/com/tsf/shell/f/e/_g/a/MenuActionHandler.java	direct_diff	75
sources/sources/com/tsf/shell/f/e/g/a/b.java	sources/sources/com/tsf/shell/f/e/_g/a/MenuActionItem.java	direct_diff	56
sources/sources/com/tsf/shell/f/e/g/a/c.java	sources/sources/com/tsf/shell/f/e/_g/a/MenuItemBase.java	direct_diff	79
sources/sources/com/tsf/shell/f/e/g/a/d.java	sources/sources/com/tsf/shell/f/e/_g/a/MenuItemConfig.java	direct_diff	64
sources/sources/com/tsf/shell/f/e/a/b.java	sources/sources/com/tsf/shell/f/e/a/AlignmentBackHandler.java	direct_diff	75
sources/sources/com/tsf/shell/f/e/a/c.java	sources/sources/com/tsf/shell/f/e/a/AlignmentEngine.java	direct_diff	56
sources/sources/com/tsf/shell/f/e/a/d.java	sources/sources/com/tsf/shell/f/e/a/AlignmentResizeHandler.java	direct_diff	70
sources/sources/com/tsf/shell/f/e/b/b.java	sources/sources/com/tsf/shell/f/e/b/ResizeConfig.java	direct_diff	70
sources/sources/com/tsf/shell/f/e/b/d.java	sources/sources/com/tsf/shell/f/e/b/ResizeConstants.java	direct_diff	95
sources/sources/com/tsf/shell/f/e/b/f.java	sources/sources/com/tsf/shell/f/e/b/ResizeShader.java	direct_diff	95
sources/sources/com/tsf/shell/f/e/b/c.java	sources/sources/com/tsf/shell/f/e/b/ResizeState.java	direct_diff	87
sources/sources/com/tsf/shell/f/e/b/e.java	sources/sources/com/tsf/shell/f/e/b/ResizeTextureManager.java	direct_diff	96
sources/sources/com/tsf/shell/f/e/c/a.java	sources/sources/com/tsf/shell/f/e/c/AnimationNode.java	direct_diff	88
sources/sources/com/tsf/shell/f/e/c/b.java	sources/sources/com/tsf/shell/f/e/c/MeshRenderer.java	direct_diff	97
sources/sources/com/tsf/shell/f/e/c/a/b.java	sources/sources/com/tsf/shell/f/e/c/a/PageContainer.java	direct_diff	93
sources/sources/com/tsf/shell/f/e/c/a/a.java	sources/sources/com/tsf/shell/f/e/c/a/PageFrame.java	direct_diff	92
sources/sources/com/tsf/shell/f/e/c/a/d.java	sources/sources/com/tsf/shell/f/e/c/a/PageScrollState.java	direct_diff	88
sources/sources/com/tsf/shell/f/e/c/a/c.java	sources/sources/com/tsf/shell/f/e/c/a/ScrollManager.java	direct_diff	87
sources/sources/com/tsf/shell/f/e/c/a/e.java	sources/sources/com/tsf/shell/f/e/c/a/ScrollOffset.java	direct_diff	89
sources/sources/com/tsf/shell/f/e/d/a/d.java	sources/sources/com/tsf/shell/f/e/d/a/DropIndicatorConfig.java	direct_diff	61
sources/sources/com/tsf/shell/f/e/d/a/b.java	sources/sources/com/tsf/shell/f/e/d/a/DropIndicatorRenderer.java	direct_diff	84
sources/sources/com/tsf/shell/f/e/e/c.java	sources/sources/com/tsf/shell/f/e/e/ItemAnimationController.java	direct_diff	43
sources/sources/com/tsf/shell/f/e/e/f.java	sources/sources/com/tsf/shell/f/e/e/ItemCleanupTask.java	direct_diff	63
sources/sources/com/tsf/shell/f/e/e/b.java	sources/sources/com/tsf/shell/f/e/e/ItemContainerNode.java	direct_diff	82
sources/sources/com/tsf/shell/f/e/e/a.java	sources/sources/com/tsf/shell/f/e/e/ItemNode.java	direct_diff	60
sources/sources/com/tsf/shell/f/e/e/e.java	sources/sources/com/tsf/shell/f/e/e/ItemRowItem.java	direct_diff	28
sources/sources/com/tsf/shell/f/e/f/b.java	sources/sources/com/tsf/shell/f/e/f/EditModeNode.java	direct_diff	91
sources/sources/com/tsf/shell/f/e/h/b.java	sources/sources/com/tsf/shell/f/e/h/IconEditorConfig.java	direct_diff	79
sources/sources/com/tsf/shell/f/e/h/a.java	sources/sources/com/tsf/shell/f/e/h/PhotoPicker.java	direct_diff	78
sources/sources/com/tsf/shell/f/e/i/b.java	sources/sources/com/tsf/shell/f/e/i/GridLayoutData.java	direct_diff	83
sources/sources/com/tsf/shell/f/e/i/a.java	sources/sources/com/tsf/shell/f/e/i/GridLayoutNode.java	direct_diff	65
sources/sources/com/tsf/shell/f/e/i/d.java	sources/sources/com/tsf/shell/f/e/i/GridLayoutParams.java	direct_diff	94
sources/sources/com/tsf/shell/f/e/i/c.java	sources/sources/com/tsf/shell/f/e/i/GridLayoutRenderer.java	direct_diff	86
sources/sources/com/tsf/shell/f/f/i.java	sources/sources/com/tsf/shell/f/f/ItemPageTransition.java	direct_diff	52
sources/sources/com/tsf/shell/f/f/d.java	sources/sources/com/tsf/shell/f/f/ItemTransitionManager.java	direct_diff	60
sources/sources/com/tsf/shell/f/f/j.java	sources/sources/com/tsf/shell/f/f/PageAnimationState.java	direct_diff	68
sources/sources/com/tsf/shell/f/f/h.java	sources/sources/com/tsf/shell/f/f/PageConfig.java	direct_diff	65
sources/sources/com/tsf/shell/f/f/k.java	sources/sources/com/tsf/shell/f/f/PageContentType.java	direct_diff	61
sources/sources/com/tsf/shell/f/f/o.java	sources/sources/com/tsf/shell/f/f/PageEventDispatcher.java	direct_diff	94
sources/sources/com/tsf/shell/f/f/b.java	sources/sources/com/tsf/shell/f/f/PageRenderBuffer.java	direct_diff	85
sources/sources/com/tsf/shell/f/f/a.java	sources/sources/com/tsf/shell/f/f/PageShaderNode.java	direct_diff	91
sources/sources/com/tsf/shell/f/f/n.java	sources/sources/com/tsf/shell/f/f/PageTouchHandler.java	direct_diff	85
sources/sources/com/tsf/shell/f/f/l.java	sources/sources/com/tsf/shell/f/f/PageTransitionEffect.java	direct_diff	69
sources/sources/com/tsf/shell/f/f/e.java	sources/sources/com/tsf/shell/f/f/TransitionConfig.java	direct_diff	58
sources/sources/com/tsf/shell/f/f/c.java	sources/sources/com/tsf/shell/f/f/TransitionManager.java	direct_diff	80
sources/sources/com/tsf/shell/f/f/f.java	sources/sources/com/tsf/shell/f/f/TransitionRenderer.java	direct_diff	84
sources/sources/com/tsf/shell/f/f/g.java	sources/sources/com/tsf/shell/f/f/WorkspacePage.java	direct_diff	74
sources/sources/com/tsf/shell/f/f/a/d.java	sources/sources/com/tsf/shell/f/f/a/AppClassifier.java	direct_diff	46
sources/sources/com/tsf/shell/f/f/a/e.java	sources/sources/com/tsf/shell/f/f/a/DragOverlayElement.java	direct_diff	60
sources/sources/com/tsf/shell/f/f/a/h.java	sources/sources/com/tsf/shell/f/f/a/FolderPage.java	direct_diff	66
sources/sources/com/tsf/shell/f/f/a/g.java	sources/sources/com/tsf/shell/f/f/a/FolderRenameDialog.java	direct_diff	65
sources/sources/com/tsf/shell/f/f/a/a.java	sources/sources/com/tsf/shell/f/f/a/PageContainerBase.java	direct_diff	85
sources/sources/com/tsf/shell/f/f/a/c.java	sources/sources/com/tsf/shell/f/f/a/PageContainerView.java	direct_diff	93
sources/sources/com/tsf/shell/f/f/a/f.java	sources/sources/com/tsf/shell/f/f/a/PageGridRenderer.java	direct_diff	80
sources/sources/com/tsf/shell/f/f/a/b.java	sources/sources/com/tsf/shell/f/f/a/PageItemList.java	direct_diff	71
sources/sources/com/tsf/shell/f/f/a/a/d.java	sources/sources/com/tsf/shell/f/f/a/_a/DrawerDragEffectController.java	direct_diff	51
sources/sources/com/tsf/shell/f/f/a/a/f.java	sources/sources/com/tsf/shell/f/f/a/_a/DrawerItemAnimationManager.java	direct_diff	77
sources/sources/com/tsf/shell/f/f/a/a/c.java	sources/sources/com/tsf/shell/f/f/a/_a/DrawerItemContainer.java	direct_diff	59
sources/sources/com/tsf/shell/f/f/a/a/a.java	sources/sources/com/tsf/shell/f/f/a/_a/DrawerItemDragController.java	direct_diff	84
sources/sources/com/tsf/shell/f/f/a/a/b.java	sources/sources/com/tsf/shell/f/f/a/_a/DrawerSectionManager.java	direct_diff	85
sources/sources/com/tsf/shell/f/f/a/a/e.java	sources/sources/com/tsf/shell/f/f/a/_a/DrawerVisualFrame.java	direct_diff	61
sources/sources/com/tsf/shell/f/f/a/a/a/a.java	sources/sources/com/tsf/shell/f/f/a/_a/a/DrawerAppLayoutStrategy.java	direct_diff	30
sources/sources/com/tsf/shell/f/f/a/a/a/b.java	sources/sources/com/tsf/shell/f/f/a/_a/a/DrawerWidgetLayoutStrategy.java	direct_diff	56
sources/sources/com/tsf/shell/f/f/a/a/b/b.java	sources/sources/com/tsf/shell/f/f/a/_a/b/DrawerBaseElement.java	direct_diff	72
sources/sources/com/tsf/shell/f/f/a/a/b/a.java	sources/sources/com/tsf/shell/f/f/a/_a/b/DrawerButtonElement.java	direct_diff	65
sources/sources/com/tsf/shell/f/f/a/a/b/c.java	sources/sources/com/tsf/shell/f/f/a/_a/b/DrawerProgressBar.java	direct_diff	66
sources/sources/com/tsf/shell/f/f/a/c/j.java	sources/sources/com/tsf/shell/f/f/a/_c/DrawerLabelConfig.java	direct_diff	51
sources/sources/com/tsf/shell/f/f/a/c/k.java	sources/sources/com/tsf/shell/f/f/a/_c/DrawerSettingsPage.java	direct_diff	51
sources/sources/com/tsf/shell/f/f/a/c/a.java	sources/sources/com/tsf/shell/f/f/a/_c/DrawerShortcutTouchHandler.java	direct_diff	37
sources/sources/com/tsf/shell/f/f/a/c/l.java	sources/sources/com/tsf/shell/f/f/a/_c/DrawerSpringPhysics.java	direct_diff	75
sources/sources/com/tsf/shell/f/f/a/b/a.java	sources/sources/com/tsf/shell/f/f/a/b/DrawerBottleTransition.java	direct_diff	80
sources/sources/com/tsf/shell/f/f/a/b/b.java	sources/sources/com/tsf/shell/f/f/a/b/DrawerCylinderTransition.java	direct_diff	77
sources/sources/com/tsf/shell/f/f/a/b/d.java	sources/sources/com/tsf/shell/f/f/a/b/DrawerExtrusionTransition.java	direct_diff	80
sources/sources/com/tsf/shell/f/f/a/b/e.java	sources/sources/com/tsf/shell/f/f/a/b/DrawerRandomTransition.java	direct_diff	77
sources/sources/com/tsf/shell/f/f/a/b/f.java	sources/sources/com/tsf/shell/f/f/a/b/DrawerRotationYTransition.java	direct_diff	26
sources/sources/com/tsf/shell/f/f/a/b/g.java	sources/sources/com/tsf/shell/f/f/a/b/DrawerRotationZTransition.java	direct_diff	32
sources/sources/com/tsf/shell/f/f/a/b/i.java	sources/sources/com/tsf/shell/f/f/a/b/DrawerScaleTransition.java	direct_diff	27
sources/sources/com/tsf/shell/f/f/a/b/c.java	sources/sources/com/tsf/shell/f/f/a/b/DrawerSmoothTransition.java	direct_diff	27
sources/sources/com/tsf/shell/f/f/a/b/j.java	sources/sources/com/tsf/shell/f/f/a/b/DrawerSphereTransition.java	direct_diff	78
sources/sources/com/tsf/shell/f/f/a/b/k.java	sources/sources/com/tsf/shell/f/f/a/b/DrawerTransitionBase.java	direct_diff	33
sources/sources/com/tsf/shell/f/f/a/b/m.java	sources/sources/com/tsf/shell/f/f/a/b/DrawerTransitionBase3D.java	direct_diff	79
sources/sources/com/tsf/shell/f/f/a/b/l.java	sources/sources/com/tsf/shell/f/f/a/b/DrawerTransitionManager.java	direct_diff	32
sources/sources/com/tsf/shell/f/f/a/b/h.java	sources/sources/com/tsf/shell/f/f/a/b/DrawerTriangularTransition.java	direct_diff	61
sources/sources/com/tsf/shell/f/f/a/c/d.java	sources/sources/com/tsf/shell/f/f/a/c/FolderAppMenu.java	direct_diff	50
sources/sources/com/tsf/shell/f/f/a/c/c.java	sources/sources/com/tsf/shell/f/f/a/c/FolderContentList.java	direct_diff	64
sources/sources/com/tsf/shell/f/f/a/c/g.java	sources/sources/com/tsf/shell/f/f/a/c/FolderCountdownBadge.java	direct_diff	64
sources/sources/com/tsf/shell/f/f/a/c/e.java	sources/sources/com/tsf/shell/f/f/a/c/FolderLabelElement.java	direct_diff	71
sources/sources/com/tsf/shell/f/f/a/c/m.java	sources/sources/com/tsf/shell/f/f/a/c/FolderMultiWidgetPage.java	direct_diff	59
sources/sources/com/tsf/shell/f/f/a/c/i.java	sources/sources/com/tsf/shell/f/f/a/c/FolderPageItemBase.java	direct_diff	68
sources/sources/com/tsf/shell/f/f/a/c/h.java	sources/sources/com/tsf/shell/f/f/a/c/FolderSelectionFrame.java	direct_diff	25
sources/sources/com/tsf/shell/f/f/a/c/f.java	sources/sources/com/tsf/shell/f/f/a/c/FolderShortcutGrid.java	direct_diff	57
sources/sources/com/tsf/shell/f/f/a/c/b.java	sources/sources/com/tsf/shell/f/f/a/c/FolderWidgetTouchHandler.java	direct_diff	67
sources/sources/com/tsf/shell/f/f/a/c/a/a.java	sources/sources/com/tsf/shell/f/f/a/c/_a/FolderIconLoader.java	direct_diff	76
sources/sources/com/tsf/shell/f/f/a/c/a/b.java	sources/sources/com/tsf/shell/f/f/a/c/_a/FolderIndicatorDot.java	direct_diff	73
sources/sources/com/tsf/shell/f/f/a/d/a.java	sources/sources/com/tsf/shell/f/f/a/d/DrawerSortManager.java	direct_diff	61
sources/sources/com/tsf/shell/f/f/a/d/a/a.java	sources/sources/com/tsf/shell/f/f/a/d/a/DrawerAlphabeticalSort.java	direct_diff	67
sources/sources/com/tsf/shell/f/f/a/d/a/e.java	sources/sources/com/tsf/shell/f/f/a/d/a/DrawerEarliestSort.java	direct_diff	62
sources/sources/com/tsf/shell/f/f/a/d/a/d.java	sources/sources/com/tsf/shell/f/f/a/d/a/DrawerIndexSort.java	direct_diff	61
sources/sources/com/tsf/shell/f/f/a/d/a/f.java	sources/sources/com/tsf/shell/f/f/a/d/a/DrawerLatestSort.java	direct_diff	60
sources/sources/com/tsf/shell/f/f/a/d/a/b.java	sources/sources/com/tsf/shell/f/f/a/d/a/DrawerNameSort.java	direct_diff	66
sources/sources/com/tsf/shell/f/f/a/d/a/c.java	sources/sources/com/tsf/shell/f/f/a/d/a/DrawerSortBase.java	direct_diff	61
sources/sources/com/tsf/shell/f/f/b/a.java	sources/sources/com/tsf/shell/f/f/b/ClothTransition.java	direct_diff	83
sources/sources/com/tsf/shell/f/f/b/b.java	sources/sources/com/tsf/shell/f/f/b/CrossfadeTransition.java	direct_diff	42
sources/sources/com/tsf/shell/f/f/b/c.java	sources/sources/com/tsf/shell/f/f/b/CubeInsideTransition.java	direct_diff	53
sources/sources/com/tsf/shell/f/f/b/d.java	sources/sources/com/tsf/shell/f/f/b/CubeOutsideTransition.java	direct_diff	43
sources/sources/com/tsf/shell/f/f/b/e.java	sources/sources/com/tsf/shell/f/f/b/CurveTransition.java	direct_diff	48
sources/sources/com/tsf/shell/f/f/b/f.java	sources/sources/com/tsf/shell/f/f/b/CylinderTransition.java	direct_diff	71
sources/sources/com/tsf/shell/f/f/b/g.java	sources/sources/com/tsf/shell/f/f/b/FlipTransition.java	direct_diff	38
sources/sources/com/tsf/shell/f/f/b/h.java	sources/sources/com/tsf/shell/f/f/b/FlyInTransition.java	direct_diff	49
sources/sources/com/tsf/shell/f/f/b/i.java	sources/sources/com/tsf/shell/f/f/b/FoldPageTransition.java	direct_diff	74
sources/sources/com/tsf/shell/f/f/b/j.java	sources/sources/com/tsf/shell/f/f/b/HorizontalFlipTransition.java	direct_diff	43
sources/sources/com/tsf/shell/f/f/b/k.java	sources/sources/com/tsf/shell/f/f/b/PageTurnTransition.java	direct_diff	50
sources/sources/com/tsf/shell/f/f/b/l.java	sources/sources/com/tsf/shell/f/f/b/RollTransition.java	direct_diff	38
sources/sources/com/tsf/shell/f/f/b/m.java	sources/sources/com/tsf/shell/f/f/b/ScaleInOutTransition.java	direct_diff	52
sources/sources/com/tsf/shell/f/f/b/o.java	sources/sources/com/tsf/shell/f/f/b/SlopeInsideTransition.java	direct_diff	48
sources/sources/com/tsf/shell/f/f/b/p.java	sources/sources/com/tsf/shell/f/f/b/SlopeOutsideTransition.java	direct_diff	48
sources/sources/com/tsf/shell/f/f/b/r.java	sources/sources/com/tsf/shell/f/f/b/SmoothTransition.java	direct_diff	30
sources/sources/com/tsf/shell/f/f/b/q.java	sources/sources/com/tsf/shell/f/f/b/StackTransition.java	direct_diff	61
sources/sources/com/tsf/shell/f/f/b/s.java	sources/sources/com/tsf/shell/f/f/b/WaveTransition.java	direct_diff	47
sources/sources/com/tsf/shell/f/f/b/n.java	sources/sources/com/tsf/shell/f/f/b/WaveZoomOutTransition.java	direct_diff	46
sources/sources/com/tsf/shell/f/f/b/t.java	sources/sources/com/tsf/shell/f/f/b/WindmillTransition.java	direct_diff	55
sources/sources/com/tsf/shell/f/f/b/a/d.java	sources/sources/com/tsf/shell/f/f/b/a/FolderPageTransitionBase.java	direct_diff	78
sources/sources/com/tsf/shell/f/f/b/a/a.java	sources/sources/com/tsf/shell/f/f/b/a/FolderTransitionA.java	direct_diff	81
sources/sources/com/tsf/shell/f/f/b/a/b.java	sources/sources/com/tsf/shell/f/f/b/a/FolderTransitionB.java	direct_diff	89
sources/sources/com/tsf/shell/f/f/b/a/c.java	sources/sources/com/tsf/shell/f/f/b/a/FolderTransitionC.java	direct_diff	86
sources/sources/com/tsf/shell/f/f/b/a/e.java	sources/sources/com/tsf/shell/f/f/b/a/FolderTransitionE.java	direct_diff	82
sources/sources/com/tsf/shell/f/f/b/a/f.java	sources/sources/com/tsf/shell/f/f/b/a/FolderTransitionF.java	direct_diff	86
sources/sources/com/tsf/shell/f/f/c/a.java	sources/sources/com/tsf/shell/f/f/c/WorkspaceShortcutTouchHandler.java	direct_diff	79
sources/sources/com/tsf/shell/f/f/d/a.java	sources/sources/com/tsf/shell/f/f/d/ScrollStateAggregator.java	direct_diff	77
sources/sources/com/tsf/shell/f/f/d/a/a.java	sources/sources/com/tsf/shell/f/f/d/a/ScrollBounceAnimation.java	direct_diff	73
sources/sources/com/tsf/shell/f/f/d/a/b.java	sources/sources/com/tsf/shell/f/f/d/a/ScrollBounceHandler.java	direct_diff	69
sources/sources/com/tsf/shell/f/g/a/a.java	sources/sources/com/tsf/shell/f/g/a/GestureMenuBlankItem.java	direct_diff	58
sources/sources/com/tsf/shell/f/g/a/d.java	sources/sources/com/tsf/shell/f/g/a/GestureMenuDrawerItem.java	direct_diff	41
sources/sources/com/tsf/shell/f/g/a/e.java	sources/sources/com/tsf/shell/f/g/a/GestureMenuEffectItem.java	direct_diff	44
sources/sources/com/tsf/shell/f/g/a/c.java	sources/sources/com/tsf/shell/f/g/a/GestureMenuItemAction.java	direct_diff	35
sources/sources/com/tsf/shell/f/g/a/f.java	sources/sources/com/tsf/shell/f/g/a/GestureMenuMarkItem.java	direct_diff	46
sources/sources/com/tsf/shell/f/g/a/b.java	sources/sources/com/tsf/shell/f/g/a/GestureMenuOverlay.java	direct_diff	57
sources/sources/com/tsf/shell/f/g/a/h.java	sources/sources/com/tsf/shell/f/g/a/GestureMenuRenderer.java	direct_diff	58
sources/sources/com/tsf/shell/f/g/a/g.java	sources/sources/com/tsf/shell/f/g/a/GestureMenuTextItem.java	direct_diff	39
sources/sources/com/tsf/shell/f/h/e.java	sources/sources/com/tsf/shell/f/h/DockOperationBorder.java	direct_diff	76
sources/sources/com/tsf/shell/f/h/a.java	sources/sources/com/tsf/shell/f/h/WorkspaceContainer.java	direct_diff	84
sources/sources/com/tsf/shell/f/h/c.java	sources/sources/com/tsf/shell/f/h/WorkspaceDockPanel.java	direct_diff	53
sources/sources/com/tsf/shell/f/h/b.java	sources/sources/com/tsf/shell/f/h/WorkspaceStateController.java	direct_diff	59
sources/sources/com/tsf/shell/f/h/d.java	sources/sources/com/tsf/shell/f/h/WorkspaceTouchController.java	direct_diff	87
sources/sources/com/tsf/shell/f/h/f.java	sources/sources/com/tsf/shell/f/h/WorkspaceWidgetPanel.java	direct_diff	60
sources/sources/com/tsf/shell/f/h/a/b.java	sources/sources/com/tsf/shell/f/h/a/ScenePositionConfig.java	direct_diff	86
sources/sources/com/tsf/shell/f/h/a/c.java	sources/sources/com/tsf/shell/f/h/a/WorkspacePreviewNode.java	direct_diff	60
sources/sources/com/tsf/shell/f/h/a/a.java	sources/sources/com/tsf/shell/f/h/a/WorkspaceSceneNode.java	direct_diff	83
sources/sources/com/tsf/shell/f/h/a/a/c.java	sources/sources/com/tsf/shell/f/h/a/a/SceneElementBase.java	direct_diff	67
sources/sources/com/tsf/shell/f/h/a/a/f.java	sources/sources/com/tsf/shell/f/h/a/a/SceneElementConfig.java	direct_diff	63
sources/sources/com/tsf/shell/f/h/a/a/e.java	sources/sources/com/tsf/shell/f/h/a/a/SceneElementHandler.java	direct_diff	71
sources/sources/com/tsf/shell/f/h/a/a/d.java	sources/sources/com/tsf/shell/f/h/a/a/SceneElementRenderer.java	direct_diff	59
sources/sources/com/tsf/shell/f/h/a/a/b.java	sources/sources/com/tsf/shell/f/h/a/a/SceneNodeAnimator.java	direct_diff	63
sources/sources/com/tsf/shell/f/h/a/a/a.java	sources/sources/com/tsf/shell/f/h/a/a/SceneNodeContainer.java	direct_diff	52
sources/sources/com/tsf/shell/f/h/a/a/a/e.java	sources/sources/com/tsf/shell/f/h/a/a/a/SceneBackgroundNode.java	direct_diff	39
sources/sources/com/tsf/shell/f/h/a/a/a/d.java	sources/sources/com/tsf/shell/f/h/a/a/a/SceneDecorNode.java	direct_diff	75
sources/sources/com/tsf/shell/f/h/a/a/a/g.java	sources/sources/com/tsf/shell/f/h/a/a/a/SceneIndicatorNode.java	direct_diff	92
sources/sources/com/tsf/shell/f/h/a/a/a/a.java	sources/sources/com/tsf/shell/f/h/a/a/a/SceneInteractionHandler.java	direct_diff	76
sources/sources/com/tsf/shell/f/h/a/a/a/f.java	sources/sources/com/tsf/shell/f/h/a/a/a/SceneOverlayNode.java	direct_diff	77
sources/sources/com/tsf/shell/f/h/a/a/a/c.java	sources/sources/com/tsf/shell/f/h/a/a/a/SceneSurfaceNode.java	direct_diff	73
sources/sources/com/tsf/shell/f/h/a/a/a/b.java	sources/sources/com/tsf/shell/f/h/a/a/a/WorkspaceSceneRoot.java	direct_diff	83
sources/sources/com/tsf/shell/f/h/a/b/a.java	sources/sources/com/tsf/shell/f/h/a/b/SceneAnimationController.java	direct_diff	61
sources/sources/com/tsf/shell/f/h/a/b/b.java	sources/sources/com/tsf/shell/f/h/a/b/SceneAnimationHandler.java	direct_diff	69
sources/sources/com/tsf/shell/f/i/a.java	sources/sources/com/tsf/shell/f/i/MultiSelectController.java	direct_diff	52
sources/sources/com/tsf/shell/f/i/b.java	sources/sources/com/tsf/shell/f/i/PageItem.java	direct_diff	68
sources/sources/com/tsf/shell/f/i/c.java	sources/sources/com/tsf/shell/f/i/ShortcutItem.java	direct_diff	69
sources/sources/com/tsf/shell/f/i/a/c.java	sources/sources/com/tsf/shell/f/i/_a/WidgetItemTouchHandler.java	direct_diff	64
sources/sources/com/tsf/shell/f/i/a/a.java	sources/sources/com/tsf/shell/f/i/_a/WidgetWallpaperHandler.java	direct_diff	62
sources/sources/com/tsf/shell/f/i/b/b/a.java	sources/sources/com/tsf/shell/f/i/_b/b/WidgetShell.java	direct_diff	74
sources/sources/com/tsf/shell/f/i/b/c/b.java	sources/sources/com/tsf/shell/f/i/_b/c/WidgetItemData.java	direct_diff	82
sources/sources/com/tsf/shell/f/i/b/d/k.java	sources/sources/com/tsf/shell/f/i/_b/d/ItemPositionAnimator.java	direct_diff	82
sources/sources/com/tsf/shell/f/i/b/d/e.java	sources/sources/com/tsf/shell/f/i/_b/d/WidgetItemAnimation.java	direct_diff	90
sources/sources/com/tsf/shell/f/i/b/d/g.java	sources/sources/com/tsf/shell/f/i/_b/d/WidgetItemGrid.java	direct_diff	64
sources/sources/com/tsf/shell/f/i/b/d/d.java	sources/sources/com/tsf/shell/f/i/_b/d/WidgetItemLayout.java	direct_diff	70
sources/sources/com/tsf/shell/f/i/b/d/j.java	sources/sources/com/tsf/shell/f/i/_b/d/WidgetItemPositioner.java	direct_diff	69
sources/sources/com/tsf/shell/f/i/b/d/a.java	sources/sources/com/tsf/shell/f/i/_b/d/WidgetTouchHandler.java	direct_diff	69
sources/sources/com/tsf/shell/f/i/b/d/b.java	sources/sources/com/tsf/shell/f/i/_b/d/WorkspaceShortcutItem.java	direct_diff	75
sources/sources/com/tsf/shell/f/i/b/e/a.java	sources/sources/com/tsf/shell/f/i/_b/e/WidgetDrawerItemBase.java	direct_diff	69
sources/sources/com/tsf/shell/f/i/b/e/b.java	sources/sources/com/tsf/shell/f/i/_b/e/WidgetDrawerShortcutItemBase.java	direct_diff	64
sources/sources/com/tsf/shell/f/i/a/d.java	sources/sources/com/tsf/shell/f/i/a/PageItemDropHandler.java	direct_diff	47
sources/sources/com/tsf/shell/f/i/a/b.java	sources/sources/com/tsf/shell/f/i/a/WallpaperDragHandler.java	direct_diff	67
sources/sources/com/tsf/shell/f/i/b/a/a.java	sources/sources/com/tsf/shell/f/i/b/a/ItemContainer.java	direct_diff	73
sources/sources/com/tsf/shell/f/i/b/a/b.java	sources/sources/com/tsf/shell/f/i/b/a/ItemContainerPageItem.java	direct_diff	52
sources/sources/com/tsf/shell/f/i/b/c/a.java	sources/sources/com/tsf/shell/f/i/b/c/ItemDataConfig.java	direct_diff	79
sources/sources/com/tsf/shell/f/i/b/d/f.java	sources/sources/com/tsf/shell/f/i/b/d/FolderItemBackground.java	direct_diff	25
sources/sources/com/tsf/shell/f/i/b/d/i.java	sources/sources/com/tsf/shell/f/i/b/d/FolderItemDotIndicator.java	direct_diff	85
sources/sources/com/tsf/shell/f/i/b/d/h.java	sources/sources/com/tsf/shell/f/i/b/d/FolderItemIndicator.java	direct_diff	81
sources/sources/com/tsf/shell/f/i/b/d/c.java	sources/sources/com/tsf/shell/f/i/b/d/FolderItemState.java	direct_diff	57
sources/sources/com/tsf/shell/f/i/b/e/d.java	sources/sources/com/tsf/shell/f/i/b/e/DrawerItemAction.java	direct_diff	65
sources/sources/com/tsf/shell/f/i/b/e/h.java	sources/sources/com/tsf/shell/f/i/b/e/DrawerItemButton.java	direct_diff	47
sources/sources/com/tsf/shell/f/i/b/e/f.java	sources/sources/com/tsf/shell/f/i/b/e/DrawerItemEditAction.java	direct_diff	65
sources/sources/com/tsf/shell/f/i/b/e/e.java	sources/sources/com/tsf/shell/f/i/b/e/DrawerItemEffect.java	direct_diff	57
sources/sources/com/tsf/shell/f/i/b/e/c.java	sources/sources/com/tsf/shell/f/i/b/e/DrawerItemGather.java	direct_diff	61
sources/sources/com/tsf/shell/f/i/b/e/i.java	sources/sources/com/tsf/shell/f/i/b/e/DrawerItemLaunchAction.java	direct_diff	58
sources/sources/com/tsf/shell/f/i/b/e/j.java	sources/sources/com/tsf/shell/f/i/b/e/DrawerItemSettingsAction.java	direct_diff	67
sources/sources/com/tsf/shell/f/i/b/e/g.java	sources/sources/com/tsf/shell/f/i/b/e/DrawerItemVisual.java	direct_diff	65
sources/sources/com/tsf/shell/f/i/c/a.java	sources/sources/com/tsf/shell/f/i/c/AnimatedItemGroup.java	direct_diff	75
sources/sources/com/tsf/shell/f/i/c/f.java	sources/sources/com/tsf/shell/f/i/c/AppPreviewLabel.java	direct_diff	74
sources/sources/com/tsf/shell/f/i/c/b.java	sources/sources/com/tsf/shell/f/i/c/DeferredItemGroup.java	direct_diff	78
sources/sources/com/tsf/shell/f/i/c/c.java	sources/sources/com/tsf/shell/f/i/c/FolderItemGroup.java	direct_diff	60
sources/sources/com/tsf/shell/f/i/c/g.java	sources/sources/com/tsf/shell/f/i/c/ItemGroupBase.java	direct_diff	64
sources/sources/com/tsf/shell/f/i/c/e.java	sources/sources/com/tsf/shell/f/i/c/ItemLabelProvider.java	direct_diff	74
sources/sources/com/tsf/shell/f/i/c/d.java	sources/sources/com/tsf/shell/f/i/c/PendingItemGroup.java	direct_diff	66
sources/sources/com/tsf/shell/f/i/c/a/j.java	sources/sources/com/tsf/shell/f/i/c/a/AsyncTextureNode.java	direct_diff	84
sources/sources/com/tsf/shell/f/i/c/a/h.java	sources/sources/com/tsf/shell/f/i/c/a/BackgroundSceneNode.java	direct_diff	85
sources/sources/com/tsf/shell/f/i/c/a/m.java	sources/sources/com/tsf/shell/f/i/c/a/CompositeSceneNode.java	direct_diff	82
sources/sources/com/tsf/shell/f/i/c/a/b.java	sources/sources/com/tsf/shell/f/i/c/a/DockSceneNode.java	direct_diff	79
sources/sources/com/tsf/shell/f/i/c/a/c.java	sources/sources/com/tsf/shell/f/i/c/a/DrawerSceneNode.java	direct_diff	80
sources/sources/com/tsf/shell/f/i/c/a/a.java	sources/sources/com/tsf/shell/f/i/c/a/FolderSceneNode.java	direct_diff	75
sources/sources/com/tsf/shell/f/i/c/a/g.java	sources/sources/com/tsf/shell/f/i/c/a/GridSceneNode.java	direct_diff	71
sources/sources/com/tsf/shell/f/i/c/a/i.java	sources/sources/com/tsf/shell/f/i/c/a/IAsyncTaskListener.java	direct_diff	86
sources/sources/com/tsf/shell/f/i/c/a/k.java	sources/sources/com/tsf/shell/f/i/c/a/ITextureCallback.java	direct_diff	84
sources/sources/com/tsf/shell/f/i/c/a/f.java	sources/sources/com/tsf/shell/f/i/c/a/LabelSceneNode.java	direct_diff	72
sources/sources/com/tsf/shell/f/i/c/a/e.java	sources/sources/com/tsf/shell/f/i/c/a/NodeConfig.java	direct_diff	87
sources/sources/com/tsf/shell/f/i/c/a/l.java	sources/sources/com/tsf/shell/f/i/c/a/NodeConstants.java	direct_diff	91
sources/sources/com/tsf/shell/f/i/c/a/d.java	sources/sources/com/tsf/shell/f/i/c/a/PageSceneNode.java	direct_diff	63
sources/sources/com/tsf/shell/f/i/c/a/a/a.java	sources/sources/com/tsf/shell/f/i/c/a/a/TextureElementA.java	direct_diff	92
sources/sources/com/tsf/shell/f/i/c/a/a/b.java	sources/sources/com/tsf/shell/f/i/c/a/a/TextureElementB.java	direct_diff	52
sources/sources/com/tsf/shell/f/i/c/a/a/c.java	sources/sources/com/tsf/shell/f/i/c/a/a/TextureElementC.java	direct_diff	97
sources/sources/com/tsf/shell/f/i/c/a/a/d.java	sources/sources/com/tsf/shell/f/i/c/a/a/TextureElementD.java	direct_diff	78
sources/sources/com/tsf/shell/f/i/c/a/a/e.java	sources/sources/com/tsf/shell/f/i/c/a/a/TextureElementE.java	direct_diff	89
sources/sources/com/tsf/shell/f/i/c/a/a/f.java	sources/sources/com/tsf/shell/f/i/c/a/a/TextureElementF.java	direct_diff	91
sources/sources/com/tsf/shell/f/i/c/a/a/g.java	sources/sources/com/tsf/shell/f/i/c/a/a/TextureElementG.java	direct_diff	94
sources/sources/com/tsf/shell/f/i/c/a/a/h.java	sources/sources/com/tsf/shell/f/i/c/a/a/TextureElementH.java	direct_diff	90
sources/sources/com/tsf/shell/f/i/c/a/b/a.java	sources/sources/com/tsf/shell/f/i/c/a/b/SceneComponentA.java	direct_diff	97
sources/sources/com/tsf/shell/f/i/c/a/b/b.java	sources/sources/com/tsf/shell/f/i/c/a/b/SceneComponentB.java	direct_diff	94
sources/sources/com/tsf/shell/f/i/c/a/b/c.java	sources/sources/com/tsf/shell/f/i/c/a/b/SceneComponentC.java	direct_diff	61
sources/sources/com/tsf/shell/f/i/c/a/b/d.java	sources/sources/com/tsf/shell/f/i/c/a/b/SceneComponentD.java	direct_diff	92
sources/sources/com/tsf/shell/f/i/c/a/b/e.java	sources/sources/com/tsf/shell/f/i/c/a/b/SceneComponentE.java	direct_diff	69
sources/sources/com/tsf/shell/f/i/c/a/b/f.java	sources/sources/com/tsf/shell/f/i/c/a/b/SceneComponentF.java	direct_diff	51
sources/sources/com/tsf/shell/f/i/c/a/b/g.java	sources/sources/com/tsf/shell/f/i/c/a/b/SceneComponentG.java	direct_diff	42
sources/sources/com/tsf/shell/f/i/c/a/b/h.java	sources/sources/com/tsf/shell/f/i/c/a/b/SceneComponentH.java	direct_diff	90
sources/sources/com/tsf/shell/f/i/c/a/b/i.java	sources/sources/com/tsf/shell/f/i/c/a/b/SceneComponentI.java	direct_diff	49
sources/sources/com/tsf/shell/f/i/c/a/b/j.java	sources/sources/com/tsf/shell/f/i/c/a/b/SceneComponentJ.java	direct_diff	51
sources/sources/com/tsf/shell/f/i/c/a/b/k.java	sources/sources/com/tsf/shell/f/i/c/a/b/SceneComponentK.java	direct_diff	71
sources/sources/com/tsf/shell/f/i/c/a/b/l.java	sources/sources/com/tsf/shell/f/i/c/a/b/SceneComponentL.java	direct_diff	75
sources/sources/com/tsf/shell/f/i/c/a/b/m.java	sources/sources/com/tsf/shell/f/i/c/a/b/SceneComponentM.java	direct_diff	71
sources/sources/com/tsf/shell/f/i/c/a/b/n.java	sources/sources/com/tsf/shell/f/i/c/a/b/SceneComponentN.java	direct_diff	46
sources/sources/com/tsf/shell/f/i/c/a/b/o.java	sources/sources/com/tsf/shell/f/i/c/a/b/SceneComponentO.java	direct_diff	71
sources/sources/com/tsf/shell/f/i/c/a/b/p.java	sources/sources/com/tsf/shell/f/i/c/a/b/SceneComponentP.java	direct_diff	50
sources/sources/com/tsf/shell/f/i/c/a/c/a.java	sources/sources/com/tsf/shell/f/i/c/a/c/SceneRendererA.java	direct_diff	88
sources/sources/com/tsf/shell/f/i/c/a/c/b.java	sources/sources/com/tsf/shell/f/i/c/a/c/SceneRendererB.java	direct_diff	72
sources/sources/com/tsf/shell/f/i/c/a/c/c.java	sources/sources/com/tsf/shell/f/i/c/a/c/SceneRendererC.java	direct_diff	57
sources/sources/com/tsf/shell/f/i/c/a/c/d.java	sources/sources/com/tsf/shell/f/i/c/a/c/SceneRendererD.java	direct_diff	89
sources/sources/com/tsf/shell/f/i/c/a/c/e.java	sources/sources/com/tsf/shell/f/i/c/a/c/SceneRendererE.java	direct_diff	93
sources/sources/com/tsf/shell/manager/action/a.java	sources/sources/com/tsf/shell/manager/action/ActionDatabaseHelper.java	direct_diff	71
sources/sources/com/tsf/shell/manager/action/b.java	sources/sources/com/tsf/shell/manager/action/ActionManager.java	direct_diff	58
sources/sources/com/tsf/shell/manager/action/e.java	sources/sources/com/tsf/shell/manager/action/ActionModel.java	direct_diff	83
sources/sources/com/tsf/shell/manager/action/d.java	sources/sources/com/tsf/shell/manager/action/ActionSelectorAdapter.java	direct_diff	84
sources/sources/com/tsf/shell/manager/action/f.java	sources/sources/com/tsf/shell/manager/action/GestureHandler.java	direct_diff	84
sources/sources/com/tsf/shell/manager/action/c.java	sources/sources/com/tsf/shell/manager/action/ShortcutCreator.java	direct_diff	90
sources/sources/com/tsf/shell/manager/action/toggle/b.java	sources/sources/com/tsf/shell/manager/action/toggle/ToggleAction.java	direct_diff	72
sources/sources/com/tsf/shell/manager/action/toggle/a.java	sources/sources/com/tsf/shell/manager/action/toggle/TogglePanelManager.java	direct_diff	67
sources/sources/com/tsf/shell/manager/action/toggle/a/b.java	sources/sources/com/tsf/shell/manager/action/toggle/a/ToggleActionBrightness.java	direct_diff	79
sources/sources/com/tsf/shell/manager/action/toggle/a/c.java	sources/sources/com/tsf/shell/manager/action/toggle/a/ToggleActionConnector.java	direct_diff	72
sources/sources/com/tsf/shell/manager/action/toggle/a/f.java	sources/sources/com/tsf/shell/manager/action/toggle/a/ToggleActionFlashlight.java	direct_diff	68
sources/sources/com/tsf/shell/manager/action/toggle/a/d.java	sources/sources/com/tsf/shell/manager/action/toggle/a/ToggleActionMobileData.java	direct_diff	75
sources/sources/com/tsf/shell/manager/action/toggle/a/e.java	sources/sources/com/tsf/shell/manager/action/toggle/a/ToggleActionVolume.java	direct_diff	78
sources/sources/com/tsf/shell/manager/action/toggle/a/a.java	sources/sources/com/tsf/shell/manager/action/toggle/a/ToggleActionWifi.java	direct_diff	78
sources/sources/com/tsf/shell/manager/a/a.java	sources/sources/com/tsf/shell/manager/app/AppListManager.java	direct_diff	73
sources/sources/com/tsf/shell/manager/a/c.java	sources/sources/com/tsf/shell/manager/app/AppListModel.java	direct_diff	55
sources/sources/com/tsf/shell/manager/a/e.java	sources/sources/com/tsf/shell/manager/app/DataCoordinator.java	direct_diff	45
sources/sources/com/tsf/shell/manager/a/d.java	sources/sources/com/tsf/shell/manager/app/FolderManager.java	direct_diff	80
sources/sources/com/tsf/shell/manager/a/f.java	sources/sources/com/tsf/shell/manager/app/LauncherAppInfo.java	direct_diff	75
sources/sources/com/tsf/shell/manager/a/b.java	sources/sources/com/tsf/shell/manager/app/ObserverManager.java	direct_diff	43
sources/sources/com/tsf/shell/manager/a/g.java	sources/sources/com/tsf/shell/manager/app/WidgetPanelController.java	direct_diff	59
sources/sources/com/tsf/shell/manager/b/a.java	sources/sources/com/tsf/shell/manager/b/BackupDataAdapter.java	direct_diff	84
sources/sources/com/tsf/shell/manager/b/c.java	sources/sources/com/tsf/shell/manager/b/BackupEntry.java	direct_diff	78
sources/sources/com/tsf/shell/manager/b/d.java	sources/sources/com/tsf/shell/manager/b/BackupExportManager.java	direct_diff	87
sources/sources/com/tsf/shell/manager/b/b.java	sources/sources/com/tsf/shell/manager/b/BackupRestoreManager.java	direct_diff	79
sources/sources/com/tsf/shell/manager/b/e.java	sources/sources/com/tsf/shell/manager/b/ConfigManager.java	direct_diff	97
sources/sources/com/tsf/shell/manager/b/f.java	sources/sources/com/tsf/shell/manager/b/TempPreferenceManager.java	direct_diff	93
sources/sources/com/tsf/shell/manager/bind/c.java	sources/sources/com/tsf/shell/manager/bind/ShellBindCallback.java	direct_diff	65
sources/sources/com/tsf/shell/manager/bind/a.java	sources/sources/com/tsf/shell/manager/bind/ShellBindContext.java	direct_diff	79
sources/sources/com/tsf/shell/manager/bind/b.java	sources/sources/com/tsf/shell/manager/bind/ShellBindController.java	direct_diff	65
sources/sources/com/tsf/shell/manager/bind/d.java	sources/sources/com/tsf/shell/manager/bind/ShellBindStub.java	direct_diff	59
sources/sources/com/tsf/shell/manager/c/a.java	sources/sources/com/tsf/shell/manager/c/ContactDatabaseHelper.java	direct_diff	90
sources/sources/com/tsf/shell/manager/c/b.java	sources/sources/com/tsf/shell/manager/c/ContactManager.java	direct_diff	47
sources/sources/com/tsf/shell/manager/c/c.java	sources/sources/com/tsf/shell/manager/c/ContactsProviderHelper.java	direct_diff	92
sources/sources/com/tsf/shell/manager/c/a/a/a.java	sources/sources/com/tsf/shell/manager/c/a/a/ContactModel.java	direct_diff	84
sources/sources/com/tsf/shell/manager/d/a.java	sources/sources/com/tsf/shell/manager/d/HitTargetManager.java	direct_diff	52
sources/sources/com/tsf/shell/manager/e/a.java	sources/sources/com/tsf/shell/manager/e/ScreenSaverDelayConfig.java	direct_diff	82
sources/sources/com/tsf/shell/manager/f/c.java	sources/sources/com/tsf/shell/manager/f/LauncherInitController.java	direct_diff	33
sources/sources/com/tsf/shell/manager/f/a.java	sources/sources/com/tsf/shell/manager/f/ScreenFadeController.java	direct_diff	74
sources/sources/com/tsf/shell/manager/f/d.java	sources/sources/com/tsf/shell/manager/f/ViewportController.java	direct_diff	84
sources/sources/com/tsf/shell/manager/f/b.java	sources/sources/com/tsf/shell/manager/f/WorkspaceScene.java	direct_diff	66
sources/sources/com/tsf/shell/manager/g/a.java	sources/sources/com/tsf/shell/manager/g/LayoutDimensionConstants.java	direct_diff	91
sources/sources/com/tsf/shell/manager/h/a.java	sources/sources/com/tsf/shell/manager/h/ScreenLockController.java	direct_diff	89
sources/sources/com/tsf/shell/manager/i/a.java	sources/sources/com/tsf/shell/manager/i/PrimeEffectRenderer.java	direct_diff	75
sources/sources/com/tsf/shell/manager/j/b.java	sources/sources/com/tsf/shell/manager/j/RateDialog.java	direct_diff	75
sources/sources/com/tsf/shell/manager/j/c.java	sources/sources/com/tsf/shell/manager/j/RateDialogController.java	direct_diff	59
sources/sources/com/tsf/shell/manager/j/a.java	sources/sources/com/tsf/shell/manager/j/RateFaceView.java	direct_diff	84
sources/sources/com/tsf/shell/manager/j/d.java	sources/sources/com/tsf/shell/manager/j/TexturedBackground.java	direct_diff	68
sources/sources/com/tsf/shell/manager/k/a.java	sources/sources/com/tsf/shell/manager/k/TypefaceCache.java	direct_diff	76
sources/sources/com/tsf/shell/manager/l/a.java	sources/sources/com/tsf/shell/manager/l/ShortcutManager.java	direct_diff	72
sources/sources/com/tsf/shell/manager/l/b.java	sources/sources/com/tsf/shell/manager/l/ShortcutManagerHolder.java	direct_diff	59
sources/sources/com/tsf/shell/manager/m/c.java	sources/sources/com/tsf/shell/manager/m/AddItemButton.java	direct_diff	73
sources/sources/com/tsf/shell/manager/m/a.java	sources/sources/com/tsf/shell/manager/m/DragSortContainer.java	direct_diff	80
sources/sources/com/tsf/shell/manager/m/d.java	sources/sources/com/tsf/shell/manager/m/SideMenuIndicator.java	direct_diff	70
sources/sources/com/tsf/shell/manager/m/b.java	sources/sources/com/tsf/shell/manager/m/SideMenuManager.java	direct_diff	64
sources/sources/com/tsf/shell/manager/n/a.java	sources/sources/com/tsf/shell/manager/n/ToastOverlayController.java	direct_diff	69
sources/sources/com/tsf/shell/manager/o/a.java	sources/sources/com/tsf/shell/manager/o/ButtonMetrics.java	direct_diff	91
sources/sources/com/tsf/shell/manager/o/b.java	sources/sources/com/tsf/shell/manager/o/ButtonPresetManager.java	direct_diff	57
sources/sources/com/tsf/shell/manager/o/d.java	sources/sources/com/tsf/shell/manager/o/EmptyStub.java	direct_diff	84
sources/sources/com/tsf/shell/manager/o/c.java	sources/sources/com/tsf/shell/manager/o/ThemeColorConstants.java	direct_diff	97
sources/sources/com/tsf/shell/manager/o/a/c.java	sources/sources/com/tsf/shell/manager/o/_a/LabelManagerV2.java	direct_diff	89
sources/sources/com/tsf/shell/manager/o/a/a.java	sources/sources/com/tsf/shell/manager/o/_a/TextConfigV2.java	direct_diff	92
sources/sources/com/tsf/shell/manager/o/a/b.java	sources/sources/com/tsf/shell/manager/o/_a/TextLabelElementV2.java	direct_diff	76
sources/sources/com/tsf/shell/manager/o/a/d.java	sources/sources/com/tsf/shell/manager/o/a/EmptyLabelElement.java	direct_diff	45
sources/sources/com/tsf/shell/manager/p/b.java	sources/sources/com/tsf/shell/manager/p/GestureTipElement.java	direct_diff	70
sources/sources/com/tsf/shell/manager/p/f.java	sources/sources/com/tsf/shell/manager/p/PreferenceToggle.java	direct_diff	75
sources/sources/com/tsf/shell/manager/p/e.java	sources/sources/com/tsf/shell/manager/p/ThemePreferenceProvider.java	direct_diff	88
sources/sources/com/tsf/shell/manager/p/d.java	sources/sources/com/tsf/shell/manager/p/ThemePreferenceStore.java	direct_diff	91
sources/sources/com/tsf/shell/manager/p/a.java	sources/sources/com/tsf/shell/manager/p/ThemeTransitionAnimator.java	direct_diff	65
sources/sources/com/tsf/shell/manager/p/c.java	sources/sources/com/tsf/shell/manager/p/TipsDialogManager.java	direct_diff	69
sources/sources/com/tsf/shell/manager/q/a.java	sources/sources/com/tsf/shell/manager/q/UnreadBadgeManager.java	direct_diff	72
sources/sources/com/tsf/shell/manager/r/a.java	sources/sources/com/tsf/shell/manager/r/BoundsHelper.java	direct_diff	65
sources/sources/com/tsf/shell/manager/r/a/a.java	sources/sources/com/tsf/shell/manager/r/a/AppWidgetHostManager.java	direct_diff	72
sources/sources/com/tsf/shell/manager/r/a/b.java	sources/sources/com/tsf/shell/manager/r/a/WidgetInstanceTracker.java	direct_diff	58
sources/sources/com/tsf/shell/manager/r/b/c.java	sources/sources/com/tsf/shell/manager/r/b/ScrollableItemListPanel.java	direct_diff	76
sources/sources/com/tsf/shell/manager/r/b/d.java	sources/sources/com/tsf/shell/manager/r/b/ShortcutsPanel.java	direct_diff	42
sources/sources/com/tsf/shell/manager/r/b/e.java	sources/sources/com/tsf/shell/manager/r/b/TogglePanel.java	direct_diff	55
sources/sources/com/tsf/shell/manager/r/b/b.java	sources/sources/com/tsf/shell/manager/r/b/WidgetDecorationPanel.java	direct_diff	47
sources/sources/com/tsf/shell/manager/r/b/a.java	sources/sources/com/tsf/shell/manager/r/b/WidgetMenuPanel.java	direct_diff	49
sources/sources/com/tsf/shell/manager/r/b/a/c.java	sources/sources/com/tsf/shell/manager/r/b/a/AppListItemCell.java	direct_diff	60
sources/sources/com/tsf/shell/manager/r/b/a/a.java	sources/sources/com/tsf/shell/manager/r/b/a/AppListPanel.java	direct_diff	64
sources/sources/com/tsf/shell/manager/r/b/a/b.java	sources/sources/com/tsf/shell/manager/r/b/a/AppSelectionIndicatorBar.java	direct_diff	49
sources/sources/com/tsf/shell/manager/r/b/b/a.java	sources/sources/com/tsf/shell/manager/r/b/b/SlidePanelAnimatorBase.java	direct_diff	68
sources/sources/com/tsf/shell/manager/r/b/c/b.java	sources/sources/com/tsf/shell/manager/r/b/c/SystemWidgetProviderBrowser.java	direct_diff	64
sources/sources/com/tsf/shell/manager/r/b/c/e.java	sources/sources/com/tsf/shell/manager/r/b/c/WidgetDragDropArea.java	direct_diff	38
sources/sources/com/tsf/shell/manager/r/b/c/f.java	sources/sources/com/tsf/shell/manager/r/b/c/WidgetDragHandler.java	direct_diff	64
sources/sources/com/tsf/shell/manager/r/b/c/c.java	sources/sources/com/tsf/shell/manager/r/b/c/WidgetInstanceListPanel.java	direct_diff	42
sources/sources/com/tsf/shell/manager/r/b/c/d.java	sources/sources/com/tsf/shell/manager/r/b/c/WidgetPanelOrchestrator.java	direct_diff	58
sources/sources/com/tsf/shell/manager/r/b/c/g.java	sources/sources/com/tsf/shell/manager/r/b/c/WidgetPanelToggle.java	direct_diff	35
sources/sources/com/tsf/shell/manager/r/b/c/h.java	sources/sources/com/tsf/shell/manager/r/b/c/WidgetPreviewCell.java	direct_diff	79
sources/sources/com/tsf/shell/manager/r/b/c/a.java	sources/sources/com/tsf/shell/manager/r/b/c/WidgetProviderInfoBar.java	direct_diff	63
sources/sources/com/tsf/shell/manager/r/c/a.java	sources/sources/com/tsf/shell/manager/r/c/IconRenderer.java	direct_diff	91
sources/sources/com/tsf/shell/manager/r/c/h.java	sources/sources/com/tsf/shell/manager/r/c/KeyEventListener.java	direct_diff	79
sources/sources/com/tsf/shell/manager/r/c/d.java	sources/sources/com/tsf/shell/manager/r/c/MultiSelectLinePicker.java	direct_diff	57
sources/sources/com/tsf/shell/manager/r/c/c.java	sources/sources/com/tsf/shell/manager/r/c/WidgetCompatibilityChecker.java	direct_diff	72
sources/sources/com/tsf/shell/manager/r/c/f.java	sources/sources/com/tsf/shell/manager/r/c/WidgetDefinitionFactory.java	direct_diff	51
sources/sources/com/tsf/shell/manager/r/c/g.java	sources/sources/com/tsf/shell/manager/r/c/WidgetDeleteAnimationUtil.java	direct_diff	60
sources/sources/com/tsf/shell/manager/r/c/b.java	sources/sources/com/tsf/shell/manager/r/c/WidgetFeatureConfig.java	direct_diff	72
sources/sources/com/tsf/shell/manager/r/c/e.java	sources/sources/com/tsf/shell/manager/r/c/WidgetRegistryManager.java	direct_diff	55
sources/sources/com/tsf/shell/manager/r/c/a/a.java	sources/sources/com/tsf/shell/manager/r/c/a/WidgetInstantiator.java	direct_diff	71
sources/sources/com/tsf/shell/manager/r/c/a/b.java	sources/sources/com/tsf/shell/manager/r/c/a/WidgetPlacementHelper.java	direct_diff	81
sources/sources/com/tsf/shell/manager/wallpaper/c.java	sources/sources/com/tsf/shell/manager/wallpaper/BlurSettingsMenu.java	direct_diff	56
sources/sources/com/tsf/shell/manager/wallpaper/d.java	sources/sources/com/tsf/shell/manager/wallpaper/LiveWallpaperMenuItem.java	direct_diff	53
sources/sources/com/tsf/shell/manager/wallpaper/e.java	sources/sources/com/tsf/shell/manager/wallpaper/WallpaperMenuContainer.java	direct_diff	41
sources/sources/com/tsf/shell/manager/wallpaper/b.java	sources/sources/com/tsf/shell/manager/wallpaper/WallpaperMenuPanel.java	direct_diff	60
sources/sources/com/tsf/shell/manager/wallpaper/a.java	sources/sources/com/tsf/shell/manager/wallpaper/WallpaperPreviewRenderer.java	direct_diff	93
sources/sources/com/tsf/shell/plugin/a/a.java	sources/sources/com/tsf/shell/plugin/a/PluginBridgeA.java	direct_diff	90
sources/sources/com/tsf/shell/plugin/a/b.java	sources/sources/com/tsf/shell/plugin/a/PluginBridgeB.java	direct_diff	88
sources/sources/com/tsf/shell/plugin/a/c.java	sources/sources/com/tsf/shell/plugin/a/PluginBridgeException.java	direct_diff	54
sources/sources/com/tsf/shell/plugin/classification/a.java	sources/sources/com/tsf/shell/plugin/classification/ClassificationColumns.java	direct_diff	81
sources/sources/com/tsf/shell/plugin/classification/c.java	sources/sources/com/tsf/shell/plugin/classification/ClassificationDatabase.java	direct_diff	75
sources/sources/com/tsf/shell/plugin/classification/b.java	sources/sources/com/tsf/shell/plugin/classification/ClassificationInfoColumns.java	direct_diff	82
sources/sources/com/tsf/shell/plugin/classification/d.java	sources/sources/com/tsf/shell/plugin/classification/ClassificationManager.java	direct_diff	89
sources/sources/com/tsf/shell/plugin/crop/c.java	sources/sources/com/tsf/shell/plugin/crop/CropImageConfig.java	direct_diff	85
sources/sources/com/tsf/shell/plugin/crop/h.java	sources/sources/com/tsf/shell/plugin/crop/CropImageHelper.java	direct_diff	79
sources/sources/com/tsf/shell/plugin/crop/b.java	sources/sources/com/tsf/shell/plugin/crop/CropImageManager.java	direct_diff	93
sources/sources/com/tsf/shell/plugin/crop/a.java	sources/sources/com/tsf/shell/plugin/crop/CropImageParser.java	direct_diff	91
sources/sources/com/tsf/shell/plugin/crop/g.java	sources/sources/com/tsf/shell/plugin/crop/CropImageProvider.java	direct_diff	92
sources/sources/com/tsf/shell/plugin/crop/d.java	sources/sources/com/tsf/shell/plugin/crop/CropImageRenderer.java	direct_diff	90
sources/sources/com/tsf/shell/plugin/crop/e.java	sources/sources/com/tsf/shell/plugin/crop/CropImageResources.java	direct_diff	99
sources/sources/com/tsf/shell/plugin/crop/f.java	sources/sources/com/tsf/shell/plugin/crop/CropImageState.java	direct_diff	84
sources/sources/com/tsf/shell/plugin/fontspicker/d.java	sources/sources/com/tsf/shell/plugin/fontspicker/FontPickerConfig.java	direct_diff	63
sources/sources/com/tsf/shell/plugin/fontspicker/b.java	sources/sources/com/tsf/shell/plugin/fontspicker/FontPickerContract.java	direct_diff	87
sources/sources/com/tsf/shell/plugin/fontspicker/a.java	sources/sources/com/tsf/shell/plugin/fontspicker/FontPickerManager.java	direct_diff	82
sources/sources/com/tsf/shell/plugin/fontspicker/c.java	sources/sources/com/tsf/shell/plugin/fontspicker/FontPickerRenderer.java	direct_diff	81
sources/sources/com/tsf/shell/plugin/notice/c.java	sources/sources/com/tsf/shell/plugin/notice/NoticeConfig.java	direct_diff	73
sources/sources/com/tsf/shell/plugin/notice/a.java	sources/sources/com/tsf/shell/plugin/notice/NoticeDataProvider.java	direct_diff	82
sources/sources/com/tsf/shell/plugin/notice/e.java	sources/sources/com/tsf/shell/plugin/notice/NoticeEvent.java	direct_diff	91
sources/sources/com/tsf/shell/plugin/notice/b.java	sources/sources/com/tsf/shell/plugin/notice/NoticeManager.java	direct_diff	82
sources/sources/com/tsf/shell/plugin/notice/d.java	sources/sources/com/tsf/shell/plugin/notice/NoticeRenderer.java	direct_diff	98
sources/sources/com/tsf/shell/plugin/notice/f.java	sources/sources/com/tsf/shell/plugin/notice/NoticeResources.java	direct_diff	99
sources/sources/com/tsf/shell/plugin/notice/g.java	sources/sources/com/tsf/shell/plugin/notice/NoticeStateProvider.java	direct_diff	78
sources/sources/com/tsf/shell/plugin/summary/b.java	sources/sources/com/tsf/shell/plugin/summary/SummaryConfig.java	direct_diff	89
sources/sources/com/tsf/shell/plugin/summary/a.java	sources/sources/com/tsf/shell/plugin/summary/SummaryConstants.java	direct_diff	82
sources/sources/com/tsf/shell/plugin/summary/c.java	sources/sources/com/tsf/shell/plugin/summary/SummaryManager.java	direct_diff	99
sources/sources/com/tsf/shell/plugin/theme/c.java	sources/sources/com/tsf/shell/plugin/theme/ThemePluginConfig.java	direct_diff	66
sources/sources/com/tsf/shell/plugin/theme/b.java	sources/sources/com/tsf/shell/plugin/theme/ThemePluginManager.java	direct_diff	74
sources/sources/com/tsf/shell/plugin/theme/a.java	sources/sources/com/tsf/shell/plugin/theme/ThemePluginParser.java	direct_diff	92
sources/sources/com/tsf/shell/plugin/themepicker/j.java	sources/sources/com/tsf/shell/plugin/themepicker/ThemePickerAdapter.java	direct_diff	83
sources/sources/com/tsf/shell/plugin/themepicker/c.java	sources/sources/com/tsf/shell/plugin/themepicker/ThemePickerConfig.java	direct_diff	76
sources/sources/com/tsf/shell/plugin/themepicker/d.java	sources/sources/com/tsf/shell/plugin/themepicker/ThemePickerData.java	direct_diff	85
sources/sources/com/tsf/shell/plugin/themepicker/e.java	sources/sources/com/tsf/shell/plugin/themepicker/ThemePickerEvent.java	direct_diff	93
sources/sources/com/tsf/shell/plugin/themepicker/i.java	sources/sources/com/tsf/shell/plugin/themepicker/ThemePickerManager.java	direct_diff	78
sources/sources/com/tsf/shell/plugin/themepicker/a.java	sources/sources/com/tsf/shell/plugin/themepicker/ThemePickerParser.java	direct_diff	96
sources/sources/com/tsf/shell/plugin/themepicker/b.java	sources/sources/com/tsf/shell/plugin/themepicker/ThemePickerProvider.java	direct_diff	71
sources/sources/com/tsf/shell/plugin/themepicker/k.java	sources/sources/com/tsf/shell/plugin/themepicker/ThemePickerRenderer.java	direct_diff	84
sources/sources/com/tsf/shell/plugin/themepicker/f.java	sources/sources/com/tsf/shell/plugin/themepicker/ThemePickerResources.java	direct_diff	99
sources/sources/com/tsf/shell/plugin/themepicker/g.java	sources/sources/com/tsf/shell/plugin/themepicker/ThemePickerState.java	direct_diff	67
sources/sources/com/tsf/shell/plugin/themepicker/h.java	sources/sources/com/tsf/shell/plugin/themepicker/ThemePickerThemeHandler.java	direct_diff	91
sources/sources/com/tsf/shell/plugin/themepicker/icondesigner/g.java	sources/sources/com/tsf/shell/plugin/themepicker/icondesigner/IconDesignerBaseColumns.java	direct_diff	80
sources/sources/com/tsf/shell/plugin/themepicker/icondesigner/f.java	sources/sources/com/tsf/shell/plugin/themepicker/icondesigner/IconDesignerColumns.java	direct_diff	74
sources/sources/com/tsf/shell/plugin/themepicker/icondesigner/b.java	sources/sources/com/tsf/shell/plugin/themepicker/icondesigner/IconDesignerConfig.java	direct_diff	69
sources/sources/com/tsf/shell/plugin/themepicker/icondesigner/e.java	sources/sources/com/tsf/shell/plugin/themepicker/icondesigner/IconDesignerContract.java	direct_diff	54
sources/sources/com/tsf/shell/plugin/themepicker/icondesigner/a.java	sources/sources/com/tsf/shell/plugin/themepicker/icondesigner/IconDesignerData.java	direct_diff	72
sources/sources/com/tsf/shell/plugin/themepicker/icondesigner/c.java	sources/sources/com/tsf/shell/plugin/themepicker/icondesigner/IconDesignerManager.java	direct_diff	72
sources/sources/com/tsf/shell/plugin/themepicker/icondesigner/d.java	sources/sources/com/tsf/shell/plugin/themepicker/icondesigner/IconDesignerRenderer.java	direct_diff	83
sources/sources/com/tsf/shell/plugin/themepicker/indicator/a.java	sources/sources/com/tsf/shell/plugin/themepicker/indicator/ThemeIndicatorListener.java	direct_diff	52
sources/sources/com/tsf/shell/plugin/themepicker/indicator/c.java	sources/sources/com/tsf/shell/plugin/themepicker/indicator/ThemeIndicatorPageChange.java	direct_diff	52
sources/sources/com/tsf/shell/plugin/themepicker/indicator/b.java	sources/sources/com/tsf/shell/plugin/themepicker/indicator/ThemeIndicatorRenderer.java	direct_diff	96
sources/sources/com/tsf/shell/plugin/themepicker/theme/c.java	sources/sources/com/tsf/shell/plugin/themepicker/theme/ThemeElementConfig.java	direct_diff	81
sources/sources/com/tsf/shell/plugin/themepicker/theme/d.java	sources/sources/com/tsf/shell/plugin/themepicker/theme/ThemeElementData.java	direct_diff	78
sources/sources/com/tsf/shell/plugin/themepicker/theme/b.java	sources/sources/com/tsf/shell/plugin/themepicker/theme/ThemeElementManager.java	direct_diff	90
sources/sources/com/tsf/shell/plugin/themepicker/theme/a.java	sources/sources/com/tsf/shell/plugin/themepicker/theme/ThemeElementParser.java	direct_diff	75
sources/sources/com/tsf/shell/plugin/themepicker/themepreview/a.java	sources/sources/com/tsf/shell/plugin/themepicker/themepreview/ThemePreviewData.java	direct_diff	72
sources/sources/com/tsf/shell/plugin/themepicker/themepreview/e.java	sources/sources/com/tsf/shell/plugin/themepicker/themepreview/ThemePreviewEvent.java	direct_diff	69
sources/sources/com/tsf/shell/plugin/themepicker/themepreview/b.java	sources/sources/com/tsf/shell/plugin/themepicker/themepreview/ThemePreviewManager.java	direct_diff	80
sources/sources/com/tsf/shell/plugin/themepicker/themepreview/d.java	sources/sources/com/tsf/shell/plugin/themepicker/themepreview/ThemePreviewPanel.java	direct_diff	78
sources/sources/com/tsf/shell/plugin/themepicker/themepreview/c.java	sources/sources/com/tsf/shell/plugin/themepicker/themepreview/ThemePreviewRenderer.java	direct_diff	80
sources/sources/com/tsf/shell/plugin/themepicker/utils/e.java	sources/sources/com/tsf/shell/plugin/themepicker/utils/ThemeUtilsConfig.java	direct_diff	86
sources/sources/com/tsf/shell/plugin/themepicker/utils/h.java	sources/sources/com/tsf/shell/plugin/themepicker/utils/ThemeUtilsConstants.java	direct_diff	95
sources/sources/com/tsf/shell/plugin/themepicker/utils/g.java	sources/sources/com/tsf/shell/plugin/themepicker/utils/ThemeUtilsDrawable.java	direct_diff	81
sources/sources/com/tsf/shell/plugin/themepicker/utils/d.java	sources/sources/com/tsf/shell/plugin/themepicker/utils/ThemeUtilsHelper.java	direct_diff	81
sources/sources/com/tsf/shell/plugin/themepicker/utils/b.java	sources/sources/com/tsf/shell/plugin/themepicker/utils/ThemeUtilsManager.java	direct_diff	90
sources/sources/com/tsf/shell/plugin/themepicker/utils/a.java	sources/sources/com/tsf/shell/plugin/themepicker/utils/ThemeUtilsParser.java	direct_diff	86
sources/sources/com/tsf/shell/plugin/themepicker/utils/f.java	sources/sources/com/tsf/shell/plugin/themepicker/utils/ThemeUtilsProcessor.java	direct_diff	62
sources/sources/com/tsf/shell/plugin/themepicker/utils/c.java	sources/sources/com/tsf/shell/plugin/themepicker/utils/ThemeUtilsRenderer.java	direct_diff	78
sources/sources/com/tsf/shell/plugin/themepicker/wallpaper/c.java	sources/sources/com/tsf/shell/plugin/themepicker/wallpaper/WallpaperConfig.java	direct_diff	84
sources/sources/com/tsf/shell/plugin/themepicker/wallpaper/a.java	sources/sources/com/tsf/shell/plugin/themepicker/wallpaper/WallpaperData.java	direct_diff	66
sources/sources/com/tsf/shell/plugin/themepicker/wallpaper/b.java	sources/sources/com/tsf/shell/plugin/themepicker/wallpaper/WallpaperManager.java	direct_diff	88
sources/sources/com/tsf/shell/plugin/themepicker/wallpaper/d.java	sources/sources/com/tsf/shell/plugin/themepicker/wallpaper/WallpaperRenderer.java	direct_diff	79
sources/sources/com/tsf/shell/plugin/widget/a.java	sources/sources/com/tsf/shell/plugin/widget/FloatingWidgetProvider.java	direct_diff	88
sources/sources/com/tsf/shell/preference/a/b.java	sources/sources/com/tsf/shell/preference/a/PreferenceBaseFragment.java	direct_diff	68
sources/sources/com/tsf/shell/preference/a/c.java	sources/sources/com/tsf/shell/preference/a/PreferenceConfigManager.java	direct_diff	52
sources/sources/com/tsf/shell/preference/a/d.java	sources/sources/com/tsf/shell/preference/a/PreferenceDataModel.java	direct_diff	42
sources/sources/com/tsf/shell/preference/a/e.java	sources/sources/com/tsf/shell/preference/a/PreferenceElementRenderer.java	direct_diff	60
sources/sources/com/tsf/shell/preference/a/f.java	sources/sources/com/tsf/shell/preference/a/PreferenceFragmentBase.java	direct_diff	54
sources/sources/com/tsf/shell/preference/a/a.java	sources/sources/com/tsf/shell/preference/a/PreferenceThemeProvider.java	direct_diff	66
sources/sources/com/tsf/shell/preference/a/a/a.java	sources/sources/com/tsf/shell/preference/a/a/PreferenceItemA.java	direct_diff	66
sources/sources/com/tsf/shell/preference/a/a/b.java	sources/sources/com/tsf/shell/preference/a/a/PreferenceItemB.java	direct_diff	78
sources/sources/com/tsf/shell/preference/a/a/c.java	sources/sources/com/tsf/shell/preference/a/a/PreferenceItemC.java	direct_diff	57
sources/sources/com/tsf/shell/preference/a/a/d.java	sources/sources/com/tsf/shell/preference/a/a/PreferenceItemD.java	direct_diff	55
sources/sources/com/tsf/shell/preference/a/a/e.java	sources/sources/com/tsf/shell/preference/a/a/PreferenceItemE.java	direct_diff	44
sources/sources/com/tsf/shell/preference/a/a/f.java	sources/sources/com/tsf/shell/preference/a/a/PreferenceItemF.java	direct_diff	57
sources/sources/com/tsf/shell/preference/a/a/g.java	sources/sources/com/tsf/shell/preference/a/a/PreferenceItemG.java	direct_diff	67
sources/sources/com/tsf/shell/preference/a/a/h.java	sources/sources/com/tsf/shell/preference/a/a/PreferenceItemH.java	direct_diff	64
sources/sources/com/tsf/shell/preference/a/a/a/a.java	sources/sources/com/tsf/shell/preference/a/a/a/PreferenceSettingA.java	direct_diff	77
sources/sources/com/tsf/shell/preference/a/a/a/b.java	sources/sources/com/tsf/shell/preference/a/a/a/PreferenceSettingB.java	direct_diff	64
sources/sources/com/tsf/shell/preference/a/a/a/h.java	sources/sources/com/tsf/shell/preference/a/a/a/PreferenceSettingBase.java	direct_diff	70
sources/sources/com/tsf/shell/preference/a/a/a/c.java	sources/sources/com/tsf/shell/preference/a/a/a/PreferenceSettingC.java	direct_diff	61
sources/sources/com/tsf/shell/preference/a/a/a/d.java	sources/sources/com/tsf/shell/preference/a/a/a/PreferenceSettingD.java	direct_diff	47
sources/sources/com/tsf/shell/preference/a/a/a/e.java	sources/sources/com/tsf/shell/preference/a/a/a/PreferenceSettingE.java	direct_diff	51
sources/sources/com/tsf/shell/preference/a/a/a/f.java	sources/sources/com/tsf/shell/preference/a/a/a/PreferenceSettingF.java	direct_diff	58
sources/sources/com/tsf/shell/preference/a/a/a/g.java	sources/sources/com/tsf/shell/preference/a/a/a/PreferenceSettingG.java	direct_diff	49
sources/sources/com/tsf/shell/preference/a/a/a/i.java	sources/sources/com/tsf/shell/preference/a/a/a/PreferenceSettingI.java	direct_diff	79
sources/sources/com/tsf/shell/preference/a/a/a/j.java	sources/sources/com/tsf/shell/preference/a/a/a/PreferenceSettingJ.java	direct_diff	79
sources/sources/com/tsf/shell/preference/a/a/a/k.java	sources/sources/com/tsf/shell/preference/a/a/a/PreferenceSettingK.java	direct_diff	48
sources/sources/com/tsf/shell/preference/a/a/a/l.java	sources/sources/com/tsf/shell/preference/a/a/a/PreferenceSettingL.java	direct_diff	45
sources/sources/com/tsf/shell/preference/widget/a.java	sources/sources/com/tsf/shell/preference/widget/WidgetPreferenceHelper.java	direct_diff	89
sources/sources/com/tsf/shell/services/b.java	sources/sources/com/tsf/shell/services/ForegroundServiceManager.java	direct_diff	90
sources/sources/com/tsf/shell/services/a.java	sources/sources/com/tsf/shell/services/NotifierConnector.java	direct_diff	90
sources/sources/com/tsf/shell/services/c.java	sources/sources/com/tsf/shell/services/ServiceLifecycleManager.java	direct_diff	36
sources/sources/com/tsf/shell/services/d.java	sources/sources/com/tsf/shell/services/ToggleServiceConnector.java	direct_diff	88
sources/sources/com/tsf/shell/services/a/a.java	sources/sources/com/tsf/shell/services/a/NotifierCounterInterface.java	direct_diff	89
sources/sources/com/tsf/shell/utils/q.java	sources/sources/com/tsf/shell/utils/BitmapTransformationHelper.java	direct_diff	97
sources/sources/com/tsf/shell/utils/p.java	sources/sources/com/tsf/shell/utils/ColorMatrixImageFilter.java	direct_diff	99
sources/sources/com/tsf/shell/utils/u.java	sources/sources/com/tsf/shell/utils/DeviceInfoCollector.java	direct_diff	99
sources/sources/com/tsf/shell/utils/r.java	sources/sources/com/tsf/shell/utils/DimensionHelper.java	direct_diff	95
sources/sources/com/tsf/shell/utils/j.java	sources/sources/com/tsf/shell/utils/DimensionParser.java	direct_diff	95
sources/sources/com/tsf/shell/utils/l.java	sources/sources/com/tsf/shell/utils/ErrorThrower.java	direct_diff	88
sources/sources/com/tsf/shell/utils/v.java	sources/sources/com/tsf/shell/utils/ExternalFilesDirResolver.java	direct_diff	96
sources/sources/com/tsf/shell/utils/n.java	sources/sources/com/tsf/shell/utils/FeedbackComposer.java	direct_diff	66
sources/sources/com/tsf/shell/utils/o.java	sources/sources/com/tsf/shell/utils/FileSystemHelper.java	direct_diff	99
sources/sources/com/tsf/shell/utils/m.java	sources/sources/com/tsf/shell/utils/FlurryAnalyticsLogger.java	direct_diff	89
sources/sources/com/tsf/shell/utils/s.java	sources/sources/com/tsf/shell/utils/GLShaderCompiler.java	direct_diff	92
sources/sources/com/tsf/shell/utils/x.java	sources/sources/com/tsf/shell/utils/GraphicsEngineBridge.java	direct_diff	88
sources/sources/com/tsf/shell/utils/w.java	sources/sources/com/tsf/shell/utils/HapticFeedbackManager.java	direct_diff	73
sources/sources/com/tsf/shell/utils/i.java	sources/sources/com/tsf/shell/utils/IntentResolver.java	direct_diff	96
sources/sources/com/tsf/shell/utils/h.java	sources/sources/com/tsf/shell/utils/ItemInfoListSorter.java	direct_diff	98
sources/sources/com/tsf/shell/utils/d.java	sources/sources/com/tsf/shell/utils/LazyBitmapFactory.java	direct_diff	88
sources/sources/com/tsf/shell/utils/k.java	sources/sources/com/tsf/shell/utils/MarketLinkHandler.java	direct_diff	97
sources/sources/com/tsf/shell/utils/b.java	sources/sources/com/tsf/shell/utils/OEMComponentResolver.java	direct_diff	97
sources/sources/com/tsf/shell/utils/a.java	sources/sources/com/tsf/shell/utils/PackageManagerHelper.java	direct_diff	93
sources/sources/com/tsf/shell/utils/y.java	sources/sources/com/tsf/shell/utils/PercentClamper.java	direct_diff	90
sources/sources/com/tsf/shell/utils/f.java	sources/sources/com/tsf/shell/utils/PercentToAlphaConverter.java	direct_diff	84
sources/sources/com/tsf/shell/utils/c.java	sources/sources/com/tsf/shell/utils/ReusableBitmapHolder.java	direct_diff	91
sources/sources/com/tsf/shell/utils/e.java	sources/sources/com/tsf/shell/utils/SelectionDotRenderer.java	direct_diff	72
sources/sources/com/tsf/shell/utils/t.java	sources/sources/com/tsf/shell/utils/SignatureVerifier.java	direct_diff	99
sources/sources/com/tsf/shell/utils/g.java	sources/sources/com/tsf/shell/utils/StatusBarHelper.java	direct_diff	95
sources/sources/com/tsf/shell/utils/z.java	sources/sources/com/tsf/shell/utils/ZipArchiver.java	direct_diff	99
sources/sources/com/tsf/shell/widget/a/g.java	sources/sources/com/tsf/shell/widget/a/WidgetCanvas.java	direct_diff	94
sources/sources/com/tsf/shell/widget/a/b.java	sources/sources/com/tsf/shell/widget/a/WidgetConfig.java	direct_diff	85
sources/sources/com/tsf/shell/widget/a/k.java	sources/sources/com/tsf/shell/widget/a/WidgetConstants.java	direct_diff	63
sources/sources/com/tsf/shell/widget/a/e.java	sources/sources/com/tsf/shell/widget/a/WidgetContainer.java	direct_diff	68
sources/sources/com/tsf/shell/widget/a/j.java	sources/sources/com/tsf/shell/widget/a/WidgetDataProvider.java	direct_diff	94
sources/sources/com/tsf/shell/widget/a/i.java	sources/sources/com/tsf/shell/widget/a/WidgetElementBase.java	direct_diff	88
sources/sources/com/tsf/shell/widget/a/f.java	sources/sources/com/tsf/shell/widget/a/WidgetEvent.java	direct_diff	86
sources/sources/com/tsf/shell/widget/a/d.java	sources/sources/com/tsf/shell/widget/a/WidgetLabelElement.java	direct_diff	91
sources/sources/com/tsf/shell/widget/a/a.java	sources/sources/com/tsf/shell/widget/a/WidgetPanelBase.java	direct_diff	90
sources/sources/com/tsf/shell/widget/a/h.java	sources/sources/com/tsf/shell/widget/a/WidgetResources.java	direct_diff	98
sources/sources/com/tsf/shell/widget/a/c.java	sources/sources/com/tsf/shell/widget/a/WidgetState.java	direct_diff	83
sources/sources/com/tsf/shell/widget/a/a/a.java	sources/sources/com/tsf/shell/widget/a/a/WidgetVisualNode.java	direct_diff	76
sources/sources/com/tsf/shell/widget/a/a/c.java	sources/sources/com/tsf/shell/widget/a/a/WidgetVisualRenderer.java	direct_diff	88
sources/sources/com/tsf/shell/widget/a/a/b.java	sources/sources/com/tsf/shell/widget/a/a/WidgetVisualState.java	direct_diff	66
sources/sources/com/tsf/shell/widget/alarm/j.java	sources/sources/com/tsf/shell/widget/alarm/AlarmButton.java	direct_diff	79
sources/sources/com/tsf/shell/widget/alarm/r.java	sources/sources/com/tsf/shell/widget/alarm/AlarmClickEvent.java	direct_diff	77
sources/sources/com/tsf/shell/widget/alarm/n.java	sources/sources/com/tsf/shell/widget/alarm/AlarmConfig.java	direct_diff	41
sources/sources/com/tsf/shell/widget/alarm/c.java	sources/sources/com/tsf/shell/widget/alarm/AlarmConstants.java	direct_diff	83
sources/sources/com/tsf/shell/widget/alarm/a.java	sources/sources/com/tsf/shell/widget/alarm/AlarmContainer.java	direct_diff	71
sources/sources/com/tsf/shell/widget/alarm/e.java	sources/sources/com/tsf/shell/widget/alarm/AlarmDataProvider.java	direct_diff	92
sources/sources/com/tsf/shell/widget/alarm/d.java	sources/sources/com/tsf/shell/widget/alarm/AlarmDataUtils.java	direct_diff	89
sources/sources/com/tsf/shell/widget/alarm/h.java	sources/sources/com/tsf/shell/widget/alarm/AlarmIndicator.java	direct_diff	88
sources/sources/com/tsf/shell/widget/alarm/l.java	sources/sources/com/tsf/shell/widget/alarm/AlarmMeshRenderer.java	direct_diff	79
sources/sources/com/tsf/shell/widget/alarm/g.java	sources/sources/com/tsf/shell/widget/alarm/AlarmPanel.java	direct_diff	66
sources/sources/com/tsf/shell/widget/alarm/f.java	sources/sources/com/tsf/shell/widget/alarm/AlarmRenderer.java	direct_diff	72
sources/sources/com/tsf/shell/widget/alarm/m.java	sources/sources/com/tsf/shell/widget/alarm/AlarmResources.java	direct_diff	99
sources/sources/com/tsf/shell/widget/alarm/b.java	sources/sources/com/tsf/shell/widget/alarm/AlarmRoundRect.java	direct_diff	96
sources/sources/com/tsf/shell/widget/alarm/q.java	sources/sources/com/tsf/shell/widget/alarm/AlarmSettingButton.java	direct_diff	88
sources/sources/com/tsf/shell/widget/alarm/i.java	sources/sources/com/tsf/shell/widget/alarm/AlarmState.java	direct_diff	93
sources/sources/com/tsf/shell/widget/alarm/o.java	sources/sources/com/tsf/shell/widget/alarm/AlarmThemeProvider.java	direct_diff	84
sources/sources/com/tsf/shell/widget/alarm/p.java	sources/sources/com/tsf/shell/widget/alarm/AlarmTouchManager.java	direct_diff	93
sources/sources/com/tsf/shell/widget/alarm/k.java	sources/sources/com/tsf/shell/widget/alarm/AlarmTransformNode.java	direct_diff	91
sources/sources/com/tsf/shell/widget/alarm/a/a.java	sources/sources/com/tsf/shell/widget/alarm/a/AlarmIntentReceiver.java	direct_diff	95
sources/sources/com/tsf/shell/widget/alarm/b/a.java	sources/sources/com/tsf/shell/widget/alarm/b/AlarmDataBase.java	direct_diff	38
sources/sources/com/tsf/shell/widget/alarm/b/c.java	sources/sources/com/tsf/shell/widget/alarm/b/AlarmDataCursor.java	direct_diff	49
sources/sources/com/tsf/shell/widget/alarm/b/e.java	sources/sources/com/tsf/shell/widget/alarm/b/AlarmDataEntry.java	direct_diff	89
sources/sources/com/tsf/shell/widget/alarm/b/f.java	sources/sources/com/tsf/shell/widget/alarm/b/AlarmDataFilter.java	direct_diff	68
sources/sources/com/tsf/shell/widget/alarm/b/d.java	sources/sources/com/tsf/shell/widget/alarm/b/AlarmDataManager.java	direct_diff	79
sources/sources/com/tsf/shell/widget/alarm/b/b.java	sources/sources/com/tsf/shell/widget/alarm/b/AlarmDataQuery.java	direct_diff	72
sources/sources/com/tsf/shell/widget/alarm/c/a.java	sources/sources/com/tsf/shell/widget/alarm/c/AlarmComponentContainer.java	direct_diff	73
sources/sources/com/tsf/shell/widget/alarm/c/e.java	sources/sources/com/tsf/shell/widget/alarm/c/AlarmComponentEvent.java	direct_diff	84
sources/sources/com/tsf/shell/widget/alarm/c/b.java	sources/sources/com/tsf/shell/widget/alarm/c/AlarmComponentListener.java	direct_diff	58
sources/sources/com/tsf/shell/widget/alarm/c/d.java	sources/sources/com/tsf/shell/widget/alarm/c/AlarmComponentPanel.java	direct_diff	89
sources/sources/com/tsf/shell/widget/alarm/c/c.java	sources/sources/com/tsf/shell/widget/alarm/c/AlarmComponentProvider.java	direct_diff	86
sources/sources/com/tsf/shell/widget/alarm/d/b.java	sources/sources/com/tsf/shell/widget/alarm/d/AlarmConfigBase.java	direct_diff	95
sources/sources/com/tsf/shell/widget/alarm/d/c.java	sources/sources/com/tsf/shell/widget/alarm/d/AlarmConfigDefault.java	direct_diff	72
sources/sources/com/tsf/shell/widget/alarm/d/a.java	sources/sources/com/tsf/shell/widget/alarm/d/AlarmConfigEmpty.java	direct_diff	57
sources/sources/com/tsf/shell/widget/alarm/d/d.java	sources/sources/com/tsf/shell/widget/alarm/d/AlarmConfigManager.java	direct_diff	98
sources/sources/com/tsf/shell/widget/alarm/d/a/b.java	sources/sources/com/tsf/shell/widget/alarm/d/a/AlarmConfigDefaultHandler.java	direct_diff	90
sources/sources/com/tsf/shell/widget/alarm/d/a/a.java	sources/sources/com/tsf/shell/widget/alarm/d/a/AlarmConfigParser.java	direct_diff	65
sources/sources/com/tsf/shell/widget/alarm/d/a/c.java	sources/sources/com/tsf/shell/widget/alarm/d/a/AlarmConfigThemeHandler.java	direct_diff	76
sources/sources/com/tsf/shell/widget/alarm/d/b/a.java	sources/sources/com/tsf/shell/widget/alarm/d/b/AlarmConfigData.java	direct_diff	95
sources/sources/com/tsf/shell/widget/alarm/d/b/b.java	sources/sources/com/tsf/shell/widget/alarm/d/b/AlarmConfigException.java	direct_diff	72
sources/sources/com/tsf/shell/widget/alarm/provider/a.java	sources/sources/com/tsf/shell/widget/alarm/provider/AlarmProviderContract.java	direct_diff	86
sources/sources/com/tsf/shell/widget/alarm/provider/b.java	sources/sources/com/tsf/shell/widget/alarm/provider/AlarmProviderHelper.java	direct_diff	70
sources/sources/com/tsf/shell/widget/alarm/service/c.java	sources/sources/com/tsf/shell/widget/alarm/service/AlarmServiceBinder.java	direct_diff	76
sources/sources/com/tsf/shell/widget/alarm/service/b.java	sources/sources/com/tsf/shell/widget/alarm/service/IAlarmCallback.java	direct_diff	85
sources/sources/com/tsf/shell/widget/alarm/service/a.java	sources/sources/com/tsf/shell/widget/alarm/service/IAlarmService.java	direct_diff	89
sources/sources/com/tsf/shell/widget/alarm/setting/a.java	sources/sources/com/tsf/shell/widget/alarm/setting/AlarmSettingAdapter.java	direct_diff	77
sources/sources/com/tsf/shell/widget/alarm/setting/b.java	sources/sources/com/tsf/shell/widget/alarm/setting/AlarmSettingController.java	direct_diff	86
sources/sources/com/tsf/shell/widget/alarm/setting/d.java	sources/sources/com/tsf/shell/widget/alarm/setting/AlarmSettingData.java	direct_diff	65
sources/sources/com/tsf/shell/widget/alarm/setting/c.java	sources/sources/com/tsf/shell/widget/alarm/setting/AlarmSettingFragment.java	direct_diff	76
sources/sources/com/tsf/shell/widget/alarm/setting/e.java	sources/sources/com/tsf/shell/widget/alarm/setting/AlarmSettingTheme.java	direct_diff	63
sources/sources/com/tsf/shell/widget/cubeclock/m.java	sources/sources/com/tsf/shell/widget/cubeclock/CubeClockAlarmElement.java	direct_diff	56
sources/sources/com/tsf/shell/widget/cubeclock/u.java	sources/sources/com/tsf/shell/widget/cubeclock/CubeClockBatteryElement.java	direct_diff	52
sources/sources/com/tsf/shell/widget/cubeclock/g.java	sources/sources/com/tsf/shell/widget/cubeclock/CubeClockConfigBase.java	direct_diff	67
sources/sources/com/tsf/shell/widget/cubeclock/f.java	sources/sources/com/tsf/shell/widget/cubeclock/CubeClockContainer.java	direct_diff	91
sources/sources/com/tsf/shell/widget/cubeclock/t.java	sources/sources/com/tsf/shell/widget/cubeclock/CubeClockData.java	direct_diff	64
sources/sources/com/tsf/shell/widget/cubeclock/i.java	sources/sources/com/tsf/shell/widget/cubeclock/CubeClockDateElement.java	direct_diff	62
sources/sources/com/tsf/shell/widget/cubeclock/b.java	sources/sources/com/tsf/shell/widget/cubeclock/CubeClockDigitFace.java	direct_diff	79
sources/sources/com/tsf/shell/widget/cubeclock/a.java	sources/sources/com/tsf/shell/widget/cubeclock/CubeClockDigital.java	direct_diff	72
sources/sources/com/tsf/shell/widget/cubeclock/e.java	sources/sources/com/tsf/shell/widget/cubeclock/CubeClockElementBase.java	direct_diff	85
sources/sources/com/tsf/shell/widget/cubeclock/j.java	sources/sources/com/tsf/shell/widget/cubeclock/CubeClockEmpty.java	direct_diff	86
sources/sources/com/tsf/shell/widget/cubeclock/c.java	sources/sources/com/tsf/shell/widget/cubeclock/CubeClockFace.java	direct_diff	70
sources/sources/com/tsf/shell/widget/cubeclock/r.java	sources/sources/com/tsf/shell/widget/cubeclock/CubeClockFaceConfig.java	direct_diff	91
sources/sources/com/tsf/shell/widget/cubeclock/s.java	sources/sources/com/tsf/shell/widget/cubeclock/CubeClockMusicFace.java	direct_diff	79
sources/sources/com/tsf/shell/widget/cubeclock/d.java	sources/sources/com/tsf/shell/widget/cubeclock/CubeClockPanel.java	direct_diff	98
sources/sources/com/tsf/shell/widget/cubeclock/k.java	sources/sources/com/tsf/shell/widget/cubeclock/CubeClockRenderer.java	direct_diff	79
sources/sources/com/tsf/shell/widget/cubeclock/o.java	sources/sources/com/tsf/shell/widget/cubeclock/CubeClockResources.java	direct_diff	99
sources/sources/com/tsf/shell/widget/cubeclock/l.java	sources/sources/com/tsf/shell/widget/cubeclock/CubeClockSecondsElement.java	direct_diff	54
sources/sources/com/tsf/shell/widget/cubeclock/h.java	sources/sources/com/tsf/shell/widget/cubeclock/CubeClockSmallElement.java	direct_diff	56
sources/sources/com/tsf/shell/widget/cubeclock/q.java	sources/sources/com/tsf/shell/widget/cubeclock/CubeClockTouchHandler.java	direct_diff	88
sources/sources/com/tsf/shell/widget/cubeclock/n.java	sources/sources/com/tsf/shell/widget/cubeclock/CubeClockWeatherFace.java	direct_diff	78
sources/sources/com/tsf/shell/widget/cubeclock/p.java	sources/sources/com/tsf/shell/widget/cubeclock/CubeClockWidgetFace.java	direct_diff	87
sources/sources/com/tsf/shell/widget/cubeclock/a/a.java	sources/sources/com/tsf/shell/widget/cubeclock/a/CubeClockDefaultFace.java	direct_diff	89
sources/sources/com/tsf/shell/widget/cubeclock/a/b.java	sources/sources/com/tsf/shell/widget/cubeclock/a/CubeClockThemedFace.java	direct_diff	96
sources/sources/com/tsf/shell/widget/cubeclock/provider/b.java	sources/sources/com/tsf/shell/widget/cubeclock/provider/CubeClockProviderContract.java	direct_diff	53
sources/sources/com/tsf/shell/widget/cubeclock/provider/a.java	sources/sources/com/tsf/shell/widget/cubeclock/provider/CubeClockProviderHelper.java	direct_diff	84
sources/sources/com/tsf/shell/ShellCallbackInterface.java	sources/sources/com/tsf/shell/ShellCallbackDispatcher.java	historical_fa7390bc	77
sources/sources/com/tsf/shell/C.java	sources/sources/com/tsf/shell/ShellBackgroundRenderer.java	historical_c60c79f9	98
sources/sources/com/tsf/shell/h.java	sources/sources/com/tsf/shell/ShellBitmapCache.java	historical_c60c79f9	91
sources/sources/com/tsf/shell/a.java	sources/sources/com/tsf/shell/ShellCallbackInterface.java	historical_c60c79f9	81
sources/sources/com/tsf/shell/F.java	sources/sources/com/tsf/shell/ShellCleanupTask.java	historical_c60c79f9	95
sources/sources/com/tsf/shell/A.java	sources/sources/com/tsf/shell/ShellCoreInterface.java	historical_c60c79f9	87
sources/sources/com/tsf/shell/D.java	sources/sources/com/tsf/shell/ShellDataProvider.java	historical_c60c79f9	95
sources/sources/com/tsf/shell/B.java	sources/sources/com/tsf/shell/ShellEventData.java	historical_c60c79f9	89
sources/sources/com/tsf/shell/g.java	sources/sources/com/tsf/shell/ShellGraphicsContext.java	historical_c60c79f9	93
sources/sources/com/tsf/shell/i.java	sources/sources/com/tsf/shell/ShellPreferenceManager.java	historical_c60c79f9	97
sources/sources/com/tsf/shell/E.java	sources/sources/com/tsf/shell/ShellThemeProvider.java	historical_c60c79f9	99
sources/sources/com/tsf/shell/_a/a/A.java	sources/sources/com/tsf/shell/_a/a/ShellActionV2.java	historical_c60c79f9	69
sources/sources/com/tsf/shell/_a/a/e.java	sources/sources/com/tsf/shell/_a/a/ShellConfigEngineV2.java	historical_c60c79f9	70
sources/sources/com/tsf/shell/a/a/a.java	sources/sources/com/tsf/shell/_a/a/ShellContentManagerV2.java	historical_c60c79f9	75
sources/sources/com/tsf/shell/_a/a/d.java	sources/sources/com/tsf/shell/_a/a/ShellLayoutEngineV2.java	historical_c60c79f9	98
sources/sources/com/tsf/shell/_a/a/b.java	sources/sources/com/tsf/shell/_a/a/ShellPageManagerV2.java	historical_c60c79f9	94
sources/sources/com/tsf/shell/_a/a/c.java	sources/sources/com/tsf/shell/_a/a/ShellThemeEngineV2.java	historical_c60c79f9	77
sources/sources/com/tsf/shell/_a/b/a.java	sources/sources/com/tsf/shell/_a/b/ShellGestureHandlerV2.java	historical_c60c79f9	98
sources/sources/com/tsf/shell/a/a/e.java	sources/sources/com/tsf/shell/a/a/ShellConfigEngine.java	historical_c60c79f9	68
sources/sources/com/tsf/shell/_a/a/a.java	sources/sources/com/tsf/shell/a/a/ShellContentManager.java	historical_c60c79f9	75
sources/sources/com/tsf/shell/a/a/d.java	sources/sources/com/tsf/shell/a/a/ShellLayoutEngine.java	historical_c60c79f9	97
sources/sources/com/tsf/shell/a/a/b.java	sources/sources/com/tsf/shell/a/a/ShellPageManager.java	historical_c60c79f9	90
sources/sources/com/tsf/shell/a/a/c.java	sources/sources/com/tsf/shell/a/a/ShellThemeEngine.java	historical_c60c79f9	76
sources/sources/com/tsf/shell/a/b/a.java	sources/sources/com/tsf/shell/a/b/ShellGestureHandler.java	historical_c60c79f9	95
sources/sources/com/tsf/shell/activity/a/a.java	sources/sources/com/tsf/shell/activity/a/ShellActivityCallback.java	historical_c60c79f9	80
sources/sources/com/tsf/shell/activity/actionselector/a.java	sources/sources/com/tsf/shell/activity/actionselector/ActionSelectorAdapter.java	historical_c60c79f9	92
sources/sources/com/tsf/shell/activity/actionselector/b.java	sources/sources/com/tsf/shell/activity/actionselector/ActionSelectorCallback.java	historical_c60c79f9	64
sources/sources/com/tsf/shell/activity/b/a.java	sources/sources/com/tsf/shell/activity/b/ShellActivityHelper.java	historical_c60c79f9	91
sources/sources/com/tsf/shell/b/a.java	sources/sources/com/tsf/shell/b/ShellBridge.java	historical_c60c79f9	89
sources/sources/com/tsf/shell/c/a/a.java	sources/sources/com/tsf/shell/c/a/ShellBridgeManager.java	historical_c60c79f9	99
sources/sources/com/tsf/shell/component/a.java	sources/sources/com/tsf/shell/component/ShellComponentInfo.java	historical_c60c79f9	96
sources/sources/com/tsf/shell/d/b.java	sources/sources/com/tsf/shell/d/ShellDataHandler.java	historical_c60c79f9	92
sources/sources/com/tsf/shell/d/a.java	sources/sources/com/tsf/shell/d/ShellDataParser.java	historical_c60c79f9	88
sources/sources/com/tsf/shell/f/C.java	sources/sources/com/tsf/shell/f/DrawerItemPool.java	historical_c60c79f9	97
sources/sources/com/tsf/shell/f/A.java	sources/sources/com/tsf/shell/f/ProgressDialogHelper.java	historical_c60c79f9	93
sources/sources/com/tsf/shell/f/d.java	sources/sources/com/tsf/shell/f/ShellNodeData.java	historical_c60c79f9	52
sources/sources/com/tsf/shell/f/D.java	sources/sources/com/tsf/shell/f/ShellSurfaceConfig.java	historical_c60c79f9	98
sources/sources/com/tsf/shell/f/B.java	sources/sources/com/tsf/shell/f/TextureElementPool.java	historical_c60c79f9	95
sources/sources/com/tsf/shell/f/_d/A.java	sources/sources/com/tsf/shell/f/_d/DashPanelController.java	historical_c60c79f9	46
sources/sources/com/tsf/shell/f/_d/a/A.java	sources/sources/com/tsf/shell/f/_d/a/DashElementBase.java	historical_c60c79f9	96
sources/sources/com/tsf/shell/f/_d/a/b.java	sources/sources/com/tsf/shell/f/_d/a/DashElementInfo.java	historical_c60c79f9	86
sources/sources/com/tsf/shell/f/_d/a/c.java	sources/sources/com/tsf/shell/f/_d/a/DashElementState.java	historical_c60c79f9	90
sources/sources/com/tsf/shell/f/_d/a/_a/a.java	sources/sources/com/tsf/shell/f/_d/a/_a/DashButtonA.java	historical_c60c79f9	96
sources/sources/com/tsf/shell/f/_d/a/_a/b.java	sources/sources/com/tsf/shell/f/_d/a/_a/DashButtonB.java	historical_c60c79f9	82
sources/sources/com/tsf/shell/f/_d/a/_a/c.java	sources/sources/com/tsf/shell/f/_d/a/_a/DashButtonC.java	historical_c60c79f9	80
sources/sources/com/tsf/shell/f/_d/a/_a/d.java	sources/sources/com/tsf/shell/f/_d/a/_a/DashButtonD.java	historical_c60c79f9	89
sources/sources/com/tsf/shell/f/_d/a/_a/e.java	sources/sources/com/tsf/shell/f/_d/a/_a/DashButtonE.java	historical_c60c79f9	60
sources/sources/com/tsf/shell/f/_d/a/_a/f.java	sources/sources/com/tsf/shell/f/_d/a/_a/DashButtonF.java	historical_c60c79f9	78
sources/sources/com/tsf/shell/f/_d/a/_a/g.java	sources/sources/com/tsf/shell/f/_d/a/_a/DashButtonG.java	historical_c60c79f9	82
sources/sources/com/tsf/shell/f/_d/a/_a/h.java	sources/sources/com/tsf/shell/f/_d/a/_a/DashButtonH.java	historical_c60c79f9	82
sources/sources/com/tsf/shell/f/_d/a/a/a.java	sources/sources/com/tsf/shell/f/_d/a/a/DashButtonA.java	historical_c60c79f9	96
sources/sources/com/tsf/shell/f/_d/a/a/b.java	sources/sources/com/tsf/shell/f/_d/a/a/DashButtonB.java	historical_c60c79f9	82
sources/sources/com/tsf/shell/f/_d/a/a/c.java	sources/sources/com/tsf/shell/f/_d/a/a/DashButtonC.java	historical_c60c79f9	80
sources/sources/com/tsf/shell/f/_d/a/a/d.java	sources/sources/com/tsf/shell/f/_d/a/a/DashButtonD.java	historical_c60c79f9	89
sources/sources/com/tsf/shell/f/_d/a/a/e.java	sources/sources/com/tsf/shell/f/_d/a/a/DashButtonE.java	historical_c60c79f9	60
sources/sources/com/tsf/shell/f/_d/a/a/f.java	sources/sources/com/tsf/shell/f/_d/a/a/DashButtonF.java	historical_c60c79f9	78
sources/sources/com/tsf/shell/f/_d/a/a/g.java	sources/sources/com/tsf/shell/f/_d/a/a/DashButtonG.java	historical_c60c79f9	82
sources/sources/com/tsf/shell/f/_d/a/a/h.java	sources/sources/com/tsf/shell/f/_d/a/a/DashButtonH.java	historical_c60c79f9	82
sources/sources/com/tsf/shell/f/_d/b/A.java	sources/sources/com/tsf/shell/f/_d/b/DashItemConfigurator.java	historical_c60c79f9	69
sources/sources/com/tsf/shell/f/_d/b/c.java	sources/sources/com/tsf/shell/f/_d/b/DashItemPool.java	historical_c60c79f9	69
sources/sources/com/tsf/shell/f/_d/b/a/a.java	sources/sources/com/tsf/shell/f/_d/b/a/DashItemA.java	historical_c60c79f9	90
sources/sources/com/tsf/shell/f/_d/b/a/c.java	sources/sources/com/tsf/shell/f/_d/b/a/DashItemC.java	historical_c60c79f9	87
sources/sources/com/tsf/shell/f/_d/b/a/b.java	sources/sources/com/tsf/shell/f/_d/b/a/DashItemContainer.java	historical_c60c79f9	72
sources/sources/com/tsf/shell/f/_d/b/a/d.java	sources/sources/com/tsf/shell/f/_d/b/a/DashItemD.java	historical_c60c79f9	81
sources/sources/com/tsf/shell/f/_d/b/a/e.java	sources/sources/com/tsf/shell/f/_d/b/a/DashItemE.java	historical_c60c79f9	83
sources/sources/com/tsf/shell/f/_d/b/a/f.java	sources/sources/com/tsf/shell/f/_d/b/a/DashItemF.java	historical_c60c79f9	79
sources/sources/com/tsf/shell/f/_d/c/A.java	sources/sources/com/tsf/shell/f/_d/c/DashLayoutBase.java	historical_c60c79f9	79
sources/sources/com/tsf/shell/f/_d/c/c.java	sources/sources/com/tsf/shell/f/_d/c/DashLayoutPool.java	historical_c60c79f9	67
sources/sources/com/tsf/shell/f/_d/c/a/a.java	sources/sources/com/tsf/shell/f/_d/c/a/DashLayoutA.java	historical_c60c79f9	92
sources/sources/com/tsf/shell/f/_d/c/a/b.java	sources/sources/com/tsf/shell/f/_d/c/a/DashLayoutB.java	historical_c60c79f9	84
sources/sources/com/tsf/shell/f/_d/c/a/d.java	sources/sources/com/tsf/shell/f/_d/c/a/DashLayoutContainer.java	historical_c60c79f9	75
sources/sources/com/tsf/shell/f/_d/c/a/e.java	sources/sources/com/tsf/shell/f/_d/c/a/DashLayoutE.java	historical_c60c79f9	83
sources/sources/com/tsf/shell/f/_d/c/a/c.java	sources/sources/com/tsf/shell/f/_d/c/a/DashLayoutListener.java	historical_c60c79f9	89
sources/sources/com/tsf/shell/f/_d/d/A.java	sources/sources/com/tsf/shell/f/_d/d/DashAnimationBase.java	historical_c60c79f9	71
sources/sources/com/tsf/shell/f/_d/d/b.java	sources/sources/com/tsf/shell/f/_d/d/DashAnimationConfig.java	historical_c60c79f9	94
sources/sources/com/tsf/shell/f/_d/d/d.java	sources/sources/com/tsf/shell/f/_d/d/DashAnimationData.java	historical_c60c79f9	97
sources/sources/com/tsf/shell/f/_d/d/c.java	sources/sources/com/tsf/shell/f/_d/d/DashAnimationPool.java	historical_c60c79f9	75
sources/sources/com/tsf/shell/f/_d/d/a/a.java	sources/sources/com/tsf/shell/f/_d/d/a/DashEffectCallback.java	historical_c60c79f9	89
sources/sources/com/tsf/shell/f/_d/d/a/c.java	sources/sources/com/tsf/shell/f/_d/d/a/DashEffectHandler.java	historical_c60c79f9	70
sources/sources/com/tsf/shell/f/_d/d/a/b.java	sources/sources/com/tsf/shell/f/_d/d/a/DashEffectRenderer.java	historical_c60c79f9	53
sources/sources/com/tsf/shell/f/_d/e/A.java	sources/sources/com/tsf/shell/f/_d/e/DashRendererBase.java	historical_c60c79f9	93
sources/sources/com/tsf/shell/f/_d/e/b.java	sources/sources/com/tsf/shell/f/_d/e/DashRendererConfig.java	historical_c60c79f9	53
sources/sources/com/tsf/shell/f/_d/e/a/b.java	sources/sources/com/tsf/shell/f/_d/e/a/DashEffectData.java	historical_c60c79f9	97
sources/sources/com/tsf/shell/f/_d/e/a/a.java	sources/sources/com/tsf/shell/f/_d/e/a/DashEffectParams.java	historical_c60c79f9	75
sources/sources/com/tsf/shell/f/a/a/a.java	sources/sources/com/tsf/shell/f/a/a/GlTextureBinding.java	historical_c60c79f9	50
sources/sources/com/tsf/shell/f/a/a/b.java	sources/sources/com/tsf/shell/f/a/a/GlTexturePool.java	historical_c60c79f9	73
sources/sources/com/tsf/shell/f/a/b/b.java	sources/sources/com/tsf/shell/f/a/b/ShaderSlotElement.java	historical_c60c79f9	76
sources/sources/com/tsf/shell/f/a/b/a.java	sources/sources/com/tsf/shell/f/a/b/ShaderSlotManager.java	historical_c60c79f9	90
sources/sources/com/tsf/shell/f/b/a.java	sources/sources/com/tsf/shell/f/b/ShellKeyEventHandler.java	historical_c60c79f9	89
sources/sources/com/tsf/shell/f/f/D.java	sources/sources/com/tsf/shell/f/f/ItemTransitionManager.java	historical_c60c79f9	97
sources/sources/com/tsf/shell/f/f/B.java	sources/sources/com/tsf/shell/f/f/PageRenderBuffer.java	historical_c60c79f9	94
sources/sources/com/tsf/shell/f/f/A.java	sources/sources/com/tsf/shell/f/f/PageShaderNode.java	historical_c60c79f9	93
sources/sources/com/tsf/shell/f/f/m.java	sources/sources/com/tsf/shell/f/f/TransitionRegistry.java	historical_c60c79f9	69
sources/sources/com/tsf/shell/f/f/a/D.java	sources/sources/com/tsf/shell/f/f/a/AppClassifier.java	historical_c60c79f9	94
sources/sources/com/tsf/shell/f/f/a/A.java	sources/sources/com/tsf/shell/f/f/a/PageContainerBase.java	historical_c60c79f9	97
sources/sources/com/tsf/shell/f/f/a/C.java	sources/sources/com/tsf/shell/f/f/a/PageContainerView.java	historical_c60c79f9	93
sources/sources/com/tsf/shell/f/f/a/B.java	sources/sources/com/tsf/shell/f/f/a/PageItemList.java	historical_c60c79f9	99
sources/sources/com/tsf/shell/f/f/a/_a/d.java	sources/sources/com/tsf/shell/f/f/a/_a/DrawerDragEffectController.java	historical_c60c79f9	83
sources/sources/com/tsf/shell/f/f/a/_a/f.java	sources/sources/com/tsf/shell/f/f/a/_a/DrawerItemAnimationManager.java	historical_c60c79f9	85
sources/sources/com/tsf/shell/f/f/a/_a/c.java	sources/sources/com/tsf/shell/f/f/a/_a/DrawerItemContainer.java	historical_c60c79f9	77
sources/sources/com/tsf/shell/f/f/a/_a/A.java	sources/sources/com/tsf/shell/f/f/a/_a/DrawerItemDragController.java	historical_c60c79f9	97
sources/sources/com/tsf/shell/f/f/a/_a/B.java	sources/sources/com/tsf/shell/f/f/a/_a/DrawerSectionManager.java	historical_c60c79f9	87
sources/sources/com/tsf/shell/f/f/a/_a/e.java	sources/sources/com/tsf/shell/f/f/a/_a/DrawerVisualFrame.java	historical_c60c79f9	91
sources/sources/com/tsf/shell/f/f/a/_a/a/c.java	sources/sources/com/tsf/shell/f/f/a/_a/a/DrawerItemLayoutData.java	historical_c60c79f9	69
sources/sources/com/tsf/shell/f/f/a/_a/a/b.java	sources/sources/com/tsf/shell/f/f/a/_a/a/DrawerWidgetLayoutStrategy.java	historical_c60c79f9	66
sources/sources/com/tsf/shell/f/f/a/_a/b/b.java	sources/sources/com/tsf/shell/f/f/a/_a/b/DrawerBaseElement.java	historical_c60c79f9	89
sources/sources/com/tsf/shell/f/f/a/_a/b/a.java	sources/sources/com/tsf/shell/f/f/a/_a/b/DrawerButtonElement.java	historical_c60c79f9	84
sources/sources/com/tsf/shell/f/f/a/_a/b/c.java	sources/sources/com/tsf/shell/f/f/a/_a/b/DrawerProgressBar.java	historical_c60c79f9	74
sources/sources/com/tsf/shell/f/f/a/_b/a.java	sources/sources/com/tsf/shell/f/f/a/_b/DrawerBottleTransitionV2.java	historical_c60c79f9	82
sources/sources/com/tsf/shell/f/f/a/_b/b.java	sources/sources/com/tsf/shell/f/f/a/_b/DrawerCylinderTransitionV2.java	historical_c60c79f9	83
sources/sources/com/tsf/shell/f/f/a/_b/d.java	sources/sources/com/tsf/shell/f/f/a/_b/DrawerExtrusionTransitionV2.java	historical_c60c79f9	82
sources/sources/com/tsf/shell/f/f/a/_b/e.java	sources/sources/com/tsf/shell/f/f/a/_b/DrawerRandomTransitionV2.java	historical_c60c79f9	79
sources/sources/com/tsf/shell/f/f/a/_b/j.java	sources/sources/com/tsf/shell/f/f/a/_b/DrawerSphereTransitionV2.java	historical_c60c79f9	80
sources/sources/com/tsf/shell/f/f/a/_b/m.java	sources/sources/com/tsf/shell/f/f/a/_b/DrawerTransitionBase3DV2.java	historical_c60c79f9	80
sources/sources/com/tsf/shell/f/f/a/_b/l.java	sources/sources/com/tsf/shell/f/f/a/_b/DrawerTransitionManagerV2.java	historical_c60c79f9	61
sources/sources/com/tsf/shell/f/f/a/_b/h.java	sources/sources/com/tsf/shell/f/f/a/_b/DrawerTriangularTransitionV2.java	historical_c60c79f9	62
sources/sources/com/tsf/shell/f/f/a/_c/d.java	sources/sources/com/tsf/shell/f/f/a/_c/DrawerAppMenu.java	historical_c60c79f9	77
sources/sources/com/tsf/shell/f/f/a/_c/c.java	sources/sources/com/tsf/shell/f/f/a/_c/DrawerContentList.java	historical_c60c79f9	91
sources/sources/com/tsf/shell/f/f/a/_c/g.java	sources/sources/com/tsf/shell/f/f/a/_c/DrawerCountdownBadge.java	historical_c60c79f9	83
sources/sources/com/tsf/shell/f/f/a/_c/j.java	sources/sources/com/tsf/shell/f/f/a/_c/DrawerLabelConfig.java	historical_c60c79f9	93
sources/sources/com/tsf/shell/f/f/a/_c/e.java	sources/sources/com/tsf/shell/f/f/a/_c/DrawerLabelElement.java	historical_c60c79f9	95
sources/sources/com/tsf/shell/f/f/a/_c/m.java	sources/sources/com/tsf/shell/f/f/a/_c/DrawerMultiWidgetPage.java	historical_c60c79f9	74
sources/sources/com/tsf/shell/f/f/a/_c/i.java	sources/sources/com/tsf/shell/f/f/a/_c/DrawerPageItemBase.java	historical_c60c79f9	85
sources/sources/com/tsf/shell/f/f/a/_c/h.java	sources/sources/com/tsf/shell/f/f/a/_c/DrawerSelectionFrame.java	historical_c60c79f9	94
sources/sources/com/tsf/shell/f/f/a/_c/k.java	sources/sources/com/tsf/shell/f/f/a/_c/DrawerSettingsPage.java	historical_c60c79f9	63
sources/sources/com/tsf/shell/f/f/a/_c/f.java	sources/sources/com/tsf/shell/f/f/a/_c/DrawerShortcutGrid.java	historical_c60c79f9	84
sources/sources/com/tsf/shell/f/f/a/_c/A.java	sources/sources/com/tsf/shell/f/f/a/_c/DrawerShortcutTouchHandler.java	historical_c60c79f9	73
sources/sources/com/tsf/shell/f/f/a/_c/l.java	sources/sources/com/tsf/shell/f/f/a/_c/DrawerSpringPhysics.java	historical_c60c79f9	90
sources/sources/com/tsf/shell/f/f/a/_c/b.java	sources/sources/com/tsf/shell/f/f/a/_c/DrawerWidgetTouchHandler.java	historical_c60c79f9	86
sources/sources/com/tsf/shell/f/f/a/_c/_a/a.java	sources/sources/com/tsf/shell/f/f/a/_c/_a/DrawerIconLoaderTask.java	historical_c60c79f9	79
sources/sources/com/tsf/shell/f/f/a/_c/_a/b.java	sources/sources/com/tsf/shell/f/f/a/_c/_a/DrawerIndicatorDot.java	historical_c60c79f9	94
sources/sources/com/tsf/shell/f/f/a/_d/a.java	sources/sources/com/tsf/shell/f/f/a/_d/DrawerSortData.java	historical_c60c79f9	79
sources/sources/com/tsf/shell/f/f/a/_d/A.java	sources/sources/com/tsf/shell/f/f/a/_d/DrawerSortManagerV2.java	historical_c60c79f9	82
sources/sources/com/tsf/shell/f/f/a/_d/_a/a.java	sources/sources/com/tsf/shell/f/f/a/_d/_a/DrawerAlphabeticalSortV2.java	historical_c60c79f9	92
sources/sources/com/tsf/shell/f/f/a/_d/_a/e.java	sources/sources/com/tsf/shell/f/f/a/_d/_a/DrawerEarliestSortV2.java	historical_c60c79f9	87
sources/sources/com/tsf/shell/f/f/a/_d/_a/d.java	sources/sources/com/tsf/shell/f/f/a/_d/_a/DrawerIndexSortV2.java	historical_c60c79f9	79
sources/sources/com/tsf/shell/f/f/a/_d/_a/f.java	sources/sources/com/tsf/shell/f/f/a/_d/_a/DrawerLatestSortV2.java	historical_c60c79f9	87
sources/sources/com/tsf/shell/f/f/a/_d/_a/b.java	sources/sources/com/tsf/shell/f/f/a/_d/_a/DrawerNameSortV2.java	historical_c60c79f9	90
sources/sources/com/tsf/shell/f/f/a/_d/_a/c.java	sources/sources/com/tsf/shell/f/f/a/_d/_a/DrawerSortBaseV2.java	historical_c60c79f9	88
sources/sources/com/tsf/shell/f/f/a/c/A.java	sources/sources/com/tsf/shell/f/f/a/c/FolderShortcutTouchHandler.java	historical_c60c79f9	64
sources/sources/com/tsf/shell/f/f/a/c/_a/a.java	sources/sources/com/tsf/shell/f/f/a/c/_a/FolderIconLoader.java	historical_c60c79f9	82
sources/sources/com/tsf/shell/f/f/a/c/_a/b.java	sources/sources/com/tsf/shell/f/f/a/c/_a/FolderIndicatorDot.java	historical_c60c79f9	92
sources/sources/com/tsf/shell/f/f/a/d/A.java	sources/sources/com/tsf/shell/f/f/a/d/DrawerSortManager.java	historical_c60c79f9	89
sources/sources/com/tsf/shell/f/f/d/A.java	sources/sources/com/tsf/shell/f/f/d/ScrollStateAggregator.java	historical_c60c79f9	89
sources/sources/com/tsf/shell/f/f/d/_a/a.java	sources/sources/com/tsf/shell/f/f/d/_a/OverscrollAnimation.java	historical_c60c79f9	86
sources/sources/com/tsf/shell/f/f/d/_a/b.java	sources/sources/com/tsf/shell/f/f/d/_a/OverscrollHandler.java	historical_c60c79f9	85
sources/sources/com/tsf/shell/plugin/crop/k.java	sources/sources/com/tsf/shell/plugin/crop/CropImageContract.java	historical_c60c79f9	69
sources/sources/com/tsf/shell/plugin/themepicker/r.java	sources/sources/com/tsf/shell/plugin/themepicker/ThemePickerResult.java	historical_c60c79f9	71
sources/sources/com/tsf/shell/plugin/themepicker/theme/r.java	sources/sources/com/tsf/shell/plugin/themepicker/theme/ThemeElementResult.java	historical_c60c79f9	71
sources/sources/com/tsf/shell/plugin/themepicker/themepreview/k.java	sources/sources/com/tsf/shell/plugin/themepicker/themepreview/ThemePreviewConfig.java	historical_c60c79f9	73
sources/sources/com/tsf/shell/plugin/themepicker/themepreview/r.java	sources/sources/com/tsf/shell/plugin/themepicker/themepreview/ThemePreviewResult.java	historical_c60c79f9	73
sources/sources/com/tsf/shell/preference/a/i.java	sources/sources/com/tsf/shell/preference/a/PreferenceItemInterface.java	historical_c60c79f9	65
sources/sources/com/tsf/shell/preference/a/A.java	sources/sources/com/tsf/shell/preference/a/PreferenceThemeProvider.java	historical_c60c79f9	90
sources/sources/com/tsf/shell/preference/a/a/A.java	sources/sources/com/tsf/shell/preference/a/a/PreferenceItemA.java	historical_c60c79f9	89
sources/sources/com/tsf/shell/theme/inside/mix/menu/item/a.java	sources/sources/com/tsf/shell/theme/inside/mix/menu/item/ThemeMenuItem.java	historical_c60c79f9	75
sources/sources/com/tsf/shell/theme/inside/mix/menu/item/detail/d.java	sources/sources/com/tsf/shell/theme/inside/mix/menu/item/detail/ThemeMenuDetailData.java	historical_c60c79f9	71
sources/sources/com/tsf/shell/widget/a/A.java	sources/sources/com/tsf/shell/widget/a/WidgetPanelBase.java	historical_c60c79f9	93
sources/sources/com/tsf/shell/widget/alarm/C.java	sources/sources/com/tsf/shell/widget/alarm/AlarmConstants.java	historical_c60c79f9	83
sources/sources/com/tsf/shell/widget/alarm/A.java	sources/sources/com/tsf/shell/widget/alarm/AlarmContainer.java	historical_c60c79f9	73
sources/sources/com/tsf/shell/widget/alarm/D.java	sources/sources/com/tsf/shell/widget/alarm/AlarmDataUtils.java	historical_c60c79f9	91
sources/sources/com/tsf/shell/widget/alarm/B.java	sources/sources/com/tsf/shell/widget/alarm/AlarmRoundRect.java	historical_c60c79f9	97
sources/sources/com/tsf/shell/widget/alarm/d/B.java	sources/sources/com/tsf/shell/widget/alarm/d/AlarmConfigBase.java	historical_c60c79f9	95
sources/sources/com/tsf/shell/widget/alarm/d/A.java	sources/sources/com/tsf/shell/widget/alarm/d/AlarmConfigEmpty.java	historical_c60c79f9	51
sources/sources/com/tsf/shell/widget/cubeclock/A.java	sources/sources/com/tsf/shell/widget/cubeclock/CubeClockDigital.java	historical_c60c79f9	74
sources/sources/com/tsf/shell/f/c/A.java	sources/sources/com/tsf/shell/f/c/DrawerPanelController.java	historical_6c6cc1bf	88
sources/sources/com/tsf/shell/f/c/a/h.java	sources/sources/com/tsf/shell/f/c/a/DrawerConfig.java	historical_6c6cc1bf	90
sources/sources/com/tsf/shell/f/c/a/f.java	sources/sources/com/tsf/shell/f/c/a/DrawerContentPanel.java	historical_6c6cc1bf	91
sources/sources/com/tsf/shell/f/c/a/e.java	sources/sources/com/tsf/shell/f/c/a/DrawerEditPanel.java	historical_6c6cc1bf	86
sources/sources/com/tsf/shell/f/c/a/c.java	sources/sources/com/tsf/shell/f/c/a/DrawerItemView.java	historical_6c6cc1bf	92
sources/sources/com/tsf/shell/f/c/a/B.java	sources/sources/com/tsf/shell/f/c/a/DrawerMenuPanel.java	historical_6c6cc1bf	89
sources/sources/com/tsf/shell/f/c/a/g.java	sources/sources/com/tsf/shell/f/c/a/DrawerSettingsItem.java	historical_6c6cc1bf	98
sources/sources/com/tsf/shell/f/c/a/d.java	sources/sources/com/tsf/shell/f/c/a/DrawerState.java	historical_6c6cc1bf	95
sources/sources/com/tsf/shell/f/c/a/A.java	sources/sources/com/tsf/shell/f/c/a/DrawerTouchHandler.java	historical_6c6cc1bf	98
sources/sources/com/tsf/shell/f/c/a/a/a.java	sources/sources/com/tsf/shell/f/c/a/a/DrawerAnimConfig.java	historical_6c6cc1bf	74
sources/sources/com/tsf/shell/f/c/a/a/i.java	sources/sources/com/tsf/shell/f/c/a/a/DrawerAnimParamBase.java	historical_6c6cc1bf	72
sources/sources/com/tsf/shell/f/c/a/a/b.java	sources/sources/com/tsf/shell/f/c/a/a/DrawerAnimParamBottom.java	historical_6c6cc1bf	76
sources/sources/com/tsf/shell/f/c/a/a/e.java	sources/sources/com/tsf/shell/f/c/a/a/DrawerAnimParamCenter.java	historical_6c6cc1bf	76
sources/sources/com/tsf/shell/f/c/a/a/h.java	sources/sources/com/tsf/shell/f/c/a/a/DrawerAnimParamCorner.java	historical_6c6cc1bf	58
sources/sources/com/tsf/shell/f/c/a/a/g.java	sources/sources/com/tsf/shell/f/c/a/a/DrawerAnimParamEdge.java	historical_6c6cc1bf	57
sources/sources/com/tsf/shell/f/c/a/a/d.java	sources/sources/com/tsf/shell/f/c/a/a/DrawerAnimParamLeft.java	historical_6c6cc1bf	68
sources/sources/com/tsf/shell/f/c/a/a/f.java	sources/sources/com/tsf/shell/f/c/a/a/DrawerAnimParamRight.java	historical_6c6cc1bf	76
sources/sources/com/tsf/shell/f/c/a/a/c.java	sources/sources/com/tsf/shell/f/c/a/a/DrawerAnimParamTop.java	historical_6c6cc1bf	76
sources/sources/com/tsf/shell/f/c/b/d.java	sources/sources/com/tsf/shell/f/c/b/DrawerItemLayout.java	historical_6c6cc1bf	89
sources/sources/com/tsf/shell/f/c/b/c.java	sources/sources/com/tsf/shell/f/c/b/DrawerSettingsBase.java	historical_6c6cc1bf	93
sources/sources/com/tsf/shell/f/c/b/f.java	sources/sources/com/tsf/shell/f/c/b/DrawerSettingsConfig.java	historical_6c6cc1bf	78
sources/sources/com/tsf/shell/f/c/b/b.java	sources/sources/com/tsf/shell/f/c/b/DrawerSettingsData.java	historical_6c6cc1bf	96
sources/sources/com/tsf/shell/f/c/b/A.java	sources/sources/com/tsf/shell/f/c/b/DrawerSettingsItemType.java	historical_6c6cc1bf	84
sources/sources/com/tsf/shell/f/e/_c/a/c.java	sources/sources/com/tsf/shell/f/e/_c/a/SnapshotActionContext.java	historical_6c6cc1bf	92
sources/sources/com/tsf/shell/f/e/_c/a/a.java	sources/sources/com/tsf/shell/f/e/_c/a/SnapshotButtonRect.java	historical_6c6cc1bf	95
sources/sources/com/tsf/shell/f/e/_c/a/e.java	sources/sources/com/tsf/shell/f/e/_c/a/SnapshotData.java	historical_6c6cc1bf	96
sources/sources/com/tsf/shell/f/e/_c/a/b.java	sources/sources/com/tsf/shell/f/e/_c/a/SnapshotFrameRect.java	historical_6c6cc1bf	96
sources/sources/com/tsf/shell/f/e/_c/a/d.java	sources/sources/com/tsf/shell/f/e/_c/a/SnapshotState.java	historical_6c6cc1bf	94
sources/sources/com/tsf/shell/f/e/_d/a/d.java	sources/sources/com/tsf/shell/f/e/_d/a/DropIndicatorConfig.java	historical_6c6cc1bf	82
sources/sources/com/tsf/shell/f/e/_d/a/a.java	sources/sources/com/tsf/shell/f/e/_d/a/DropIndicatorContainer.java	historical_6c6cc1bf	91
sources/sources/com/tsf/shell/f/e/_d/a/b.java	sources/sources/com/tsf/shell/f/e/_d/a/DropIndicatorRenderer.java	historical_6c6cc1bf	87
sources/sources/com/tsf/shell/f/e/_d/a/c.java	sources/sources/com/tsf/shell/f/e/_d/a/DropIndicatorState.java	historical_6c6cc1bf	91
sources/sources/com/tsf/shell/f/e/_g/a/a.java	sources/sources/com/tsf/shell/f/e/_g/a/MenuActionHandler.java	historical_6c6cc1bf	91
sources/sources/com/tsf/shell/f/e/_g/a/b.java	sources/sources/com/tsf/shell/f/e/_g/a/MenuActionItem.java	historical_6c6cc1bf	86
sources/sources/com/tsf/shell/f/e/_g/a/c.java	sources/sources/com/tsf/shell/f/e/_g/a/MenuItemBase.java	historical_6c6cc1bf	95
sources/sources/com/tsf/shell/f/e/_g/a/d.java	sources/sources/com/tsf/shell/f/e/_g/a/MenuItemConfig.java	historical_6c6cc1bf	83
sources/sources/com/tsf/shell/f/e/c/A.java	sources/sources/com/tsf/shell/f/e/c/AnimationNode.java	historical_6c6cc1bf	96
sources/sources/com/tsf/shell/f/e/e/d.java	sources/sources/com/tsf/shell/f/e/e/ItemLayoutItem.java	historical_6c6cc1bf	95
sources/sources/com/tsf/shell/f/e/f/c.java	sources/sources/com/tsf/shell/f/e/f/EditModeConfig.java	historical_6c6cc1bf	81
sources/sources/com/tsf/shell/f/h/A.java	sources/sources/com/tsf/shell/f/h/WorkspaceContainer.java	historical_6c6cc1bf	84
sources/sources/com/tsf/shell/f/h/B.java	sources/sources/com/tsf/shell/f/h/WorkspaceStateController.java	historical_6c6cc1bf	86
sources/sources/com/tsf/shell/f/h/a/B.java	sources/sources/com/tsf/shell/f/h/a/ScenePositionConfig.java	historical_6c6cc1bf	98
sources/sources/com/tsf/shell/f/h/a/A.java	sources/sources/com/tsf/shell/f/h/a/WorkspaceSceneNode.java	historical_6c6cc1bf	99
sources/sources/com/tsf/shell/f/h/a/a/A.java	sources/sources/com/tsf/shell/f/h/a/a/SceneNodeContainer.java	historical_6c6cc1bf	61
sources/sources/com/tsf/shell/f/h/a/b/d.java	sources/sources/com/tsf/shell/f/h/a/b/SceneDataPool.java	historical_6c6cc1bf	68
sources/sources/com/tsf/shell/f/i/_b/a/a.java	sources/sources/com/tsf/shell/f/i/_b/a/WidgetContainer.java	historical_6c6cc1bf	93
sources/sources/com/tsf/shell/f/i/_b/a/b.java	sources/sources/com/tsf/shell/f/i/_b/a/WidgetContainerPageItem.java	historical_6c6cc1bf	89
sources/sources/com/tsf/shell/f/i/_b/b/a.java	sources/sources/com/tsf/shell/f/i/_b/b/WidgetShell.java	historical_6c6cc1bf	95
sources/sources/com/tsf/shell/f/i/_b/c/b.java	sources/sources/com/tsf/shell/f/i/_b/c/WidgetItemData.java	historical_6c6cc1bf	96
sources/sources/com/tsf/shell/f/i/_b/d/e.java	sources/sources/com/tsf/shell/f/i/_b/d/WidgetItemAnimation.java	historical_6c6cc1bf	95
sources/sources/com/tsf/shell/f/i/_b/d/f.java	sources/sources/com/tsf/shell/f/i/_b/d/WidgetItemBackground.java	historical_6c6cc1bf	43
sources/sources/com/tsf/shell/f/i/_b/d/g.java	sources/sources/com/tsf/shell/f/i/_b/d/WidgetItemGrid.java	historical_6c6cc1bf	87
sources/sources/com/tsf/shell/f/i/_b/d/h.java	sources/sources/com/tsf/shell/f/i/_b/d/WidgetItemIndicator.java	historical_6c6cc1bf	88
sources/sources/com/tsf/shell/f/i/_b/d/d.java	sources/sources/com/tsf/shell/f/i/_b/d/WidgetItemLayout.java	historical_6c6cc1bf	89
sources/sources/com/tsf/shell/f/i/_b/d/j.java	sources/sources/com/tsf/shell/f/i/_b/d/WidgetItemPositioner.java	historical_6c6cc1bf	95
sources/sources/com/tsf/shell/f/i/_b/d/c.java	sources/sources/com/tsf/shell/f/i/_b/d/WidgetItemState.java	historical_6c6cc1bf	71
sources/sources/com/tsf/shell/f/i/_b/d/a.java	sources/sources/com/tsf/shell/f/i/_b/d/WidgetTouchHandler.java	historical_6c6cc1bf	84
sources/sources/com/tsf/shell/f/i/_b/e/d.java	sources/sources/com/tsf/shell/f/i/_b/e/WidgetDrawerItemAction.java	historical_6c6cc1bf	82
sources/sources/com/tsf/shell/f/i/_b/e/a.java	sources/sources/com/tsf/shell/f/i/_b/e/WidgetDrawerItemBase.java	historical_6c6cc1bf	86
sources/sources/com/tsf/shell/f/i/_b/e/h.java	sources/sources/com/tsf/shell/f/i/_b/e/WidgetDrawerItemButton.java	historical_6c6cc1bf	74
sources/sources/com/tsf/shell/f/i/_b/e/f.java	sources/sources/com/tsf/shell/f/i/_b/e/WidgetDrawerItemEditAction.java	historical_6c6cc1bf	80
sources/sources/com/tsf/shell/f/i/_b/e/e.java	sources/sources/com/tsf/shell/f/i/_b/e/WidgetDrawerItemEffect.java	historical_6c6cc1bf	62
sources/sources/com/tsf/shell/f/i/_b/e/c.java	sources/sources/com/tsf/shell/f/i/_b/e/WidgetDrawerItemGather.java	historical_6c6cc1bf	82
sources/sources/com/tsf/shell/f/i/_b/e/i.java	sources/sources/com/tsf/shell/f/i/_b/e/WidgetDrawerItemLaunchAction.java	historical_6c6cc1bf	78
sources/sources/com/tsf/shell/f/i/_b/e/j.java	sources/sources/com/tsf/shell/f/i/_b/e/WidgetDrawerItemSettingsAction.java	historical_6c6cc1bf	88
sources/sources/com/tsf/shell/f/i/_b/e/g.java	sources/sources/com/tsf/shell/f/i/_b/e/WidgetDrawerItemVisual.java	historical_6c6cc1bf	90
sources/sources/com/tsf/shell/f/i/_b/e/b.java	sources/sources/com/tsf/shell/f/i/_b/e/WidgetDrawerShortcutItemBase.java	historical_6c6cc1bf	96
sources/sources/com/tsf/shell/f/i/_c/a/j.java	sources/sources/com/tsf/shell/f/i/_c/a/AsyncTextureNode.java	historical_6c6cc1bf	89
sources/sources/com/tsf/shell/f/i/_c/a/h.java	sources/sources/com/tsf/shell/f/i/_c/a/BackgroundSceneNode.java	historical_6c6cc1bf	86
sources/sources/com/tsf/shell/f/i/_c/a/m.java	sources/sources/com/tsf/shell/f/i/_c/a/CompositeSceneNode.java	historical_6c6cc1bf	82
sources/sources/com/tsf/shell/f/i/_c/a/B.java	sources/sources/com/tsf/shell/f/i/_c/a/DockSceneNode.java	historical_6c6cc1bf	79
sources/sources/com/tsf/shell/f/i/_c/a/C.java	sources/sources/com/tsf/shell/f/i/_c/a/DrawerSceneNode.java	historical_6c6cc1bf	84
sources/sources/com/tsf/shell/f/i/_c/a/A.java	sources/sources/com/tsf/shell/f/i/_c/a/FolderSceneNode.java	historical_6c6cc1bf	76
sources/sources/com/tsf/shell/f/i/_c/a/g.java	sources/sources/com/tsf/shell/f/i/_c/a/GridSceneNode.java	historical_6c6cc1bf	72
sources/sources/com/tsf/shell/f/i/_c/a/i.java	sources/sources/com/tsf/shell/f/i/_c/a/IAsyncTaskListener.java	historical_6c6cc1bf	86
sources/sources/com/tsf/shell/f/i/_c/a/k.java	sources/sources/com/tsf/shell/f/i/_c/a/ITextureCallback.java	historical_6c6cc1bf	84
sources/sources/com/tsf/shell/f/i/_c/a/f.java	sources/sources/com/tsf/shell/f/i/_c/a/LabelSceneNode.java	historical_6c6cc1bf	73
sources/sources/com/tsf/shell/f/i/_c/a/e.java	sources/sources/com/tsf/shell/f/i/_c/a/NodeConfig.java	historical_6c6cc1bf	87
sources/sources/com/tsf/shell/f/i/_c/a/l.java	sources/sources/com/tsf/shell/f/i/_c/a/NodeConstants.java	historical_6c6cc1bf	91
sources/sources/com/tsf/shell/f/i/_c/a/d.java	sources/sources/com/tsf/shell/f/i/_c/a/PageSceneNode.java	historical_6c6cc1bf	64
sources/sources/com/tsf/shell/f/i/_c/a/a/a.java	sources/sources/com/tsf/shell/f/i/_c/a/a/TextureElementA.java	historical_6c6cc1bf	92
sources/sources/com/tsf/shell/f/i/_c/a/a/b.java	sources/sources/com/tsf/shell/f/i/_c/a/a/TextureElementB.java	historical_6c6cc1bf	53
sources/sources/com/tsf/shell/f/i/_c/a/a/c.java	sources/sources/com/tsf/shell/f/i/_c/a/a/TextureElementC.java	historical_6c6cc1bf	97
sources/sources/com/tsf/shell/f/i/_c/a/a/d.java	sources/sources/com/tsf/shell/f/i/_c/a/a/TextureElementD.java	historical_6c6cc1bf	79
sources/sources/com/tsf/shell/f/i/_c/a/a/e.java	sources/sources/com/tsf/shell/f/i/_c/a/a/TextureElementE.java	historical_6c6cc1bf	95
sources/sources/com/tsf/shell/f/i/_c/a/a/f.java	sources/sources/com/tsf/shell/f/i/_c/a/a/TextureElementF.java	historical_6c6cc1bf	95
sources/sources/com/tsf/shell/f/i/_c/a/a/g.java	sources/sources/com/tsf/shell/f/i/_c/a/a/TextureElementG.java	historical_6c6cc1bf	94
sources/sources/com/tsf/shell/f/i/_c/a/a/h.java	sources/sources/com/tsf/shell/f/i/_c/a/a/TextureElementH.java	historical_6c6cc1bf	92
sources/sources/com/tsf/shell/f/i/_c/a/b/a.java	sources/sources/com/tsf/shell/f/i/_c/a/b/SceneComponentA.java	historical_6c6cc1bf	98
sources/sources/com/tsf/shell/f/i/_c/a/b/b.java	sources/sources/com/tsf/shell/f/i/_c/a/b/SceneComponentB.java	historical_6c6cc1bf	94
sources/sources/com/tsf/shell/f/i/_c/a/b/c.java	sources/sources/com/tsf/shell/f/i/_c/a/b/SceneComponentC.java	historical_6c6cc1bf	63
sources/sources/com/tsf/shell/f/i/_c/a/b/d.java	sources/sources/com/tsf/shell/f/i/_c/a/b/SceneComponentD.java	historical_6c6cc1bf	95
sources/sources/com/tsf/shell/f/i/_c/a/b/e.java	sources/sources/com/tsf/shell/f/i/_c/a/b/SceneComponentE.java	historical_6c6cc1bf	67
sources/sources/com/tsf/shell/f/i/_c/a/b/f.java	sources/sources/com/tsf/shell/f/i/_c/a/b/SceneComponentF.java	historical_6c6cc1bf	51
sources/sources/com/tsf/shell/f/i/_c/a/b/g.java	sources/sources/com/tsf/shell/f/i/_c/a/b/SceneComponentG.java	historical_6c6cc1bf	41
sources/sources/com/tsf/shell/f/i/_c/a/b/h.java	sources/sources/com/tsf/shell/f/i/_c/a/b/SceneComponentH.java	historical_6c6cc1bf	93
sources/sources/com/tsf/shell/f/i/_c/a/b/i.java	sources/sources/com/tsf/shell/f/i/_c/a/b/SceneComponentI.java	historical_6c6cc1bf	48
sources/sources/com/tsf/shell/f/i/_c/a/b/j.java	sources/sources/com/tsf/shell/f/i/_c/a/b/SceneComponentJ.java	historical_6c6cc1bf	51
sources/sources/com/tsf/shell/f/i/_c/a/b/k.java	sources/sources/com/tsf/shell/f/i/_c/a/b/SceneComponentK.java	historical_6c6cc1bf	70
sources/sources/com/tsf/shell/f/i/_c/a/b/l.java	sources/sources/com/tsf/shell/f/i/_c/a/b/SceneComponentL.java	historical_6c6cc1bf	82
sources/sources/com/tsf/shell/f/i/_c/a/b/m.java	sources/sources/com/tsf/shell/f/i/_c/a/b/SceneComponentM.java	historical_6c6cc1bf	71
sources/sources/com/tsf/shell/f/i/_c/a/b/n.java	sources/sources/com/tsf/shell/f/i/_c/a/b/SceneComponentN.java	historical_6c6cc1bf	46
sources/sources/com/tsf/shell/f/i/_c/a/b/o.java	sources/sources/com/tsf/shell/f/i/_c/a/b/SceneComponentO.java	historical_6c6cc1bf	71
sources/sources/com/tsf/shell/f/i/_c/a/b/p.java	sources/sources/com/tsf/shell/f/i/_c/a/b/SceneComponentP.java	historical_6c6cc1bf	50
sources/sources/com/tsf/shell/f/i/_c/a/c/a.java	sources/sources/com/tsf/shell/f/i/_c/a/c/SceneRendererA.java	historical_6c6cc1bf	94
sources/sources/com/tsf/shell/f/i/_c/a/c/b.java	sources/sources/com/tsf/shell/f/i/_c/a/c/SceneRendererB.java	historical_6c6cc1bf	78
sources/sources/com/tsf/shell/f/i/_c/a/c/c.java	sources/sources/com/tsf/shell/f/i/_c/a/c/SceneRendererC.java	historical_6c6cc1bf	64
sources/sources/com/tsf/shell/f/i/_c/a/c/d.java	sources/sources/com/tsf/shell/f/i/_c/a/c/SceneRendererD.java	historical_6c6cc1bf	95
sources/sources/com/tsf/shell/f/i/_c/a/c/e.java	sources/sources/com/tsf/shell/f/i/_c/a/c/SceneRendererE.java	historical_6c6cc1bf	96
sources/sources/com/tsf/shell/f/i/b/b/b.java	sources/sources/com/tsf/shell/f/i/b/b/IItemShell.java	historical_6c6cc1bf	91
sources/sources/com/tsf/shell/f/i/b/d/C0127a.java	sources/sources/com/tsf/shell/f/i/b/d/HitTargetHelper.java	historical_6c6cc1bf	64
sources/sources/com/tsf/shell/f/i/c/a/B.java	sources/sources/com/tsf/shell/f/i/c/a/DockSceneNode.java	historical_6c6cc1bf	80
sources/sources/com/tsf/shell/f/i/c/a/C.java	sources/sources/com/tsf/shell/f/i/c/a/DrawerSceneNode.java	historical_6c6cc1bf	84
sources/sources/com/tsf/shell/f/i/c/a/A.java	sources/sources/com/tsf/shell/f/i/c/a/FolderSceneNode.java	historical_6c6cc1bf	76
sources/sources/com/tsf/shell/f/e/A.java	sources/sources/com/tsf/shell/f/e/AlignmentOverlay.java	historical_7e0852cf	85
sources/sources/com/tsf/shell/f/e/F.java	sources/sources/com/tsf/shell/f/e/ILayoutItem.java	historical_7e0852cf	93
sources/sources/com/tsf/shell/f/e/E.java	sources/sources/com/tsf/shell/f/e/ItemTrailContainer.java	historical_7e0852cf	92
sources/sources/com/tsf/shell/f/e/H.java	sources/sources/com/tsf/shell/f/e/LassoSelectionHandler.java	historical_7e0852cf	96
sources/sources/com/tsf/shell/f/e/D.java	sources/sources/com/tsf/shell/f/e/ObjectPool.java	historical_7e0852cf	75
sources/sources/com/tsf/shell/f/e/I.java	sources/sources/com/tsf/shell/f/e/SelectionFrame.java	historical_7e0852cf	93
sources/sources/com/tsf/shell/f/e/C.java	sources/sources/com/tsf/shell/f/e/SpringEasing.java	historical_7e0852cf	98
sources/sources/com/tsf/shell/f/e/B.java	sources/sources/com/tsf/shell/f/e/WidgetResizeResources.java	historical_7e0852cf	95
sources/sources/com/tsf/shell/f/e/_a/a.java	sources/sources/com/tsf/shell/f/e/_a/DropTarget.java	historical_7e0852cf	90
sources/sources/com/tsf/shell/f/e/_a/d.java	sources/sources/com/tsf/shell/f/e/_a/DropTargetIndicator.java	historical_7e0852cf	77
sources/sources/com/tsf/shell/f/e/_a/c.java	sources/sources/com/tsf/shell/f/e/_a/DropTargetItem.java	historical_7e0852cf	80
sources/sources/com/tsf/shell/f/e/_a/b.java	sources/sources/com/tsf/shell/f/e/_a/DropTargetKeyHandler.java	historical_7e0852cf	80
sources/sources/com/tsf/shell/f/e/_b/a.java	sources/sources/com/tsf/shell/f/e/_b/OverlayBackground.java	historical_7e0852cf	88
sources/sources/com/tsf/shell/f/e/_b/d.java	sources/sources/com/tsf/shell/f/e/_b/OverlayConfig.java	historical_7e0852cf	96
sources/sources/com/tsf/shell/f/e/_b/b.java	sources/sources/com/tsf/shell/f/e/_b/OverlayEffect.java	historical_7e0852cf	83
sources/sources/com/tsf/shell/f/e/_b/c.java	sources/sources/com/tsf/shell/f/e/_b/OverlayGradient.java	historical_7e0852cf	89
sources/sources/com/tsf/shell/f/e/_b/e.java	sources/sources/com/tsf/shell/f/e/_b/OverlayProperty.java	historical_7e0852cf	97
sources/sources/com/tsf/shell/f/e/_b/f.java	sources/sources/com/tsf/shell/f/e/_b/OverlayShader.java	historical_7e0852cf	96
sources/sources/com/tsf/shell/f/e/_c/A.java	sources/sources/com/tsf/shell/f/e/_c/PageSnapshotRenderer.java	historical_7e0852cf	96
sources/sources/com/tsf/shell/f/e/_c/b.java	sources/sources/com/tsf/shell/f/e/_c/SnapshotItem.java	historical_7e0852cf	98
sources/sources/com/tsf/shell/f/e/_e/b.java	sources/sources/com/tsf/shell/f/e/_e/SelectionCallback.java	historical_7e0852cf	95
sources/sources/com/tsf/shell/f/e/_e/a.java	sources/sources/com/tsf/shell/f/e/_e/SelectionIndicator.java	historical_7e0852cf	79
sources/sources/com/tsf/shell/f/e/_e/c.java	sources/sources/com/tsf/shell/f/e/_e/SelectionState.java	historical_7e0852cf	58
sources/sources/com/tsf/shell/f/e/_e/C0133a.java	sources/sources/com/tsf/shell/f/e/_e/WorkspaceData.java	historical_7e0852cf	65
sources/sources/com/tsf/shell/f/e/_e/f.java	sources/sources/com/tsf/shell/f/e/_e/WorkspaceTask.java	historical_7e0852cf	63
sources/sources/com/tsf/shell/f/e/_f/b.java	sources/sources/com/tsf/shell/f/e/_f/EditTarget.java	historical_7e0852cf	97
sources/sources/com/tsf/shell/f/e/_f/a.java	sources/sources/com/tsf/shell/f/e/_f/WorkspaceEditor.java	historical_7e0852cf	90
sources/sources/com/tsf/shell/f/e/_g/A.java	sources/sources/com/tsf/shell/f/e/_g/MenuClassButton.java	historical_7e0852cf	88
sources/sources/com/tsf/shell/f/e/_g/b.java	sources/sources/com/tsf/shell/f/e/_g/MenuContainer.java	historical_7e0852cf	94
sources/sources/com/tsf/shell/f/e/_g/e.java	sources/sources/com/tsf/shell/f/e/_g/MenuExpandItem.java	historical_7e0852cf	96
sources/sources/com/tsf/shell/f/e/_g/c.java	sources/sources/com/tsf/shell/f/e/_g/MenuItemHeader.java	historical_7e0852cf	90
sources/sources/com/tsf/shell/f/e/_g/d.java	sources/sources/com/tsf/shell/f/e/_g/MenuOverlay.java	historical_7e0852cf	95
sources/sources/com/tsf/shell/f/e/_h/b.java	sources/sources/com/tsf/shell/f/e/_h/IconEditorHelper.java	historical_7e0852cf	96
sources/sources/com/tsf/shell/f/e/_h/a.java	sources/sources/com/tsf/shell/f/e/_h/PhotoSelectorHelper.java	historical_7e0852cf	90
sources/sources/com/tsf/shell/f/e/_i/c.java	sources/sources/com/tsf/shell/f/e/_i/GridLayoutCache.java	historical_7e0852cf	88
sources/sources/com/tsf/shell/f/e/_i/b.java	sources/sources/com/tsf/shell/f/e/_i/GridLayoutCell.java	historical_7e0852cf	92
sources/sources/com/tsf/shell/f/e/_i/d.java	sources/sources/com/tsf/shell/f/e/_i/GridLayoutConfig.java	historical_7e0852cf	98
sources/sources/com/tsf/shell/f/e/_i/a.java	sources/sources/com/tsf/shell/f/e/_i/GridLayoutStrategy.java	historical_7e0852cf	75
sources/sources/com/tsf/shell/f/i/e.java	sources/sources/com/tsf/shell/f/i/ItemStubHelper.java	historical_7e0852cf	93
sources/sources/com/tsf/shell/f/i/A.java	sources/sources/com/tsf/shell/f/i/MultiSelectController.java	historical_7e0852cf	87
sources/sources/com/tsf/shell/f/i/_a/b.java	sources/sources/com/tsf/shell/f/i/_a/WidgetDragHandler.java	historical_7e0852cf	78
sources/sources/com/tsf/shell/f/i/_a/d.java	sources/sources/com/tsf/shell/f/i/_a/WidgetItemDropHandler.java	historical_7e0852cf	74
sources/sources/com/tsf/shell/f/i/_a/c.java	sources/sources/com/tsf/shell/f/i/_a/WidgetItemTouchHandler.java	historical_7e0852cf	89
sources/sources/com/tsf/shell/f/i/_a/a.java	sources/sources/com/tsf/shell/f/i/_a/WidgetWallpaperHandler.java	historical_7e0852cf	97
sources/sources/com/tsf/shell/f/i/_c/A.java	sources/sources/com/tsf/shell/f/i/_c/AnimatedWidgetGroup.java	historical_7e0852cf	84
sources/sources/com/tsf/shell/f/i/_c/b.java	sources/sources/com/tsf/shell/f/i/_c/DeferredWidgetGroup.java	historical_7e0852cf	85
sources/sources/com/tsf/shell/f/i/_c/c.java	sources/sources/com/tsf/shell/f/i/_c/FolderWidgetGroup.java	historical_7e0852cf	84
sources/sources/com/tsf/shell/f/i/_c/d.java	sources/sources/com/tsf/shell/f/i/_c/PendingWidgetGroup.java	historical_7e0852cf	91
sources/sources/com/tsf/shell/f/i/_c/g.java	sources/sources/com/tsf/shell/f/i/_c/WidgetGroupBase.java	historical_7e0852cf	81
sources/sources/com/tsf/shell/f/i/_c/e.java	sources/sources/com/tsf/shell/f/i/_c/WidgetLabelProvider.java	historical_7e0852cf	95
sources/sources/com/tsf/shell/f/i/_c/f.java	sources/sources/com/tsf/shell/f/i/_c/WidgetPreviewLabel.java	historical_7e0852cf	81
sources/sources/com/tsf/shell/f/i/c/A.java	sources/sources/com/tsf/shell/f/i/c/AnimatedItemGroup.java	historical_7e0852cf	85
sources/sources/com/tsf/shell/f/f/C.java	sources/sources/com/tsf/shell/f/f/TransitionManager.java	historical_c79d40f7	91
sources/sources/com/tsf/shell/f/f/b/A.java	sources/sources/com/tsf/shell/f/f/b/ClothTransition.java	historical_c79d40f7	94
sources/sources/com/tsf/shell/f/c/a/b/a.java	sources/sources/com/tsf/shell/f/c/a/b/DrawerMenuParams.java	historical_a774e71e	86
sources/sources/com/tsf/shell/f/i/B.java	sources/sources/com/tsf/shell/f/i/PageItem.java	historical_a774e71e	99
sources/sources/com/tsf/shell/f/i/C.java	sources/sources/com/tsf/shell/f/i/ShortcutItem.java	historical_a774e71e	93
sources/sources/com/tsf/shell/f/i/_b/c/a.java	sources/sources/com/tsf/shell/f/i/_b/c/WidgetPageItem.java	historical_a774e71e	93
sources/sources/com/tsf/shell/f/i/_b/d/k.java	sources/sources/com/tsf/shell/f/i/_b/d/ItemPositionAnimator.java	historical_a774e71e	95
sources/sources/com/tsf/shell/f/i/_b/d/i.java	sources/sources/com/tsf/shell/f/i/_b/d/ScrollingIndicator.java	historical_a774e71e	97
sources/sources/com/tsf/shell/f/i/_b/d/b.java	sources/sources/com/tsf/shell/f/i/_b/d/WorkspaceShortcutItem.java	historical_a774e71e	93
sources/sources/com/tsf/shell/services/A.java	sources/sources/com/tsf/shell/services/NotifierConnector.java	historical_a774e71e	94
sources/sources/com/tsf/shell/manager/A.java	sources/sources/com/tsf/shell/manager/GlobalServiceLocator.java	historical_6389fce2	46
sources/sources/com/tsf/shell/manager/action/toggle/B.java	sources/sources/com/tsf/shell/manager/action/toggle/ToggleAction.java	historical_6389fce2	98
sources/sources/com/tsf/shell/manager/action/toggle/A.java	sources/sources/com/tsf/shell/manager/action/toggle/TogglePanelManager.java	historical_6389fce2	80
sources/sources/com/tsf/shell/manager/c/A.java	sources/sources/com/tsf/shell/manager/c/ContactDatabaseHelper.java	historical_6389fce2	92
sources/sources/com/tsf/shell/manager/j/i.java	sources/sources/com/tsf/shell/manager/j/LayoutContainer.java	historical_6389fce2	69
sources/sources/com/tsf/shell/manager/m/f.java	sources/sources/com/tsf/shell/manager/m/UnknownStub.java	historical_6389fce2	72
sources/sources/com/tsf/shell/manager/o/A.java	sources/sources/com/tsf/shell/manager/o/ButtonMetrics.java	historical_6389fce2	99
sources/sources/com/tsf/shell/manager/o/_a/d.java	sources/sources/com/tsf/shell/manager/o/_a/EmptyLabelElementV2.java	historical_6389fce2	52
sources/sources/com/tsf/shell/manager/o/_a/c.java	sources/sources/com/tsf/shell/manager/o/_a/LabelManagerV2.java	historical_6389fce2	93
sources/sources/com/tsf/shell/manager/o/_a/a.java	sources/sources/com/tsf/shell/manager/o/_a/TextConfigV2.java	historical_6389fce2	97
sources/sources/com/tsf/shell/manager/o/_a/b.java	sources/sources/com/tsf/shell/manager/o/_a/TextLabelElementV2.java	historical_6389fce2	87
sources/sources/com/tsf/shell/manager/r/A.java	sources/sources/com/tsf/shell/manager/r/BoundsHelper.java	historical_6389fce2	99
sources/sources/com/tsf/shell/manager/r/a/c.java	sources/sources/com/tsf/shell/manager/r/a/WidgetBoundsDelegate.java	historical_6389fce2	83
sources/sources/com/tsf/shell/manager/r/b/C.java	sources/sources/com/tsf/shell/manager/r/b/ScrollableItemListPanel.java	historical_6389fce2	82
sources/sources/com/tsf/shell/manager/r/b/B.java	sources/sources/com/tsf/shell/manager/r/b/WidgetDecorationPanel.java	historical_6389fce2	75
sources/sources/com/tsf/shell/manager/r/b/A.java	sources/sources/com/tsf/shell/manager/r/b/WidgetMenuPanel.java	historical_6389fce2	64
sources/sources/com/tsf/shell/manager/r/b/a/B.java	sources/sources/com/tsf/shell/manager/r/b/a/AppSelectionIndicatorBar.java	historical_6389fce2	87
sources/sources/com/tsf/shell/manager/r/c/A.java	sources/sources/com/tsf/shell/manager/r/c/IconRenderer.java	historical_6389fce2	95
sources/sources/com/tsf/shell/e/d.java	sources/sources/com/tsf/shell/e/CellLayout.java	historical_636a32ab	87
sources/sources/com/tsf/shell/e/e.java	sources/sources/com/tsf/shell/e/DragLayer.java	historical_636a32ab	87
sources/sources/com/tsf/shell/e/a.java	sources/sources/com/tsf/shell/e/TSFAppWidgetHost.java	historical_636a32ab	75
sources/sources/com/tsf/shell/e/c.java	sources/sources/com/tsf/shell/e/TSFAppWidgetHostView.java	historical_636a32ab	88
sources/sources/com/tsf/shell/e/b.java	sources/sources/com/tsf/shell/e/WidgetContainer.java	historical_636a32ab	94
sources/sources/com/tsf/shell/e/f.java	sources/sources/com/tsf/shell/e/Workspace3D.java	historical_636a32ab	93
sources/sources/com/tsf/shell/manager/app/c.java	sources/sources/com/tsf/shell/manager/app/AppListModel.java	historical_636a32ab	91
sources/sources/com/tsf/shell/manager/app/s.java	sources/sources/com/tsf/shell/manager/app/CallbackHandler.java	historical_636a32ab	83
sources/sources/com/tsf/shell/manager/app/e.java	sources/sources/com/tsf/shell/manager/app/DataCoordinator.java	historical_636a32ab	87
sources/sources/com/tsf/shell/manager/app/r.java	sources/sources/com/tsf/shell/manager/app/EventHandler.java	historical_636a32ab	80
sources/sources/com/tsf/shell/manager/app/A.java	sources/sources/com/tsf/shell/manager/app/FeatureConfig.java	historical_636a32ab	74
sources/sources/com/tsf/shell/manager/app/d.java	sources/sources/com/tsf/shell/manager/app/FolderManager.java	historical_636a32ab	93
sources/sources/com/tsf/shell/manager/app/D.java	sources/sources/com/tsf/shell/manager/app/Initializer.java	historical_636a32ab	71
sources/sources/com/tsf/shell/manager/app/q.java	sources/sources/com/tsf/shell/manager/app/Notifier.java	historical_636a32ab	88
sources/sources/com/tsf/shell/manager/app/z.java	sources/sources/com/tsf/shell/manager/app/ObjectRegistry.java	historical_636a32ab	87
sources/sources/com/tsf/shell/manager/app/b.java	sources/sources/com/tsf/shell/manager/app/ObserverManager.java	historical_636a32ab	83
sources/sources/com/tsf/shell/manager/app/n.java	sources/sources/com/tsf/shell/manager/app/PanelStateManager.java	historical_636a32ab	58
sources/sources/com/tsf/shell/manager/app/B.java	sources/sources/com/tsf/shell/manager/app/PreferenceProvider.java	historical_636a32ab	92
sources/sources/com/tsf/shell/manager/app/o.java	sources/sources/com/tsf/shell/manager/app/ServiceFactory.java	historical_636a32ab	66
sources/sources/com/tsf/shell/manager/app/w.java	sources/sources/com/tsf/shell/manager/app/ServiceProvider.java	historical_636a32ab	85
sources/sources/com/tsf/shell/manager/app/h.java	sources/sources/com/tsf/shell/manager/app/StateHub.java	historical_636a32ab	95
sources/sources/com/tsf/shell/manager/app/k.java	sources/sources/com/tsf/shell/manager/app/StateManager.java	historical_636a32ab	84
sources/sources/com/tsf/shell/manager/app/j.java	sources/sources/com/tsf/shell/manager/app/TaskScheduler.java	historical_636a32ab	90
sources/sources/com/tsf/shell/manager/app/t.java	sources/sources/com/tsf/shell/manager/app/TextureCache.java	historical_636a32ab	94
sources/sources/com/tsf/shell/manager/app/p.java	sources/sources/com/tsf/shell/manager/app/WidgetAnimator.java	historical_636a32ab	94
sources/sources/com/tsf/shell/manager/app/i.java	sources/sources/com/tsf/shell/manager/app/WidgetManager.java	historical_636a32ab	77
sources/sources/com/tsf/shell/manager/app/g.java	sources/sources/com/tsf/shell/manager/app/WidgetPanelController.java	historical_636a32ab	88
sources/sources/com/tsf/shell/manager/app/v/b.java	sources/sources/com/tsf/shell/manager/app/v/AnimationHelper.java	historical_636a32ab	92
sources/sources/com/tsf/shell/manager/app/v/a.java	sources/sources/com/tsf/shell/manager/app/v/FlagHelper.java	historical_636a32ab	96
sources/sources/com/tsf/shell/manager/app/v/c.java	sources/sources/com/tsf/shell/manager/app/v/ObjectHelper.java	historical_636a32ab	91
sources/sources/com/tsf/shell/manager/app/v/e.java	sources/sources/com/tsf/shell/manager/app/v/ScreenHelper.java	historical_636a32ab	77
sources/sources/com/tsf/shell/manager/app/v/d.java	sources/sources/com/tsf/shell/manager/app/v/SimpleHelper.java	historical_636a32ab	75
sources/sources/com/tsf/shell/manager/app/v/f.java	sources/sources/com/tsf/shell/manager/app/v/StateAccessor.java	historical_636a32ab	81
sources/sources/com/tsf/shell/manager/app/a.java	sources/sources/com/tsf/shell/manager/app/AppListManager.java	historical_9487f6f2	75
sources/sources/com/tsf/shell/manager/app/f.java	sources/sources/com/tsf/shell/manager/app/LauncherAppInfo.java	historical_9487f6f2	97
sources/sources/com/tsf/shell/f/f/a/_c/a/a.java	sources/sources/com/tsf/shell/f/f/a/_c/_a/a.java	historical_506cb70b	90
sources/sources/com/tsf/shell/f/f/a/_c/a/b.java	sources/sources/com/tsf/shell/f/f/a/_c/_a/b.java	historical_506cb70b	97
sources/sources/com/tsf/shell/f/d/A.java	sources/sources/com/tsf/shell/f/_d/A.java	historical_cb6244e2	57
sources/sources/com/tsf/shell/f/d/a/A.java	sources/sources/com/tsf/shell/f/_d/a/A.java	historical_cb6244e2	97
sources/sources/com/tsf/shell/f/d/a/_a/a.java	sources/sources/com/tsf/shell/f/_d/a/_a/a.java	historical_cb6244e2	96
sources/sources/com/tsf/shell/f/d/a/a/b.java	sources/sources/com/tsf/shell/f/_d/a/_a/b.java	historical_cb6244e2	84
sources/sources/com/tsf/shell/f/d/a/_a/c.java	sources/sources/com/tsf/shell/f/_d/a/_a/c.java	historical_cb6244e2	85
sources/sources/com/tsf/shell/f/d/a/_a/d.java	sources/sources/com/tsf/shell/f/_d/a/_a/d.java	historical_cb6244e2	93
sources/sources/com/tsf/shell/f/d/a/a/e.java	sources/sources/com/tsf/shell/f/_d/a/_a/e.java	historical_cb6244e2	63
sources/sources/com/tsf/shell/f/d/a/a/f.java	sources/sources/com/tsf/shell/f/_d/a/_a/f.java	historical_cb6244e2	80
sources/sources/com/tsf/shell/f/d/a/_a/g.java	sources/sources/com/tsf/shell/f/_d/a/_a/g.java	historical_cb6244e2	79
sources/sources/com/tsf/shell/f/d/a/_a/h.java	sources/sources/com/tsf/shell/f/_d/a/_a/h.java	historical_cb6244e2	79
sources/sources/com/tsf/shell/f/d/a/a/a.java	sources/sources/com/tsf/shell/f/_d/a/a/a.java	historical_cb6244e2	96
sources/sources/com/tsf/shell/f/d/a/_a/b.java	sources/sources/com/tsf/shell/f/_d/a/a/b.java	historical_cb6244e2	85
sources/sources/com/tsf/shell/f/d/a/a/c.java	sources/sources/com/tsf/shell/f/_d/a/a/c.java	historical_cb6244e2	85
sources/sources/com/tsf/shell/f/d/a/a/d.java	sources/sources/com/tsf/shell/f/_d/a/a/d.java	historical_cb6244e2	93
sources/sources/com/tsf/shell/f/d/a/_a/e.java	sources/sources/com/tsf/shell/f/_d/a/a/e.java	historical_cb6244e2	63
sources/sources/com/tsf/shell/f/d/a/_a/f.java	sources/sources/com/tsf/shell/f/_d/a/a/f.java	historical_cb6244e2	81
sources/sources/com/tsf/shell/f/d/a/a/g.java	sources/sources/com/tsf/shell/f/_d/a/a/g.java	historical_cb6244e2	79
sources/sources/com/tsf/shell/f/d/a/a/h.java	sources/sources/com/tsf/shell/f/_d/a/a/h.java	historical_cb6244e2	79
sources/sources/com/tsf/shell/f/d/a/b.java	sources/sources/com/tsf/shell/f/_d/a/b.java	historical_cb6244e2	96
sources/sources/com/tsf/shell/f/d/a/c.java	sources/sources/com/tsf/shell/f/_d/a/c.java	historical_cb6244e2	92
sources/sources/com/tsf/shell/f/d/b/A.java	sources/sources/com/tsf/shell/f/_d/b/A.java	historical_cb6244e2	72
sources/sources/com/tsf/shell/f/d/b/a/a.java	sources/sources/com/tsf/shell/f/_d/b/a/a.java	historical_cb6244e2	93
sources/sources/com/tsf/shell/f/d/b/a/b.java	sources/sources/com/tsf/shell/f/_d/b/a/b.java	historical_cb6244e2	89
sources/sources/com/tsf/shell/f/d/b/a/c.java	sources/sources/com/tsf/shell/f/_d/b/a/c.java	historical_cb6244e2	92
sources/sources/com/tsf/shell/f/d/b/a/d.java	sources/sources/com/tsf/shell/f/_d/b/a/d.java	historical_cb6244e2	95
sources/sources/com/tsf/shell/f/d/b/a/e.java	sources/sources/com/tsf/shell/f/_d/b/a/e.java	historical_cb6244e2	89
sources/sources/com/tsf/shell/f/d/b/a/f.java	sources/sources/com/tsf/shell/f/_d/b/a/f.java	historical_cb6244e2	89
sources/sources/com/tsf/shell/f/d/c/A.java	sources/sources/com/tsf/shell/f/_d/c/A.java	historical_cb6244e2	82
sources/sources/com/tsf/shell/f/d/c/a/a.java	sources/sources/com/tsf/shell/f/_d/c/a/a.java	historical_cb6244e2	95
sources/sources/com/tsf/shell/f/d/c/a/b.java	sources/sources/com/tsf/shell/f/_d/c/a/b.java	historical_cb6244e2	95
sources/sources/com/tsf/shell/f/d/c/a/c.java	sources/sources/com/tsf/shell/f/_d/c/a/c.java	historical_cb6244e2	96
sources/sources/com/tsf/shell/f/d/c/a/d.java	sources/sources/com/tsf/shell/f/_d/c/a/d.java	historical_cb6244e2	91
sources/sources/com/tsf/shell/f/d/c/a/e.java	sources/sources/com/tsf/shell/f/_d/c/a/e.java	historical_cb6244e2	94
sources/sources/com/tsf/shell/f/d/d/A.java	sources/sources/com/tsf/shell/f/_d/d/A.java	historical_cb6244e2	78
sources/sources/com/tsf/shell/f/d/d/a/a.java	sources/sources/com/tsf/shell/f/_d/d/a/a.java	historical_cb6244e2	90
sources/sources/com/tsf/shell/f/d/d/a/b.java	sources/sources/com/tsf/shell/f/_d/d/a/b.java	historical_cb6244e2	61
sources/sources/com/tsf/shell/f/d/d/a/c.java	sources/sources/com/tsf/shell/f/_d/d/a/c.java	historical_cb6244e2	76
sources/sources/com/tsf/shell/f/d/d/b.java	sources/sources/com/tsf/shell/f/_d/d/b.java	historical_cb6244e2	97
sources/sources/com/tsf/shell/f/d/d/c.java	sources/sources/com/tsf/shell/f/_d/d/c.java	historical_cb6244e2	98
sources/sources/com/tsf/shell/f/d/d/d.java	sources/sources/com/tsf/shell/f/_d/d/d.java	historical_cb6244e2	98
sources/sources/com/tsf/shell/f/d/e/A.java	sources/sources/com/tsf/shell/f/_d/e/A.java	historical_cb6244e2	95
sources/sources/com/tsf/shell/f/d/e/a/a.java	sources/sources/com/tsf/shell/f/_d/e/a/a.java	historical_cb6244e2	78
sources/sources/com/tsf/shell/f/d/e/a/b.java	sources/sources/com/tsf/shell/f/_d/e/a/b.java	historical_cb6244e2	97
sources/sources/com/tsf/shell/f/d/e/b.java	sources/sources/com/tsf/shell/f/_d/e/b.java	historical_cb6244e2	62
sources/sources/com/tsf/shell/f/f/a/_d/a/a.java	sources/sources/com/tsf/shell/f/f/a/_d/_a/a.java	historical_cb6244e2	97
sources/sources/com/tsf/shell/f/f/a/_d/a/b.java	sources/sources/com/tsf/shell/f/f/a/_d/_a/b.java	historical_cb6244e2	96
sources/sources/com/tsf/shell/f/f/a/_d/a/c.java	sources/sources/com/tsf/shell/f/f/a/_d/_a/c.java	historical_cb6244e2	95
sources/sources/com/tsf/shell/f/f/a/_d/a/d.java	sources/sources/com/tsf/shell/f/f/a/_d/_a/d.java	historical_cb6244e2	92
sources/sources/com/tsf/shell/f/f/a/_d/a/e.java	sources/sources/com/tsf/shell/f/f/a/_d/_a/e.java	historical_cb6244e2	95
sources/sources/com/tsf/shell/f/f/a/_d/a/f.java	sources/sources/com/tsf/shell/f/f/a/_d/_a/f.java	historical_cb6244e2	95
sources/sources/com/tsf/shell/b.java	sources/sources/com/tsf/shell/B.java	historical_ed4f1148	100
sources/sources/com/tsf/shell/c.java	sources/sources/com/tsf/shell/C.java	historical_ed4f1148	95
sources/sources/com/tsf/shell/d.java	sources/sources/com/tsf/shell/D.java	historical_ed4f1148	86
sources/sources/com/tsf/shell/e.java	sources/sources/com/tsf/shell/E.java	historical_ed4f1148	100
sources/sources/com/tsf/shell/f.java	sources/sources/com/tsf/shell/F.java	historical_ed4f1148	100
sources/sources/com/tsf/shell/f/a.java	sources/sources/com/tsf/shell/f/A.java	historical_ed4f1148	100
sources/sources/com/tsf/shell/f/b.java	sources/sources/com/tsf/shell/f/B.java	historical_ed4f1148	96
sources/sources/com/tsf/shell/f/c.java	sources/sources/com/tsf/shell/f/C.java	historical_ed4f1148	100
sources/sources/com/tsf/shell/f/c/a.java	sources/sources/com/tsf/shell/f/c/A.java	historical_ed4f1148	100
sources/sources/com/tsf/shell/f/c/a/a.java	sources/sources/com/tsf/shell/f/c/a/A.java	historical_ed4f1148	99
sources/sources/com/tsf/shell/f/c/a/b.java	sources/sources/com/tsf/shell/f/c/a/B.java	historical_ed4f1148	89
sources/sources/com/tsf/shell/f/d/a.java	sources/sources/com/tsf/shell/f/d/A.java	historical_ed4f1148	69
sources/sources/com/tsf/shell/f/d/a/a.java	sources/sources/com/tsf/shell/f/d/a/A.java	historical_ed4f1148	100
sources/sources/com/tsf/shell/f/d/b/a.java	sources/sources/com/tsf/shell/f/d/b/A.java	historical_ed4f1148	93
sources/sources/com/tsf/shell/f/d/c/a.java	sources/sources/com/tsf/shell/f/d/c/A.java	historical_ed4f1148	90
sources/sources/com/tsf/shell/f/d/d/a.java	sources/sources/com/tsf/shell/f/d/d/A.java	historical_ed4f1148	100
sources/sources/com/tsf/shell/f/d/e/a.java	sources/sources/com/tsf/shell/f/d/e/A.java	historical_ed4f1148	98
sources/sources/com/tsf/shell/f/e/f.java	sources/sources/com/tsf/shell/f/e/F.java	historical_ed4f1148	55
sources/sources/com/tsf/shell/manager/a.java	sources/sources/com/tsf/shell/manager/A.java	historical_ed4f1148	95
sources/sources/com/tsf/shell/f/f/a/a/a/c.java	sources/sources/com/tsf/shell/f/f/a/_a/a/c.java	historical_65b6c080	87
sources/sources/com/tsf/shell/f/e/_e/e.java	sources/sources/com/tsf/shell/f/e/_e/WorkspaceRowItem.java	reconstruct	88
sources/sources/com/tsf/shell/f/e/_e/d.java	sources/sources/com/tsf/shell/f/e/_e/WorkspaceLayoutItem.java	reconstruct	88
sources/sources/com/tsf/shell/f/f/a/_b/k.java	sources/sources/com/tsf/shell/f/f/a/_b/DrawerTransitionBaseV2.java	reconstruct	89
sources/sources/com/tsf/shell/f/f/a/_b/i.java	sources/sources/com/tsf/shell/f/f/a/_b/DrawerScaleTransitionV2.java	reconstruct	88
sources/sources/com/tsf/shell/f/f/a/_b/c.java	sources/sources/com/tsf/shell/f/f/a/_b/DrawerSmoothTransitionV2.java	reconstruct	88
sources/sources/com/tsf/shell/f/f/a/_b/f.java	sources/sources/com/tsf/shell/f/f/a/_b/DrawerRotationYTransitionV2.java	reconstruct	87
sources/sources/com/tsf/shell/f/f/a/_b/g.java	sources/sources/com/tsf/shell/f/f/a/_b/DrawerRotationZTransitionV2.java	reconstruct	85
sources/sources/com/tsf/shell/f/f/a/_a/a/a.java	sources/sources/com/tsf/shell/f/f/a/_a/a/DrawerAppLayoutStrategy.java	reconstruct	73
sources/sources/com/tsf/shell/plugin/themepicker/indicator/t.java	sources/sources/com/tsf/shell/plugin/themepicker/indicator/ThemeIndicatorType.java	reconstruct	56
sources/sources/com/tsf/shell/a/a/A.java	sources/sources/com/tsf/shell/a/a/ShellAction.java	reconstruct	50
sources/sources/com/censivn/C3DEngine/b/f/a/	sources/sources/com/censivn/C3DEngine/b/f/sprite/	frida_runtime_mapping	99
sources/sources/com/censivn/C3DEngine/b/f/b/	sources/sources/com/censivn/C3DEngine/b/f/ninepatch/	frida_runtime_mapping	99
sources/sources/com/censivn/C3DEngine/c/a/a/	sources/sources/com/censivn/C3DEngine/c/a/spring/	frida_runtime_mapping	99
sources/sources/com/censivn/C3DEngine/b/g/_c/a/	sources/sources/com/censivn/C3DEngine/b/g/_c/orbit/	frida_runtime_mapping	99
