sources/sources/com/tsf/shell/c.java	sources/sources/com/tsf/shell/ShellBackgroundRenderer.java
sources/sources/com/tsf/shell/h.java	sources/sources/com/tsf/shell/ShellBitmapCache.java
sources/sources/com/tsf/shell/f.java	sources/sources/com/tsf/shell/ShellCleanupTask.java
sources/sources/com/tsf/shell/a.java	sources/sources/com/tsf/shell/ShellCoreInterface.java
sources/sources/com/tsf/shell/d.java	sources/sources/com/tsf/shell/ShellDataProvider.java
sources/sources/com/tsf/shell/b.java	sources/sources/com/tsf/shell/ShellEventData.java
sources/sources/com/tsf/shell/g.java	sources/sources/com/tsf/shell/ShellGraphicsContext.java
sources/sources/com/tsf/shell/i.java	sources/sources/com/tsf/shell/ShellPreferenceManager.java
sources/sources/com/tsf/shell/e.java	sources/sources/com/tsf/shell/ShellThemeProvider.java
sources/sources/com/tsf/shell/a/a/b.java	sources/sources/com/tsf/shell/_a/a/ShellPageManagerV2.java
sources/sources/com/tsf/shell/a/a/e.java	sources/sources/com/tsf/shell/a/a/ShellConfigEngine.java
sources/sources/com/tsf/shell/a/a/a.java	sources/sources/com/tsf/shell/a/a/ShellContentManager.java
sources/sources/com/tsf/shell/a/a/d.java	sources/sources/com/tsf/shell/a/a/ShellLayoutEngine.java
sources/sources/com/tsf/shell/a/a/c.java	sources/sources/com/tsf/shell/a/a/ShellThemeEngine.java
sources/sources/com/tsf/shell/a/b/a.java	sources/sources/com/tsf/shell/a/b/ShellGestureHandler.java
sources/sources/com/tsf/shell/activity/a/a.java	sources/sources/com/tsf/shell/activity/a/ShellActivityCallback.java
sources/sources/com/tsf/shell/activity/actionselector/a.java	sources/sources/com/tsf/shell/activity/actionselector/ActionSelectorAdapter.java
sources/sources/com/tsf/shell/activity/actionselector/b.java	sources/sources/com/tsf/shell/activity/actionselector/ActionSelectorCallback.java
sources/sources/com/tsf/shell/activity/b/a.java	sources/sources/com/tsf/shell/activity/b/ShellActivityHelper.java
sources/sources/com/tsf/shell/b/a.java	sources/sources/com/tsf/shell/b/ShellBridge.java
sources/sources/com/tsf/shell/c/a/a.java	sources/sources/com/tsf/shell/c/a/ShellBridgeManager.java
sources/sources/com/tsf/shell/component/a.java	sources/sources/com/tsf/shell/component/ShellComponentInfo.java
sources/sources/com/tsf/shell/d/b.java	sources/sources/com/tsf/shell/d/ShellDataHandler.java
sources/sources/com/tsf/shell/d/a.java	sources/sources/com/tsf/shell/d/ShellDataParser.java
sources/sources/com/tsf/shell/e/d.java	sources/sources/com/tsf/shell/e/CellLayout.java
sources/sources/com/tsf/shell/e/e.java	sources/sources/com/tsf/shell/e/DragLayer.java
sources/sources/com/tsf/shell/e/a.java	sources/sources/com/tsf/shell/e/TSFAppWidgetHost.java
sources/sources/com/tsf/shell/e/c.java	sources/sources/com/tsf/shell/e/TSFAppWidgetHostView.java
sources/sources/com/tsf/shell/e/b.java	sources/sources/com/tsf/shell/e/WidgetContainer.java
sources/sources/com/tsf/shell/e/f.java	sources/sources/com/tsf/shell/e/Workspace3D.java
sources/sources/com/tsf/shell/f/c.java	sources/sources/com/tsf/shell/f/DrawerItemPool.java
sources/sources/com/tsf/shell/f/a.java	sources/sources/com/tsf/shell/f/ProgressDialogHelper.java
sources/sources/com/tsf/shell/f/d.java	sources/sources/com/tsf/shell/f/ShellSurfaceConfig.java
sources/sources/com/tsf/shell/f/b.java	sources/sources/com/tsf/shell/f/TextureElementPool.java
sources/sources/com/tsf/shell/f/d/a.java	sources/sources/com/tsf/shell/f/_d/DashPanelController.java
sources/sources/com/tsf/shell/f/d/a/a.java	sources/sources/com/tsf/shell/f/_d/a/DashElementBase.java
sources/sources/com/tsf/shell/f/d/a/b.java	sources/sources/com/tsf/shell/f/_d/a/DashElementInfo.java
sources/sources/com/tsf/shell/f/d/a/c.java	sources/sources/com/tsf/shell/f/_d/a/DashElementState.java
sources/sources/com/tsf/shell/f/d/a/a/a.java	sources/sources/com/tsf/shell/f/_d/a/a/DashButtonA.java
sources/sources/com/tsf/shell/f/d/a/a/b.java	sources/sources/com/tsf/shell/f/_d/a/a/DashButtonB.java
sources/sources/com/tsf/shell/f/d/a/a/c.java	sources/sources/com/tsf/shell/f/_d/a/a/DashButtonC.java
sources/sources/com/tsf/shell/f/d/a/a/d.java	sources/sources/com/tsf/shell/f/_d/a/a/DashButtonD.java
sources/sources/com/tsf/shell/f/d/a/a/e.java	sources/sources/com/tsf/shell/f/_d/a/a/DashButtonE.java
sources/sources/com/tsf/shell/f/d/a/a/f.java	sources/sources/com/tsf/shell/f/_d/a/a/DashButtonF.java
sources/sources/com/tsf/shell/f/d/a/a/g.java	sources/sources/com/tsf/shell/f/_d/a/a/DashButtonG.java
sources/sources/com/tsf/shell/f/d/a/a/h.java	sources/sources/com/tsf/shell/f/_d/a/a/DashButtonH.java
sources/sources/com/tsf/shell/f/d/b/a.java	sources/sources/com/tsf/shell/f/_d/b/DashItemConfigurator.java
sources/sources/com/tsf/shell/f/d/b/a/a.java	sources/sources/com/tsf/shell/f/_d/b/a/DashItemA.java
sources/sources/com/tsf/shell/f/d/b/a/c.java	sources/sources/com/tsf/shell/f/_d/b/a/DashItemC.java
sources/sources/com/tsf/shell/f/d/b/a/b.java	sources/sources/com/tsf/shell/f/_d/b/a/DashItemContainer.java
sources/sources/com/tsf/shell/f/d/b/a/d.java	sources/sources/com/tsf/shell/f/_d/b/a/DashItemD.java
sources/sources/com/tsf/shell/f/d/b/a/e.java	sources/sources/com/tsf/shell/f/_d/b/a/DashItemE.java
sources/sources/com/tsf/shell/f/d/b/a/f.java	sources/sources/com/tsf/shell/f/_d/b/a/DashItemF.java
sources/sources/com/tsf/shell/f/d/c/a.java	sources/sources/com/tsf/shell/f/_d/c/DashLayoutBase.java
sources/sources/com/tsf/shell/f/d/c/a/a.java	sources/sources/com/tsf/shell/f/_d/c/a/DashLayoutA.java
sources/sources/com/tsf/shell/f/d/c/a/b.java	sources/sources/com/tsf/shell/f/_d/c/a/DashLayoutB.java
sources/sources/com/tsf/shell/f/d/c/a/d.java	sources/sources/com/tsf/shell/f/_d/c/a/DashLayoutContainer.java
sources/sources/com/tsf/shell/f/d/c/a/e.java	sources/sources/com/tsf/shell/f/_d/c/a/DashLayoutE.java
sources/sources/com/tsf/shell/f/d/c/a/c.java	sources/sources/com/tsf/shell/f/_d/c/a/DashLayoutListener.java
sources/sources/com/tsf/shell/f/d/d/a.java	sources/sources/com/tsf/shell/f/_d/d/DashAnimationBase.java
sources/sources/com/tsf/shell/f/d/d/b.java	sources/sources/com/tsf/shell/f/_d/d/DashAnimationConfig.java
sources/sources/com/tsf/shell/f/d/d/d.java	sources/sources/com/tsf/shell/f/_d/d/DashAnimationData.java
sources/sources/com/tsf/shell/f/d/d/c.java	sources/sources/com/tsf/shell/f/_d/d/DashAnimationPool.java
sources/sources/com/tsf/shell/f/d/d/a/a.java	sources/sources/com/tsf/shell/f/_d/d/a/DashEffectCallback.java
sources/sources/com/tsf/shell/f/d/d/a/c.java	sources/sources/com/tsf/shell/f/_d/d/a/DashEffectHandler.java
sources/sources/com/tsf/shell/f/d/d/a/b.java	sources/sources/com/tsf/shell/f/_d/d/a/DashEffectRenderer.java
sources/sources/com/tsf/shell/f/d/e/a.java	sources/sources/com/tsf/shell/f/_d/e/DashRendererBase.java
sources/sources/com/tsf/shell/f/d/e/b.java	sources/sources/com/tsf/shell/f/_d/e/DashRendererConfig.java
sources/sources/com/tsf/shell/f/d/e/a/b.java	sources/sources/com/tsf/shell/f/_d/e/a/DashEffectData.java
sources/sources/com/tsf/shell/f/d/e/a/a.java	sources/sources/com/tsf/shell/f/_d/e/a/DashEffectParams.java
sources/sources/com/tsf/shell/f/a/a/b.java	sources/sources/com/tsf/shell/f/a/a/GlTexturePool.java
sources/sources/com/tsf/shell/f/a/b/b.java	sources/sources/com/tsf/shell/f/a/b/ShaderSlotElement.java
sources/sources/com/tsf/shell/f/a/b/a.java	sources/sources/com/tsf/shell/f/a/b/ShaderSlotManager.java
sources/sources/com/tsf/shell/f/b/a.java	sources/sources/com/tsf/shell/f/b/ShellKeyEventHandler.java
sources/sources/com/tsf/shell/f/c/a.java	sources/sources/com/tsf/shell/f/c/DrawerPanelController.java
sources/sources/com/tsf/shell/f/c/a/h.java	sources/sources/com/tsf/shell/f/c/a/DrawerConfig.java
sources/sources/com/tsf/shell/f/c/a/f.java	sources/sources/com/tsf/shell/f/c/a/DrawerContentPanel.java
sources/sources/com/tsf/shell/f/c/a/e.java	sources/sources/com/tsf/shell/f/c/a/DrawerEditPanel.java
sources/sources/com/tsf/shell/f/c/a/c.java	sources/sources/com/tsf/shell/f/c/a/DrawerItemView.java
sources/sources/com/tsf/shell/f/c/a/b.java	sources/sources/com/tsf/shell/f/c/a/DrawerMenuPanel.java
sources/sources/com/tsf/shell/f/c/a/g.java	sources/sources/com/tsf/shell/f/c/a/DrawerSettingsItem.java
sources/sources/com/tsf/shell/f/c/a/d.java	sources/sources/com/tsf/shell/f/c/a/DrawerState.java
sources/sources/com/tsf/shell/f/c/a/a.java	sources/sources/com/tsf/shell/f/c/a/DrawerTouchHandler.java
sources/sources/com/tsf/shell/f/c/a/a/a.java	sources/sources/com/tsf/shell/f/c/a/a/DrawerAnimConfig.java
sources/sources/com/tsf/shell/f/c/a/a/i.java	sources/sources/com/tsf/shell/f/c/a/a/DrawerAnimParamBase.java
sources/sources/com/tsf/shell/f/c/a/a/b.java	sources/sources/com/tsf/shell/f/c/a/a/DrawerAnimParamBottom.java
sources/sources/com/tsf/shell/f/c/a/a/e.java	sources/sources/com/tsf/shell/f/c/a/a/DrawerAnimParamCenter.java
sources/sources/com/tsf/shell/f/c/a/a/h.java	sources/sources/com/tsf/shell/f/c/a/a/DrawerAnimParamCorner.java
sources/sources/com/tsf/shell/f/c/a/a/g.java	sources/sources/com/tsf/shell/f/c/a/a/DrawerAnimParamEdge.java
sources/sources/com/tsf/shell/f/c/a/a/d.java	sources/sources/com/tsf/shell/f/c/a/a/DrawerAnimParamLeft.java
sources/sources/com/tsf/shell/f/c/a/a/f.java	sources/sources/com/tsf/shell/f/c/a/a/DrawerAnimParamRight.java
sources/sources/com/tsf/shell/f/c/a/a/c.java	sources/sources/com/tsf/shell/f/c/a/a/DrawerAnimParamTop.java
sources/sources/com/tsf/shell/f/c/a/b/a.java	sources/sources/com/tsf/shell/f/c/a/b/DrawerMenuParams.java
sources/sources/com/tsf/shell/f/c/b/d.java	sources/sources/com/tsf/shell/f/c/b/DrawerItemLayout.java
sources/sources/com/tsf/shell/f/c/b/c.java	sources/sources/com/tsf/shell/f/c/b/DrawerSettingsBase.java
sources/sources/com/tsf/shell/f/c/b/f.java	sources/sources/com/tsf/shell/f/c/b/DrawerSettingsConfig.java
sources/sources/com/tsf/shell/f/c/b/b.java	sources/sources/com/tsf/shell/f/c/b/DrawerSettingsData.java
sources/sources/com/tsf/shell/f/c/b/a.java	sources/sources/com/tsf/shell/f/c/b/DrawerSettingsItemType.java
sources/sources/com/tsf/shell/f/c/b/e.java	sources/sources/com/tsf/shell/f/c/b/DrawerSettingsPanel.java
sources/sources/com/tsf/shell/f/c/b/a/b.java	sources/sources/com/tsf/shell/f/c/b/a/DrawerSettingsResult.java
sources/sources/com/tsf/shell/f/c/b/a/a.java	sources/sources/com/tsf/shell/f/c/b/a/IDrawerSettingsCallback.java
sources/sources/com/tsf/shell/f/e/g.java	sources/sources/com/tsf/shell/f/e/AlignmentBackKeyHandler.java
sources/sources/com/tsf/shell/f/e/a.java	sources/sources/com/tsf/shell/f/e/AlignmentOverlay.java
sources/sources/com/tsf/shell/f/e/q.java	sources/sources/com/tsf/shell/f/e/AlignmentResizeListener.java
sources/sources/com/tsf/shell/f/e/k.java	sources/sources/com/tsf/shell/f/e/CircleDotNode.java
sources/sources/com/tsf/shell/f/e/m.java	sources/sources/com/tsf/shell/f/e/ILassoSelectable.java
sources/sources/com/tsf/shell/f/e/e.java	sources/sources/com/tsf/shell/f/e/ItemTrailContainer.java
sources/sources/com/tsf/shell/f/e/n.java	sources/sources/com/tsf/shell/f/e/LassoContextMenu.java
sources/sources/com/tsf/shell/f/e/h.java	sources/sources/com/tsf/shell/f/e/LassoSelectionHandler.java
sources/sources/com/tsf/shell/f/e/o.java	sources/sources/com/tsf/shell/f/e/MenuBitmapRenderer.java
sources/sources/com/tsf/shell/f/e/d.java	sources/sources/com/tsf/shell/f/e/ObjectPool.java
sources/sources/com/tsf/shell/f/e/j.java	sources/sources/com/tsf/shell/f/e/PageIndicatorStrip.java
sources/sources/com/tsf/shell/f/e/r.java	sources/sources/com/tsf/shell/f/e/PageNumberBadge.java
sources/sources/com/tsf/shell/f/e/i.java	sources/sources/com/tsf/shell/f/e/SelectionFrame.java
sources/sources/com/tsf/shell/f/e/c.java	sources/sources/com/tsf/shell/f/e/SpringEasing.java
sources/sources/com/tsf/shell/f/e/p.java	sources/sources/com/tsf/shell/f/e/StubPlaceholder.java
sources/sources/com/tsf/shell/f/e/l.java	sources/sources/com/tsf/shell/f/e/ToggleRowItem.java
sources/sources/com/tsf/shell/f/e/t.java	sources/sources/com/tsf/shell/f/e/WidgetFreeResizeController.java
sources/sources/com/tsf/shell/f/e/s.java	sources/sources/com/tsf/shell/f/e/WidgetMatchResizeController.java
sources/sources/com/tsf/shell/f/e/b.java	sources/sources/com/tsf/shell/f/e/WidgetResizeResources.java
sources/sources/com/tsf/shell/f/e/a/a.java	sources/sources/com/tsf/shell/f/e/_a/DropTarget.java
sources/sources/com/tsf/shell/f/e/b/a.java	sources/sources/com/tsf/shell/f/e/_b/OverlayBackground.java
sources/sources/com/tsf/shell/f/e/d/a/a.java	sources/sources/com/tsf/shell/f/e/_d/a/DropIndicatorContainer.java
sources/sources/com/tsf/shell/f/e/d/a/c.java	sources/sources/com/tsf/shell/f/e/_d/a/DropIndicatorState.java
sources/sources/com/tsf/shell/f/e/f/a.java	sources/sources/com/tsf/shell/f/e/_f/WorkspaceEditor.java
sources/sources/com/tsf/shell/f/e/g/a.java	sources/sources/com/tsf/shell/f/e/_g/MenuClassButton.java
sources/sources/com/tsf/shell/f/e/g/b.java	sources/sources/com/tsf/shell/f/e/_g/MenuContainer.java
sources/sources/com/tsf/shell/f/e/g/e.java	sources/sources/com/tsf/shell/f/e/_g/MenuExpandItem.java
sources/sources/com/tsf/shell/f/e/g/c.java	sources/sources/com/tsf/shell/f/e/_g/MenuItemHeader.java
sources/sources/com/tsf/shell/f/e/g/d.java	sources/sources/com/tsf/shell/f/e/_g/MenuOverlay.java
sources/sources/com/tsf/shell/f/e/g/a/a.java	sources/sources/com/tsf/shell/f/e/_g/a/MenuActionHandler.java
sources/sources/com/tsf/shell/f/e/g/a/b.java	sources/sources/com/tsf/shell/f/e/_g/a/MenuActionItem.java
sources/sources/com/tsf/shell/f/e/g/a/c.java	sources/sources/com/tsf/shell/f/e/_g/a/MenuItemBase.java
sources/sources/com/tsf/shell/f/e/g/a/d.java	sources/sources/com/tsf/shell/f/e/_g/a/MenuItemConfig.java
sources/sources/com/tsf/shell/f/e/a/b.java	sources/sources/com/tsf/shell/f/e/a/AlignmentBackHandler.java
sources/sources/com/tsf/shell/f/e/a/c.java	sources/sources/com/tsf/shell/f/e/a/AlignmentEngine.java
sources/sources/com/tsf/shell/f/e/a/d.java	sources/sources/com/tsf/shell/f/e/a/AlignmentResizeHandler.java
sources/sources/com/tsf/shell/f/e/b/b.java	sources/sources/com/tsf/shell/f/e/b/ResizeConfig.java
sources/sources/com/tsf/shell/f/e/b/d.java	sources/sources/com/tsf/shell/f/e/b/ResizeConstants.java
sources/sources/com/tsf/shell/f/e/b/f.java	sources/sources/com/tsf/shell/f/e/b/ResizeShader.java
sources/sources/com/tsf/shell/f/e/b/c.java	sources/sources/com/tsf/shell/f/e/b/ResizeState.java
sources/sources/com/tsf/shell/f/e/b/e.java	sources/sources/com/tsf/shell/f/e/b/ResizeTextureManager.java
sources/sources/com/tsf/shell/f/e/c/a.java	sources/sources/com/tsf/shell/f/e/c/AnimationNode.java
sources/sources/com/tsf/shell/f/e/c/b.java	sources/sources/com/tsf/shell/f/e/c/MeshRenderer.java
sources/sources/com/tsf/shell/f/e/c/a/b.java	sources/sources/com/tsf/shell/f/e/c/a/PageContainer.java
sources/sources/com/tsf/shell/f/e/c/a/a.java	sources/sources/com/tsf/shell/f/e/c/a/PageFrame.java
sources/sources/com/tsf/shell/f/e/c/a/d.java	sources/sources/com/tsf/shell/f/e/c/a/PageScrollState.java
sources/sources/com/tsf/shell/f/e/c/a/c.java	sources/sources/com/tsf/shell/f/e/c/a/ScrollManager.java
sources/sources/com/tsf/shell/f/e/c/a/e.java	sources/sources/com/tsf/shell/f/e/c/a/ScrollOffset.java
sources/sources/com/tsf/shell/f/e/d/a/d.java	sources/sources/com/tsf/shell/f/e/d/a/DropIndicatorConfig.java
sources/sources/com/tsf/shell/f/e/d/a/b.java	sources/sources/com/tsf/shell/f/e/d/a/DropIndicatorRenderer.java
sources/sources/com/tsf/shell/f/e/e/c.java	sources/sources/com/tsf/shell/f/e/e/ItemAnimationController.java
sources/sources/com/tsf/shell/f/e/e/f.java	sources/sources/com/tsf/shell/f/e/e/ItemCleanupTask.java
sources/sources/com/tsf/shell/f/e/e/b.java	sources/sources/com/tsf/shell/f/e/e/ItemContainerNode.java
sources/sources/com/tsf/shell/f/e/e/a.java	sources/sources/com/tsf/shell/f/e/e/ItemNode.java
sources/sources/com/tsf/shell/f/e/f/b.java	sources/sources/com/tsf/shell/f/e/f/EditModeNode.java
sources/sources/com/tsf/shell/f/e/h/b.java	sources/sources/com/tsf/shell/f/e/h/IconEditorConfig.java
sources/sources/com/tsf/shell/f/e/h/a.java	sources/sources/com/tsf/shell/f/e/h/PhotoPicker.java
sources/sources/com/tsf/shell/f/e/i/b.java	sources/sources/com/tsf/shell/f/e/i/GridLayoutData.java
sources/sources/com/tsf/shell/f/e/i/a.java	sources/sources/com/tsf/shell/f/e/i/GridLayoutNode.java
sources/sources/com/tsf/shell/f/e/i/d.java	sources/sources/com/tsf/shell/f/e/i/GridLayoutParams.java
sources/sources/com/tsf/shell/f/e/i/c.java	sources/sources/com/tsf/shell/f/e/i/GridLayoutRenderer.java
sources/sources/com/tsf/shell/f/f/i.java	sources/sources/com/tsf/shell/f/f/ItemPageTransition.java
sources/sources/com/tsf/shell/f/f/d.java	sources/sources/com/tsf/shell/f/f/ItemTransitionManager.java
sources/sources/com/tsf/shell/f/f/j.java	sources/sources/com/tsf/shell/f/f/PageAnimationState.java
sources/sources/com/tsf/shell/f/f/h.java	sources/sources/com/tsf/shell/f/f/PageConfig.java
sources/sources/com/tsf/shell/f/f/k.java	sources/sources/com/tsf/shell/f/f/PageContentType.java
sources/sources/com/tsf/shell/f/f/o.java	sources/sources/com/tsf/shell/f/f/PageEventDispatcher.java
sources/sources/com/tsf/shell/f/f/b.java	sources/sources/com/tsf/shell/f/f/PageRenderBuffer.java
sources/sources/com/tsf/shell/f/f/a.java	sources/sources/com/tsf/shell/f/f/PageShaderNode.java
sources/sources/com/tsf/shell/f/f/n.java	sources/sources/com/tsf/shell/f/f/PageTouchHandler.java
sources/sources/com/tsf/shell/f/f/l.java	sources/sources/com/tsf/shell/f/f/PageTransitionEffect.java
sources/sources/com/tsf/shell/f/f/e.java	sources/sources/com/tsf/shell/f/f/TransitionConfig.java
sources/sources/com/tsf/shell/f/f/c.java	sources/sources/com/tsf/shell/f/f/TransitionManager.java
sources/sources/com/tsf/shell/f/f/f.java	sources/sources/com/tsf/shell/f/f/TransitionRenderer.java
sources/sources/com/tsf/shell/f/f/g.java	sources/sources/com/tsf/shell/f/f/WorkspacePage.java
sources/sources/com/tsf/shell/f/f/a/d.java	sources/sources/com/tsf/shell/f/f/a/AppClassifier.java
sources/sources/com/tsf/shell/f/f/a/e.java	sources/sources/com/tsf/shell/f/f/a/DragOverlayElement.java
sources/sources/com/tsf/shell/f/f/a/h.java	sources/sources/com/tsf/shell/f/f/a/FolderPage.java
sources/sources/com/tsf/shell/f/f/a/g.java	sources/sources/com/tsf/shell/f/f/a/FolderRenameDialog.java
sources/sources/com/tsf/shell/f/f/a/a.java	sources/sources/com/tsf/shell/f/f/a/PageContainerBase.java
sources/sources/com/tsf/shell/f/f/a/c.java	sources/sources/com/tsf/shell/f/f/a/PageContainerView.java
sources/sources/com/tsf/shell/f/f/a/f.java	sources/sources/com/tsf/shell/f/f/a/PageGridRenderer.java
sources/sources/com/tsf/shell/f/f/a/b.java	sources/sources/com/tsf/shell/f/f/a/PageItemList.java
sources/sources/com/tsf/shell/f/f/a/a/d.java	sources/sources/com/tsf/shell/f/f/a/_a/DrawerDragEffectController.java
sources/sources/com/tsf/shell/f/f/a/a/f.java	sources/sources/com/tsf/shell/f/f/a/_a/DrawerItemAnimationManager.java
sources/sources/com/tsf/shell/f/f/a/a/c.java	sources/sources/com/tsf/shell/f/f/a/_a/DrawerItemContainer.java
sources/sources/com/tsf/shell/f/f/a/a/a.java	sources/sources/com/tsf/shell/f/f/a/_a/DrawerItemDragController.java
sources/sources/com/tsf/shell/f/f/a/a/b.java	sources/sources/com/tsf/shell/f/f/a/_a/DrawerSectionManager.java
sources/sources/com/tsf/shell/f/f/a/a/e.java	sources/sources/com/tsf/shell/f/f/a/_a/DrawerVisualFrame.java
sources/sources/com/tsf/shell/f/f/a/a/a/a.java	sources/sources/com/tsf/shell/f/f/a/_a/a/DrawerAppLayoutStrategy.java
sources/sources/com/tsf/shell/f/f/a/a/a/b.java	sources/sources/com/tsf/shell/f/f/a/_a/a/DrawerWidgetLayoutStrategy.java
sources/sources/com/tsf/shell/f/f/a/a/b/b.java	sources/sources/com/tsf/shell/f/f/a/_a/b/DrawerBaseElement.java
sources/sources/com/tsf/shell/f/f/a/a/b/a.java	sources/sources/com/tsf/shell/f/f/a/_a/b/DrawerButtonElement.java
sources/sources/com/tsf/shell/f/f/a/a/b/c.java	sources/sources/com/tsf/shell/f/f/a/_a/b/DrawerProgressBar.java
sources/sources/com/tsf/shell/f/f/a/c/j.java	sources/sources/com/tsf/shell/f/f/a/_c/DrawerLabelConfig.java
sources/sources/com/tsf/shell/f/f/a/c/k.java	sources/sources/com/tsf/shell/f/f/a/_c/DrawerSettingsPage.java
sources/sources/com/tsf/shell/f/f/a/c/a.java	sources/sources/com/tsf/shell/f/f/a/_c/DrawerShortcutTouchHandler.java
sources/sources/com/tsf/shell/f/f/a/c/l.java	sources/sources/com/tsf/shell/f/f/a/_c/DrawerSpringPhysics.java
sources/sources/com/tsf/shell/f/f/a/b/a.java	sources/sources/com/tsf/shell/f/f/a/b/DrawerBottleTransition.java
sources/sources/com/tsf/shell/f/f/a/b/b.java	sources/sources/com/tsf/shell/f/f/a/b/DrawerCylinderTransition.java
sources/sources/com/tsf/shell/f/f/a/b/d.java	sources/sources/com/tsf/shell/f/f/a/b/DrawerExtrusionTransition.java
sources/sources/com/tsf/shell/f/f/a/b/e.java	sources/sources/com/tsf/shell/f/f/a/b/DrawerRandomTransition.java
sources/sources/com/tsf/shell/f/f/a/b/g.java	sources/sources/com/tsf/shell/f/f/a/b/DrawerRotationZTransition.java
sources/sources/com/tsf/shell/f/f/a/b/j.java	sources/sources/com/tsf/shell/f/f/a/b/DrawerSphereTransition.java
sources/sources/com/tsf/shell/f/f/a/b/k.java	sources/sources/com/tsf/shell/f/f/a/b/DrawerTransitionBase.java
sources/sources/com/tsf/shell/f/f/a/b/m.java	sources/sources/com/tsf/shell/f/f/a/b/DrawerTransitionBase3D.java
sources/sources/com/tsf/shell/f/f/a/b/l.java	sources/sources/com/tsf/shell/f/f/a/b/DrawerTransitionManager.java
sources/sources/com/tsf/shell/f/f/a/b/h.java	sources/sources/com/tsf/shell/f/f/a/b/DrawerTriangularTransition.java
sources/sources/com/tsf/shell/f/f/a/c/d.java	sources/sources/com/tsf/shell/f/f/a/c/FolderAppMenu.java
sources/sources/com/tsf/shell/f/f/a/c/c.java	sources/sources/com/tsf/shell/f/f/a/c/FolderContentList.java
sources/sources/com/tsf/shell/f/f/a/c/g.java	sources/sources/com/tsf/shell/f/f/a/c/FolderCountdownBadge.java
sources/sources/com/tsf/shell/f/f/a/c/e.java	sources/sources/com/tsf/shell/f/f/a/c/FolderLabelElement.java
sources/sources/com/tsf/shell/f/f/a/c/m.java	sources/sources/com/tsf/shell/f/f/a/c/FolderMultiWidgetPage.java
sources/sources/com/tsf/shell/f/f/a/c/i.java	sources/sources/com/tsf/shell/f/f/a/c/FolderPageItemBase.java
sources/sources/com/tsf/shell/f/f/a/c/f.java	sources/sources/com/tsf/shell/f/f/a/c/FolderShortcutGrid.java
sources/sources/com/tsf/shell/f/f/a/c/b.java	sources/sources/com/tsf/shell/f/f/a/c/FolderWidgetTouchHandler.java
sources/sources/com/tsf/shell/f/f/a/c/a/a.java	sources/sources/com/tsf/shell/f/f/a/c/_a/FolderIconLoader.java
sources/sources/com/tsf/shell/f/f/a/c/a/b.java	sources/sources/com/tsf/shell/f/f/a/c/_a/FolderIndicatorDot.java
sources/sources/com/tsf/shell/f/f/a/d/a.java	sources/sources/com/tsf/shell/f/f/a/d/DrawerSortManager.java
sources/sources/com/tsf/shell/f/f/a/d/a/a.java	sources/sources/com/tsf/shell/f/f/a/d/a/DrawerAlphabeticalSort.java
sources/sources/com/tsf/shell/f/f/a/d/a/e.java	sources/sources/com/tsf/shell/f/f/a/d/a/DrawerEarliestSort.java
sources/sources/com/tsf/shell/f/f/a/d/a/d.java	sources/sources/com/tsf/shell/f/f/a/d/a/DrawerIndexSort.java
sources/sources/com/tsf/shell/f/f/a/d/a/f.java	sources/sources/com/tsf/shell/f/f/a/d/a/DrawerLatestSort.java
sources/sources/com/tsf/shell/f/f/a/d/a/b.java	sources/sources/com/tsf/shell/f/f/a/d/a/DrawerNameSort.java
sources/sources/com/tsf/shell/f/f/a/d/a/c.java	sources/sources/com/tsf/shell/f/f/a/d/a/DrawerSortBase.java
sources/sources/com/tsf/shell/f/f/b/a.java	sources/sources/com/tsf/shell/f/f/b/ClothTransition.java
sources/sources/com/tsf/shell/f/f/b/b.java	sources/sources/com/tsf/shell/f/f/b/CrossfadeTransition.java
sources/sources/com/tsf/shell/f/f/b/c.java	sources/sources/com/tsf/shell/f/f/b/CubeInsideTransition.java
sources/sources/com/tsf/shell/f/f/b/d.java	sources/sources/com/tsf/shell/f/f/b/CubeOutsideTransition.java
sources/sources/com/tsf/shell/f/f/b/e.java	sources/sources/com/tsf/shell/f/f/b/CurveTransition.java
sources/sources/com/tsf/shell/f/f/b/f.java	sources/sources/com/tsf/shell/f/f/b/CylinderTransition.java
sources/sources/com/tsf/shell/f/f/b/g.java	sources/sources/com/tsf/shell/f/f/b/FlipTransition.java
sources/sources/com/tsf/shell/f/f/b/h.java	sources/sources/com/tsf/shell/f/f/b/FlyInTransition.java
sources/sources/com/tsf/shell/f/f/b/i.java	sources/sources/com/tsf/shell/f/f/b/FoldPageTransition.java
sources/sources/com/tsf/shell/f/f/b/j.java	sources/sources/com/tsf/shell/f/f/b/HorizontalFlipTransition.java
sources/sources/com/tsf/shell/f/f/b/k.java	sources/sources/com/tsf/shell/f/f/b/PageTurnTransition.java
sources/sources/com/tsf/shell/f/f/b/l.java	sources/sources/com/tsf/shell/f/f/b/RollTransition.java
sources/sources/com/tsf/shell/f/f/b/m.java	sources/sources/com/tsf/shell/f/f/b/ScaleInOutTransition.java
sources/sources/com/tsf/shell/f/f/b/o.java	sources/sources/com/tsf/shell/f/f/b/SlopeInsideTransition.java
sources/sources/com/tsf/shell/f/f/b/p.java	sources/sources/com/tsf/shell/f/f/b/SlopeOutsideTransition.java
sources/sources/com/tsf/shell/f/f/b/r.java	sources/sources/com/tsf/shell/f/f/b/SmoothTransition.java
sources/sources/com/tsf/shell/f/f/b/q.java	sources/sources/com/tsf/shell/f/f/b/StackTransition.java
sources/sources/com/tsf/shell/f/f/b/s.java	sources/sources/com/tsf/shell/f/f/b/WaveTransition.java
sources/sources/com/tsf/shell/f/f/b/n.java	sources/sources/com/tsf/shell/f/f/b/WaveZoomOutTransition.java
sources/sources/com/tsf/shell/f/f/b/t.java	sources/sources/com/tsf/shell/f/f/b/WindmillTransition.java
sources/sources/com/tsf/shell/f/f/b/a/d.java	sources/sources/com/tsf/shell/f/f/b/a/FolderPageTransitionBase.java
sources/sources/com/tsf/shell/f/f/b/a/a.java	sources/sources/com/tsf/shell/f/f/b/a/FolderTransitionA.java
sources/sources/com/tsf/shell/f/f/b/a/b.java	sources/sources/com/tsf/shell/f/f/b/a/FolderTransitionB.java
sources/sources/com/tsf/shell/f/f/b/a/c.java	sources/sources/com/tsf/shell/f/f/b/a/FolderTransitionC.java
sources/sources/com/tsf/shell/f/f/b/a/e.java	sources/sources/com/tsf/shell/f/f/b/a/FolderTransitionE.java
sources/sources/com/tsf/shell/f/f/b/a/f.java	sources/sources/com/tsf/shell/f/f/b/a/FolderTransitionF.java
sources/sources/com/tsf/shell/f/f/c/a.java	sources/sources/com/tsf/shell/f/f/c/WorkspaceShortcutTouchHandler.java
sources/sources/com/tsf/shell/f/f/d/a.java	sources/sources/com/tsf/shell/f/f/d/ScrollStateAggregator.java
sources/sources/com/tsf/shell/f/f/d/a/a.java	sources/sources/com/tsf/shell/f/f/d/a/ScrollBounceAnimation.java
sources/sources/com/tsf/shell/f/f/d/a/b.java	sources/sources/com/tsf/shell/f/f/d/a/ScrollBounceHandler.java
sources/sources/com/tsf/shell/f/g/a/a.java	sources/sources/com/tsf/shell/f/g/a/GestureMenuBlankItem.java
sources/sources/com/tsf/shell/f/g/a/d.java	sources/sources/com/tsf/shell/f/g/a/GestureMenuDrawerItem.java
sources/sources/com/tsf/shell/f/g/a/e.java	sources/sources/com/tsf/shell/f/g/a/GestureMenuEffectItem.java
sources/sources/com/tsf/shell/f/g/a/c.java	sources/sources/com/tsf/shell/f/g/a/GestureMenuItemAction.java
sources/sources/com/tsf/shell/f/g/a/f.java	sources/sources/com/tsf/shell/f/g/a/GestureMenuMarkItem.java
sources/sources/com/tsf/shell/f/g/a/b.java	sources/sources/com/tsf/shell/f/g/a/GestureMenuOverlay.java
sources/sources/com/tsf/shell/f/g/a/h.java	sources/sources/com/tsf/shell/f/g/a/GestureMenuRenderer.java
sources/sources/com/tsf/shell/f/g/a/g.java	sources/sources/com/tsf/shell/f/g/a/GestureMenuTextItem.java
sources/sources/com/tsf/shell/f/h/e.java	sources/sources/com/tsf/shell/f/h/DockOperationBorder.java
sources/sources/com/tsf/shell/f/h/a.java	sources/sources/com/tsf/shell/f/h/WorkspaceContainer.java
sources/sources/com/tsf/shell/f/h/c.java	sources/sources/com/tsf/shell/f/h/WorkspaceDockPanel.java
sources/sources/com/tsf/shell/f/h/b.java	sources/sources/com/tsf/shell/f/h/WorkspaceStateController.java
sources/sources/com/tsf/shell/f/h/d.java	sources/sources/com/tsf/shell/f/h/WorkspaceTouchController.java
sources/sources/com/tsf/shell/f/h/f.java	sources/sources/com/tsf/shell/f/h/WorkspaceWidgetPanel.java
sources/sources/com/tsf/shell/f/h/a/b.java	sources/sources/com/tsf/shell/f/h/a/ScenePositionConfig.java
sources/sources/com/tsf/shell/f/h/a/c.java	sources/sources/com/tsf/shell/f/h/a/WorkspacePreviewNode.java
sources/sources/com/tsf/shell/f/h/a/a.java	sources/sources/com/tsf/shell/f/h/a/WorkspaceSceneNode.java
sources/sources/com/tsf/shell/f/h/a/a/c.java	sources/sources/com/tsf/shell/f/h/a/a/SceneElementBase.java
sources/sources/com/tsf/shell/f/h/a/a/f.java	sources/sources/com/tsf/shell/f/h/a/a/SceneElementConfig.java
sources/sources/com/tsf/shell/f/h/a/a/e.java	sources/sources/com/tsf/shell/f/h/a/a/SceneElementHandler.java
sources/sources/com/tsf/shell/f/h/a/a/d.java	sources/sources/com/tsf/shell/f/h/a/a/SceneElementRenderer.java
sources/sources/com/tsf/shell/f/h/a/a/b.java	sources/sources/com/tsf/shell/f/h/a/a/SceneNodeAnimator.java
sources/sources/com/tsf/shell/f/h/a/a/a.java	sources/sources/com/tsf/shell/f/h/a/a/SceneNodeContainer.java
sources/sources/com/tsf/shell/f/h/a/a/a/e.java	sources/sources/com/tsf/shell/f/h/a/a/a/SceneBackgroundNode.java
sources/sources/com/tsf/shell/f/h/a/a/a/d.java	sources/sources/com/tsf/shell/f/h/a/a/a/SceneDecorNode.java
sources/sources/com/tsf/shell/f/h/a/a/a/g.java	sources/sources/com/tsf/shell/f/h/a/a/a/SceneIndicatorNode.java
sources/sources/com/tsf/shell/f/h/a/a/a/a.java	sources/sources/com/tsf/shell/f/h/a/a/a/SceneInteractionHandler.java
sources/sources/com/tsf/shell/f/h/a/a/a/f.java	sources/sources/com/tsf/shell/f/h/a/a/a/SceneOverlayNode.java
sources/sources/com/tsf/shell/f/h/a/a/a/c.java	sources/sources/com/tsf/shell/f/h/a/a/a/SceneSurfaceNode.java
sources/sources/com/tsf/shell/f/h/a/a/a/b.java	sources/sources/com/tsf/shell/f/h/a/a/a/WorkspaceSceneRoot.java
sources/sources/com/tsf/shell/f/h/a/b/a.java	sources/sources/com/tsf/shell/f/h/a/b/SceneAnimationController.java
sources/sources/com/tsf/shell/f/h/a/b/b.java	sources/sources/com/tsf/shell/f/h/a/b/SceneAnimationHandler.java
sources/sources/com/tsf/shell/f/i/a.java	sources/sources/com/tsf/shell/f/i/MultiSelectController.java
sources/sources/com/tsf/shell/f/i/b.java	sources/sources/com/tsf/shell/f/i/PageItem.java
sources/sources/com/tsf/shell/f/i/c.java	sources/sources/com/tsf/shell/f/i/ShortcutItem.java
sources/sources/com/tsf/shell/f/i/a/c.java	sources/sources/com/tsf/shell/f/i/_a/WidgetItemTouchHandler.java
sources/sources/com/tsf/shell/f/i/a/a.java	sources/sources/com/tsf/shell/f/i/_a/WidgetWallpaperHandler.java
sources/sources/com/tsf/shell/f/i/b/b/a.java	sources/sources/com/tsf/shell/f/i/_b/b/WidgetShell.java
sources/sources/com/tsf/shell/f/i/b/c/b.java	sources/sources/com/tsf/shell/f/i/_b/c/WidgetItemData.java
sources/sources/com/tsf/shell/f/i/b/d/k.java	sources/sources/com/tsf/shell/f/i/_b/d/ItemPositionAnimator.java
sources/sources/com/tsf/shell/f/i/b/d/e.java	sources/sources/com/tsf/shell/f/i/_b/d/WidgetItemAnimation.java
sources/sources/com/tsf/shell/f/i/b/d/g.java	sources/sources/com/tsf/shell/f/i/_b/d/WidgetItemGrid.java
sources/sources/com/tsf/shell/f/i/b/d/d.java	sources/sources/com/tsf/shell/f/i/_b/d/WidgetItemLayout.java
sources/sources/com/tsf/shell/f/i/b/d/j.java	sources/sources/com/tsf/shell/f/i/_b/d/WidgetItemPositioner.java
sources/sources/com/tsf/shell/f/i/b/d/a.java	sources/sources/com/tsf/shell/f/i/_b/d/WidgetTouchHandler.java
sources/sources/com/tsf/shell/f/i/b/d/b.java	sources/sources/com/tsf/shell/f/i/_b/d/WorkspaceShortcutItem.java
sources/sources/com/tsf/shell/f/i/b/e/a.java	sources/sources/com/tsf/shell/f/i/_b/e/WidgetDrawerItemBase.java
sources/sources/com/tsf/shell/f/i/b/e/b.java	sources/sources/com/tsf/shell/f/i/_b/e/WidgetDrawerShortcutItemBase.java
sources/sources/com/tsf/shell/f/i/a/d.java	sources/sources/com/tsf/shell/f/i/a/PageItemDropHandler.java
sources/sources/com/tsf/shell/f/i/a/b.java	sources/sources/com/tsf/shell/f/i/a/WallpaperDragHandler.java
sources/sources/com/tsf/shell/f/i/b/a/a.java	sources/sources/com/tsf/shell/f/i/b/a/ItemContainer.java
sources/sources/com/tsf/shell/f/i/b/a/b.java	sources/sources/com/tsf/shell/f/i/b/a/ItemContainerPageItem.java
sources/sources/com/tsf/shell/f/i/b/c/a.java	sources/sources/com/tsf/shell/f/i/b/c/ItemDataConfig.java
sources/sources/com/tsf/shell/f/i/b/d/i.java	sources/sources/com/tsf/shell/f/i/b/d/FolderItemDotIndicator.java
sources/sources/com/tsf/shell/f/i/b/d/h.java	sources/sources/com/tsf/shell/f/i/b/d/FolderItemIndicator.java
sources/sources/com/tsf/shell/f/i/b/d/c.java	sources/sources/com/tsf/shell/f/i/b/d/FolderItemState.java
sources/sources/com/tsf/shell/f/i/b/e/d.java	sources/sources/com/tsf/shell/f/i/b/e/DrawerItemAction.java
sources/sources/com/tsf/shell/f/i/b/e/h.java	sources/sources/com/tsf/shell/f/i/b/e/DrawerItemButton.java
sources/sources/com/tsf/shell/f/i/b/e/f.java	sources/sources/com/tsf/shell/f/i/b/e/DrawerItemEditAction.java
sources/sources/com/tsf/shell/f/i/b/e/e.java	sources/sources/com/tsf/shell/f/i/b/e/DrawerItemEffect.java
sources/sources/com/tsf/shell/f/i/b/e/c.java	sources/sources/com/tsf/shell/f/i/b/e/DrawerItemGather.java
sources/sources/com/tsf/shell/f/i/b/e/i.java	sources/sources/com/tsf/shell/f/i/b/e/DrawerItemLaunchAction.java
sources/sources/com/tsf/shell/f/i/b/e/j.java	sources/sources/com/tsf/shell/f/i/b/e/DrawerItemSettingsAction.java
sources/sources/com/tsf/shell/f/i/b/e/g.java	sources/sources/com/tsf/shell/f/i/b/e/DrawerItemVisual.java
sources/sources/com/tsf/shell/f/i/c/a.java	sources/sources/com/tsf/shell/f/i/c/AnimatedItemGroup.java
sources/sources/com/tsf/shell/f/i/c/f.java	sources/sources/com/tsf/shell/f/i/c/AppPreviewLabel.java
sources/sources/com/tsf/shell/f/i/c/b.java	sources/sources/com/tsf/shell/f/i/c/DeferredItemGroup.java
sources/sources/com/tsf/shell/f/i/c/c.java	sources/sources/com/tsf/shell/f/i/c/FolderItemGroup.java
sources/sources/com/tsf/shell/f/i/c/g.java	sources/sources/com/tsf/shell/f/i/c/ItemGroupBase.java
sources/sources/com/tsf/shell/f/i/c/e.java	sources/sources/com/tsf/shell/f/i/c/ItemLabelProvider.java
sources/sources/com/tsf/shell/f/i/c/d.java	sources/sources/com/tsf/shell/f/i/c/PendingItemGroup.java
sources/sources/com/tsf/shell/f/i/c/a/j.java	sources/sources/com/tsf/shell/f/i/c/a/AsyncTextureNode.java
sources/sources/com/tsf/shell/f/i/c/a/h.java	sources/sources/com/tsf/shell/f/i/c/a/BackgroundSceneNode.java
sources/sources/com/tsf/shell/f/i/c/a/m.java	sources/sources/com/tsf/shell/f/i/c/a/CompositeSceneNode.java
sources/sources/com/tsf/shell/f/i/c/a/b.java	sources/sources/com/tsf/shell/f/i/c/a/DockSceneNode.java
sources/sources/com/tsf/shell/f/i/c/a/c.java	sources/sources/com/tsf/shell/f/i/c/a/DrawerSceneNode.java
sources/sources/com/tsf/shell/f/i/c/a/a.java	sources/sources/com/tsf/shell/f/i/c/a/FolderSceneNode.java
sources/sources/com/tsf/shell/f/i/c/a/g.java	sources/sources/com/tsf/shell/f/i/c/a/GridSceneNode.java
sources/sources/com/tsf/shell/f/i/c/a/i.java	sources/sources/com/tsf/shell/f/i/c/a/IAsyncTaskListener.java
sources/sources/com/tsf/shell/f/i/c/a/k.java	sources/sources/com/tsf/shell/f/i/c/a/ITextureCallback.java
sources/sources/com/tsf/shell/f/i/c/a/f.java	sources/sources/com/tsf/shell/f/i/c/a/LabelSceneNode.java
sources/sources/com/tsf/shell/f/i/c/a/e.java	sources/sources/com/tsf/shell/f/i/c/a/NodeConfig.java
sources/sources/com/tsf/shell/f/i/c/a/l.java	sources/sources/com/tsf/shell/f/i/c/a/NodeConstants.java
sources/sources/com/tsf/shell/f/i/c/a/d.java	sources/sources/com/tsf/shell/f/i/c/a/PageSceneNode.java
sources/sources/com/tsf/shell/f/i/c/a/a/a.java	sources/sources/com/tsf/shell/f/i/c/a/a/TextureElementA.java
sources/sources/com/tsf/shell/f/i/c/a/a/b.java	sources/sources/com/tsf/shell/f/i/c/a/a/TextureElementB.java
sources/sources/com/tsf/shell/f/i/c/a/a/c.java	sources/sources/com/tsf/shell/f/i/c/a/a/TextureElementC.java
sources/sources/com/tsf/shell/f/i/c/a/a/d.java	sources/sources/com/tsf/shell/f/i/c/a/a/TextureElementD.java
sources/sources/com/tsf/shell/f/i/c/a/a/e.java	sources/sources/com/tsf/shell/f/i/c/a/a/TextureElementE.java
sources/sources/com/tsf/shell/f/i/c/a/a/f.java	sources/sources/com/tsf/shell/f/i/c/a/a/TextureElementF.java
sources/sources/com/tsf/shell/f/i/c/a/a/g.java	sources/sources/com/tsf/shell/f/i/c/a/a/TextureElementG.java
sources/sources/com/tsf/shell/f/i/c/a/a/h.java	sources/sources/com/tsf/shell/f/i/c/a/a/TextureElementH.java
sources/sources/com/tsf/shell/f/i/c/a/b/a.java	sources/sources/com/tsf/shell/f/i/c/a/b/SceneComponentA.java
sources/sources/com/tsf/shell/f/i/c/a/b/b.java	sources/sources/com/tsf/shell/f/i/c/a/b/SceneComponentB.java
sources/sources/com/tsf/shell/f/i/c/a/b/c.java	sources/sources/com/tsf/shell/f/i/c/a/b/SceneComponentC.java
sources/sources/com/tsf/shell/f/i/c/a/b/d.java	sources/sources/com/tsf/shell/f/i/c/a/b/SceneComponentD.java
sources/sources/com/tsf/shell/f/i/c/a/b/e.java	sources/sources/com/tsf/shell/f/i/c/a/b/SceneComponentE.java
sources/sources/com/tsf/shell/f/i/c/a/b/f.java	sources/sources/com/tsf/shell/f/i/c/a/b/SceneComponentF.java
sources/sources/com/tsf/shell/f/i/c/a/b/g.java	sources/sources/com/tsf/shell/f/i/c/a/b/SceneComponentG.java
sources/sources/com/tsf/shell/f/i/c/a/b/h.java	sources/sources/com/tsf/shell/f/i/c/a/b/SceneComponentH.java
sources/sources/com/tsf/shell/f/i/c/a/b/i.java	sources/sources/com/tsf/shell/f/i/c/a/b/SceneComponentI.java
sources/sources/com/tsf/shell/f/i/c/a/b/j.java	sources/sources/com/tsf/shell/f/i/c/a/b/SceneComponentJ.java
sources/sources/com/tsf/shell/f/i/c/a/b/k.java	sources/sources/com/tsf/shell/f/i/c/a/b/SceneComponentK.java
sources/sources/com/tsf/shell/f/i/c/a/b/l.java	sources/sources/com/tsf/shell/f/i/c/a/b/SceneComponentL.java
sources/sources/com/tsf/shell/f/i/c/a/b/m.java	sources/sources/com/tsf/shell/f/i/c/a/b/SceneComponentM.java
sources/sources/com/tsf/shell/f/i/c/a/b/n.java	sources/sources/com/tsf/shell/f/i/c/a/b/SceneComponentN.java
sources/sources/com/tsf/shell/f/i/c/a/b/o.java	sources/sources/com/tsf/shell/f/i/c/a/b/SceneComponentO.java
sources/sources/com/tsf/shell/f/i/c/a/b/p.java	sources/sources/com/tsf/shell/f/i/c/a/b/SceneComponentP.java
sources/sources/com/tsf/shell/f/i/c/a/c/a.java	sources/sources/com/tsf/shell/f/i/c/a/c/SceneRendererA.java
sources/sources/com/tsf/shell/f/i/c/a/c/b.java	sources/sources/com/tsf/shell/f/i/c/a/c/SceneRendererB.java
sources/sources/com/tsf/shell/f/i/c/a/c/c.java	sources/sources/com/tsf/shell/f/i/c/a/c/SceneRendererC.java
sources/sources/com/tsf/shell/f/i/c/a/c/d.java	sources/sources/com/tsf/shell/f/i/c/a/c/SceneRendererD.java
sources/sources/com/tsf/shell/f/i/c/a/c/e.java	sources/sources/com/tsf/shell/f/i/c/a/c/SceneRendererE.java
sources/sources/com/tsf/shell/manager/action/a.java	sources/sources/com/tsf/shell/manager/action/ActionDatabaseHelper.java
sources/sources/com/tsf/shell/manager/action/b.java	sources/sources/com/tsf/shell/manager/action/ActionManager.java
sources/sources/com/tsf/shell/manager/action/e.java	sources/sources/com/tsf/shell/manager/action/ActionModel.java
sources/sources/com/tsf/shell/manager/action/d.java	sources/sources/com/tsf/shell/manager/action/ActionSelectorAdapter.java
sources/sources/com/tsf/shell/manager/action/f.java	sources/sources/com/tsf/shell/manager/action/GestureHandler.java
sources/sources/com/tsf/shell/manager/action/c.java	sources/sources/com/tsf/shell/manager/action/ShortcutCreator.java
sources/sources/com/tsf/shell/manager/action/toggle/b.java	sources/sources/com/tsf/shell/manager/action/toggle/ToggleAction.java
sources/sources/com/tsf/shell/manager/action/toggle/a.java	sources/sources/com/tsf/shell/manager/action/toggle/TogglePanelManager.java
sources/sources/com/tsf/shell/manager/action/toggle/a/b.java	sources/sources/com/tsf/shell/manager/action/toggle/a/ToggleActionBrightness.java
sources/sources/com/tsf/shell/manager/action/toggle/a/c.java	sources/sources/com/tsf/shell/manager/action/toggle/a/ToggleActionConnector.java
sources/sources/com/tsf/shell/manager/action/toggle/a/f.java	sources/sources/com/tsf/shell/manager/action/toggle/a/ToggleActionFlashlight.java
sources/sources/com/tsf/shell/manager/action/toggle/a/d.java	sources/sources/com/tsf/shell/manager/action/toggle/a/ToggleActionMobileData.java
sources/sources/com/tsf/shell/manager/action/toggle/a/e.java	sources/sources/com/tsf/shell/manager/action/toggle/a/ToggleActionVolume.java
sources/sources/com/tsf/shell/manager/action/toggle/a/a.java	sources/sources/com/tsf/shell/manager/action/toggle/a/ToggleActionWifi.java
sources/sources/com/tsf/shell/manager/a/a.java	sources/sources/com/tsf/shell/manager/app/AppListManager.java
sources/sources/com/tsf/shell/manager/a/c.java	sources/sources/com/tsf/shell/manager/app/AppListModel.java
sources/sources/com/tsf/shell/manager/a/e.java	sources/sources/com/tsf/shell/manager/app/DataCoordinator.java
sources/sources/com/tsf/shell/manager/a/d.java	sources/sources/com/tsf/shell/manager/app/FolderManager.java
sources/sources/com/tsf/shell/manager/a/f.java	sources/sources/com/tsf/shell/manager/app/LauncherAppInfo.java
sources/sources/com/tsf/shell/manager/a/b.java	sources/sources/com/tsf/shell/manager/app/ObserverManager.java
sources/sources/com/tsf/shell/manager/a/g.java	sources/sources/com/tsf/shell/manager/app/WidgetPanelController.java
sources/sources/com/tsf/shell/manager/b/a.java	sources/sources/com/tsf/shell/manager/b/BackupDataAdapter.java
sources/sources/com/tsf/shell/manager/b/c.java	sources/sources/com/tsf/shell/manager/b/BackupEntry.java
sources/sources/com/tsf/shell/manager/b/d.java	sources/sources/com/tsf/shell/manager/b/BackupExportManager.java
sources/sources/com/tsf/shell/manager/b/b.java	sources/sources/com/tsf/shell/manager/b/BackupRestoreManager.java
sources/sources/com/tsf/shell/manager/b/e.java	sources/sources/com/tsf/shell/manager/b/ConfigManager.java
sources/sources/com/tsf/shell/manager/b/f.java	sources/sources/com/tsf/shell/manager/b/TempPreferenceManager.java
sources/sources/com/tsf/shell/manager/bind/c.java	sources/sources/com/tsf/shell/manager/bind/ShellBindCallback.java
sources/sources/com/tsf/shell/manager/bind/a.java	sources/sources/com/tsf/shell/manager/bind/ShellBindContext.java
sources/sources/com/tsf/shell/manager/bind/b.java	sources/sources/com/tsf/shell/manager/bind/ShellBindController.java
sources/sources/com/tsf/shell/manager/bind/d.java	sources/sources/com/tsf/shell/manager/bind/ShellBindStub.java
sources/sources/com/tsf/shell/manager/c/a.java	sources/sources/com/tsf/shell/manager/c/ContactDatabaseHelper.java
sources/sources/com/tsf/shell/manager/c/b.java	sources/sources/com/tsf/shell/manager/c/ContactManager.java
sources/sources/com/tsf/shell/manager/c/c.java	sources/sources/com/tsf/shell/manager/c/ContactsProviderHelper.java
sources/sources/com/tsf/shell/manager/c/a/a/a.java	sources/sources/com/tsf/shell/manager/c/a/a/ContactModel.java
sources/sources/com/tsf/shell/manager/d/a.java	sources/sources/com/tsf/shell/manager/d/HitTargetManager.java
sources/sources/com/tsf/shell/manager/e/a.java	sources/sources/com/tsf/shell/manager/e/ScreenSaverDelayConfig.java
sources/sources/com/tsf/shell/manager/f/c.java	sources/sources/com/tsf/shell/manager/f/LauncherInitController.java
sources/sources/com/tsf/shell/manager/f/a.java	sources/sources/com/tsf/shell/manager/f/ScreenFadeController.java
sources/sources/com/tsf/shell/manager/f/d.java	sources/sources/com/tsf/shell/manager/f/ViewportController.java
sources/sources/com/tsf/shell/manager/f/b.java	sources/sources/com/tsf/shell/manager/f/WorkspaceScene.java
sources/sources/com/tsf/shell/manager/g/a.java	sources/sources/com/tsf/shell/manager/g/LayoutDimensionConstants.java
sources/sources/com/tsf/shell/manager/h/a.java	sources/sources/com/tsf/shell/manager/h/ScreenLockController.java
sources/sources/com/tsf/shell/manager/i/a.java	sources/sources/com/tsf/shell/manager/i/PrimeEffectRenderer.java
sources/sources/com/tsf/shell/manager/j/b.java	sources/sources/com/tsf/shell/manager/j/RateDialog.java
sources/sources/com/tsf/shell/manager/j/c.java	sources/sources/com/tsf/shell/manager/j/RateDialogController.java
sources/sources/com/tsf/shell/manager/j/a.java	sources/sources/com/tsf/shell/manager/j/RateFaceView.java
sources/sources/com/tsf/shell/manager/j/d.java	sources/sources/com/tsf/shell/manager/j/TexturedBackground.java
sources/sources/com/tsf/shell/manager/k/a.java	sources/sources/com/tsf/shell/manager/k/TypefaceCache.java
sources/sources/com/tsf/shell/manager/l/a.java	sources/sources/com/tsf/shell/manager/l/ShortcutManager.java
sources/sources/com/tsf/shell/manager/l/b.java	sources/sources/com/tsf/shell/manager/l/ShortcutManagerHolder.java
sources/sources/com/tsf/shell/manager/m/c.java	sources/sources/com/tsf/shell/manager/m/AddItemButton.java
sources/sources/com/tsf/shell/manager/m/a.java	sources/sources/com/tsf/shell/manager/m/DragSortContainer.java
sources/sources/com/tsf/shell/manager/m/d.java	sources/sources/com/tsf/shell/manager/m/SideMenuIndicator.java
sources/sources/com/tsf/shell/manager/m/b.java	sources/sources/com/tsf/shell/manager/m/SideMenuManager.java
sources/sources/com/tsf/shell/manager/n/a.java	sources/sources/com/tsf/shell/manager/n/ToastOverlayController.java
sources/sources/com/tsf/shell/manager/o/a.java	sources/sources/com/tsf/shell/manager/o/ButtonMetrics.java
sources/sources/com/tsf/shell/manager/o/b.java	sources/sources/com/tsf/shell/manager/o/ButtonPresetManager.java
sources/sources/com/tsf/shell/manager/o/d.java	sources/sources/com/tsf/shell/manager/o/EmptyStub.java
sources/sources/com/tsf/shell/manager/o/c.java	sources/sources/com/tsf/shell/manager/o/ThemeColorConstants.java
sources/sources/com/tsf/shell/manager/o/a/c.java	sources/sources/com/tsf/shell/manager/o/_a/LabelManagerV2.java
sources/sources/com/tsf/shell/manager/o/a/a.java	sources/sources/com/tsf/shell/manager/o/_a/TextConfigV2.java
sources/sources/com/tsf/shell/manager/o/a/b.java	sources/sources/com/tsf/shell/manager/o/_a/TextLabelElementV2.java
sources/sources/com/tsf/shell/manager/o/a/d.java	sources/sources/com/tsf/shell/manager/o/a/EmptyLabelElement.java
sources/sources/com/tsf/shell/manager/p/b.java	sources/sources/com/tsf/shell/manager/p/GestureTipElement.java
sources/sources/com/tsf/shell/manager/p/f.java	sources/sources/com/tsf/shell/manager/p/PreferenceToggle.java
sources/sources/com/tsf/shell/manager/p/e.java	sources/sources/com/tsf/shell/manager/p/ThemePreferenceProvider.java
sources/sources/com/tsf/shell/manager/p/d.java	sources/sources/com/tsf/shell/manager/p/ThemePreferenceStore.java
sources/sources/com/tsf/shell/manager/p/a.java	sources/sources/com/tsf/shell/manager/p/ThemeTransitionAnimator.java
sources/sources/com/tsf/shell/manager/p/c.java	sources/sources/com/tsf/shell/manager/p/TipsDialogManager.java
sources/sources/com/tsf/shell/manager/q/a.java	sources/sources/com/tsf/shell/manager/q/UnreadBadgeManager.java
sources/sources/com/tsf/shell/manager/r/a.java	sources/sources/com/tsf/shell/manager/r/BoundsHelper.java
sources/sources/com/tsf/shell/manager/r/a/a.java	sources/sources/com/tsf/shell/manager/r/a/AppWidgetHostManager.java
sources/sources/com/tsf/shell/manager/r/a/b.java	sources/sources/com/tsf/shell/manager/r/a/WidgetInstanceTracker.java
sources/sources/com/tsf/shell/manager/r/b/c.java	sources/sources/com/tsf/shell/manager/r/b/ScrollableItemListPanel.java
sources/sources/com/tsf/shell/manager/r/b/d.java	sources/sources/com/tsf/shell/manager/r/b/ShortcutsPanel.java
sources/sources/com/tsf/shell/manager/r/b/e.java	sources/sources/com/tsf/shell/manager/r/b/TogglePanel.java
sources/sources/com/tsf/shell/manager/r/b/b.java	sources/sources/com/tsf/shell/manager/r/b/WidgetDecorationPanel.java
sources/sources/com/tsf/shell/manager/r/b/a.java	sources/sources/com/tsf/shell/manager/r/b/WidgetMenuPanel.java
sources/sources/com/tsf/shell/manager/r/b/a/c.java	sources/sources/com/tsf/shell/manager/r/b/a/AppListItemCell.java
sources/sources/com/tsf/shell/manager/r/b/a/a.java	sources/sources/com/tsf/shell/manager/r/b/a/AppListPanel.java
sources/sources/com/tsf/shell/manager/r/b/a/b.java	sources/sources/com/tsf/shell/manager/r/b/a/AppSelectionIndicatorBar.java
sources/sources/com/tsf/shell/manager/r/b/b/a.java	sources/sources/com/tsf/shell/manager/r/b/b/SlidePanelAnimatorBase.java
sources/sources/com/tsf/shell/manager/r/b/c/b.java	sources/sources/com/tsf/shell/manager/r/b/c/SystemWidgetProviderBrowser.java
sources/sources/com/tsf/shell/manager/r/b/c/e.java	sources/sources/com/tsf/shell/manager/r/b/c/WidgetDragDropArea.java
sources/sources/com/tsf/shell/manager/r/b/c/f.java	sources/sources/com/tsf/shell/manager/r/b/c/WidgetDragHandler.java
sources/sources/com/tsf/shell/manager/r/b/c/c.java	sources/sources/com/tsf/shell/manager/r/b/c/WidgetInstanceListPanel.java
sources/sources/com/tsf/shell/manager/r/b/c/d.java	sources/sources/com/tsf/shell/manager/r/b/c/WidgetPanelOrchestrator.java
sources/sources/com/tsf/shell/manager/r/b/c/g.java	sources/sources/com/tsf/shell/manager/r/b/c/WidgetPanelToggle.java
sources/sources/com/tsf/shell/manager/r/b/c/h.java	sources/sources/com/tsf/shell/manager/r/b/c/WidgetPreviewCell.java
sources/sources/com/tsf/shell/manager/r/b/c/a.java	sources/sources/com/tsf/shell/manager/r/b/c/WidgetProviderInfoBar.java
sources/sources/com/tsf/shell/manager/r/c/a.java	sources/sources/com/tsf/shell/manager/r/c/IconRenderer.java
sources/sources/com/tsf/shell/manager/r/c/h.java	sources/sources/com/tsf/shell/manager/r/c/KeyEventListener.java
sources/sources/com/tsf/shell/manager/r/c/d.java	sources/sources/com/tsf/shell/manager/r/c/MultiSelectLinePicker.java
sources/sources/com/tsf/shell/manager/r/c/c.java	sources/sources/com/tsf/shell/manager/r/c/WidgetCompatibilityChecker.java
sources/sources/com/tsf/shell/manager/r/c/f.java	sources/sources/com/tsf/shell/manager/r/c/WidgetDefinitionFactory.java
sources/sources/com/tsf/shell/manager/r/c/g.java	sources/sources/com/tsf/shell/manager/r/c/WidgetDeleteAnimationUtil.java
sources/sources/com/tsf/shell/manager/r/c/b.java	sources/sources/com/tsf/shell/manager/r/c/WidgetFeatureConfig.java
sources/sources/com/tsf/shell/manager/r/c/e.java	sources/sources/com/tsf/shell/manager/r/c/WidgetRegistryManager.java
sources/sources/com/tsf/shell/manager/r/c/a/a.java	sources/sources/com/tsf/shell/manager/r/c/a/WidgetInstantiator.java
sources/sources/com/tsf/shell/manager/r/c/a/b.java	sources/sources/com/tsf/shell/manager/r/c/a/WidgetPlacementHelper.java
sources/sources/com/tsf/shell/manager/wallpaper/c.java	sources/sources/com/tsf/shell/manager/wallpaper/BlurSettingsMenu.java
sources/sources/com/tsf/shell/manager/wallpaper/d.java	sources/sources/com/tsf/shell/manager/wallpaper/LiveWallpaperMenuItem.java
sources/sources/com/tsf/shell/manager/wallpaper/e.java	sources/sources/com/tsf/shell/manager/wallpaper/WallpaperMenuContainer.java
sources/sources/com/tsf/shell/manager/wallpaper/b.java	sources/sources/com/tsf/shell/manager/wallpaper/WallpaperMenuPanel.java
sources/sources/com/tsf/shell/manager/wallpaper/a.java	sources/sources/com/tsf/shell/manager/wallpaper/WallpaperPreviewRenderer.java
sources/sources/com/tsf/shell/plugin/a/a.java	sources/sources/com/tsf/shell/plugin/a/PluginBridgeA.java
sources/sources/com/tsf/shell/plugin/a/b.java	sources/sources/com/tsf/shell/plugin/a/PluginBridgeB.java
sources/sources/com/tsf/shell/plugin/a/c.java	sources/sources/com/tsf/shell/plugin/a/PluginBridgeException.java
sources/sources/com/tsf/shell/plugin/classification/a.java	sources/sources/com/tsf/shell/plugin/classification/ClassificationColumns.java
sources/sources/com/tsf/shell/plugin/classification/c.java	sources/sources/com/tsf/shell/plugin/classification/ClassificationDatabase.java
sources/sources/com/tsf/shell/plugin/classification/b.java	sources/sources/com/tsf/shell/plugin/classification/ClassificationInfoColumns.java
sources/sources/com/tsf/shell/plugin/classification/d.java	sources/sources/com/tsf/shell/plugin/classification/ClassificationManager.java
sources/sources/com/tsf/shell/plugin/crop/c.java	sources/sources/com/tsf/shell/plugin/crop/CropImageConfig.java
sources/sources/com/tsf/shell/plugin/crop/h.java	sources/sources/com/tsf/shell/plugin/crop/CropImageHelper.java
sources/sources/com/tsf/shell/plugin/crop/b.java	sources/sources/com/tsf/shell/plugin/crop/CropImageManager.java
sources/sources/com/tsf/shell/plugin/crop/a.java	sources/sources/com/tsf/shell/plugin/crop/CropImageParser.java
sources/sources/com/tsf/shell/plugin/crop/g.java	sources/sources/com/tsf/shell/plugin/crop/CropImageProvider.java
sources/sources/com/tsf/shell/plugin/crop/d.java	sources/sources/com/tsf/shell/plugin/crop/CropImageRenderer.java
sources/sources/com/tsf/shell/plugin/crop/e.java	sources/sources/com/tsf/shell/plugin/crop/CropImageResources.java
sources/sources/com/tsf/shell/plugin/crop/f.java	sources/sources/com/tsf/shell/plugin/crop/CropImageState.java
sources/sources/com/tsf/shell/plugin/fontspicker/d.java	sources/sources/com/tsf/shell/plugin/fontspicker/FontPickerConfig.java
sources/sources/com/tsf/shell/plugin/fontspicker/b.java	sources/sources/com/tsf/shell/plugin/fontspicker/FontPickerContract.java
sources/sources/com/tsf/shell/plugin/fontspicker/a.java	sources/sources/com/tsf/shell/plugin/fontspicker/FontPickerManager.java
sources/sources/com/tsf/shell/plugin/fontspicker/c.java	sources/sources/com/tsf/shell/plugin/fontspicker/FontPickerRenderer.java
sources/sources/com/tsf/shell/plugin/notice/c.java	sources/sources/com/tsf/shell/plugin/notice/NoticeConfig.java
sources/sources/com/tsf/shell/plugin/notice/a.java	sources/sources/com/tsf/shell/plugin/notice/NoticeDataProvider.java
sources/sources/com/tsf/shell/plugin/notice/e.java	sources/sources/com/tsf/shell/plugin/notice/NoticeEvent.java
sources/sources/com/tsf/shell/plugin/notice/b.java	sources/sources/com/tsf/shell/plugin/notice/NoticeManager.java
sources/sources/com/tsf/shell/plugin/notice/d.java	sources/sources/com/tsf/shell/plugin/notice/NoticeRenderer.java
sources/sources/com/tsf/shell/plugin/notice/f.java	sources/sources/com/tsf/shell/plugin/notice/NoticeResources.java
sources/sources/com/tsf/shell/plugin/notice/g.java	sources/sources/com/tsf/shell/plugin/notice/NoticeStateProvider.java
sources/sources/com/tsf/shell/plugin/summary/b.java	sources/sources/com/tsf/shell/plugin/summary/SummaryConfig.java
sources/sources/com/tsf/shell/plugin/summary/a.java	sources/sources/com/tsf/shell/plugin/summary/SummaryConstants.java
sources/sources/com/tsf/shell/plugin/summary/c.java	sources/sources/com/tsf/shell/plugin/summary/SummaryManager.java
sources/sources/com/tsf/shell/plugin/theme/c.java	sources/sources/com/tsf/shell/plugin/theme/ThemePluginConfig.java
sources/sources/com/tsf/shell/plugin/theme/b.java	sources/sources/com/tsf/shell/plugin/theme/ThemePluginManager.java
sources/sources/com/tsf/shell/plugin/theme/a.java	sources/sources/com/tsf/shell/plugin/theme/ThemePluginParser.java
sources/sources/com/tsf/shell/plugin/themepicker/j.java	sources/sources/com/tsf/shell/plugin/themepicker/ThemePickerAdapter.java
sources/sources/com/tsf/shell/plugin/themepicker/c.java	sources/sources/com/tsf/shell/plugin/themepicker/ThemePickerConfig.java
sources/sources/com/tsf/shell/plugin/themepicker/d.java	sources/sources/com/tsf/shell/plugin/themepicker/ThemePickerData.java
sources/sources/com/tsf/shell/plugin/themepicker/e.java	sources/sources/com/tsf/shell/plugin/themepicker/ThemePickerEvent.java
sources/sources/com/tsf/shell/plugin/themepicker/i.java	sources/sources/com/tsf/shell/plugin/themepicker/ThemePickerManager.java
sources/sources/com/tsf/shell/plugin/themepicker/a.java	sources/sources/com/tsf/shell/plugin/themepicker/ThemePickerParser.java
sources/sources/com/tsf/shell/plugin/themepicker/b.java	sources/sources/com/tsf/shell/plugin/themepicker/ThemePickerProvider.java
sources/sources/com/tsf/shell/plugin/themepicker/k.java	sources/sources/com/tsf/shell/plugin/themepicker/ThemePickerRenderer.java
sources/sources/com/tsf/shell/plugin/themepicker/f.java	sources/sources/com/tsf/shell/plugin/themepicker/ThemePickerResources.java
sources/sources/com/tsf/shell/plugin/themepicker/g.java	sources/sources/com/tsf/shell/plugin/themepicker/ThemePickerState.java
sources/sources/com/tsf/shell/plugin/themepicker/h.java	sources/sources/com/tsf/shell/plugin/themepicker/ThemePickerThemeHandler.java
sources/sources/com/tsf/shell/plugin/themepicker/icondesigner/g.java	sources/sources/com/tsf/shell/plugin/themepicker/icondesigner/IconDesignerBaseColumns.java
sources/sources/com/tsf/shell/plugin/themepicker/icondesigner/f.java	sources/sources/com/tsf/shell/plugin/themepicker/icondesigner/IconDesignerColumns.java
sources/sources/com/tsf/shell/plugin/themepicker/icondesigner/b.java	sources/sources/com/tsf/shell/plugin/themepicker/icondesigner/IconDesignerConfig.java
sources/sources/com/tsf/shell/plugin/themepicker/icondesigner/e.java	sources/sources/com/tsf/shell/plugin/themepicker/icondesigner/IconDesignerContract.java
sources/sources/com/tsf/shell/plugin/themepicker/icondesigner/a.java	sources/sources/com/tsf/shell/plugin/themepicker/icondesigner/IconDesignerData.java
sources/sources/com/tsf/shell/plugin/themepicker/icondesigner/c.java	sources/sources/com/tsf/shell/plugin/themepicker/icondesigner/IconDesignerManager.java
sources/sources/com/tsf/shell/plugin/themepicker/icondesigner/d.java	sources/sources/com/tsf/shell/plugin/themepicker/icondesigner/IconDesignerRenderer.java
sources/sources/com/tsf/shell/plugin/themepicker/indicator/a.java	sources/sources/com/tsf/shell/plugin/themepicker/indicator/ThemeIndicatorListener.java
sources/sources/com/tsf/shell/plugin/themepicker/indicator/c.java	sources/sources/com/tsf/shell/plugin/themepicker/indicator/ThemeIndicatorPageChange.java
sources/sources/com/tsf/shell/plugin/themepicker/indicator/b.java	sources/sources/com/tsf/shell/plugin/themepicker/indicator/ThemeIndicatorRenderer.java
sources/sources/com/tsf/shell/plugin/themepicker/theme/c.java	sources/sources/com/tsf/shell/plugin/themepicker/theme/ThemeElementConfig.java
sources/sources/com/tsf/shell/plugin/themepicker/theme/d.java	sources/sources/com/tsf/shell/plugin/themepicker/theme/ThemeElementData.java
sources/sources/com/tsf/shell/plugin/themepicker/theme/b.java	sources/sources/com/tsf/shell/plugin/themepicker/theme/ThemeElementManager.java
sources/sources/com/tsf/shell/plugin/themepicker/theme/a.java	sources/sources/com/tsf/shell/plugin/themepicker/theme/ThemeElementParser.java
sources/sources/com/tsf/shell/plugin/themepicker/themepreview/a.java	sources/sources/com/tsf/shell/plugin/themepicker/themepreview/ThemePreviewData.java
sources/sources/com/tsf/shell/plugin/themepicker/themepreview/e.java	sources/sources/com/tsf/shell/plugin/themepicker/themepreview/ThemePreviewEvent.java
sources/sources/com/tsf/shell/plugin/themepicker/themepreview/b.java	sources/sources/com/tsf/shell/plugin/themepicker/themepreview/ThemePreviewManager.java
sources/sources/com/tsf/shell/plugin/themepicker/themepreview/d.java	sources/sources/com/tsf/shell/plugin/themepicker/themepreview/ThemePreviewPanel.java
sources/sources/com/tsf/shell/plugin/themepicker/themepreview/c.java	sources/sources/com/tsf/shell/plugin/themepicker/themepreview/ThemePreviewRenderer.java
sources/sources/com/tsf/shell/plugin/themepicker/utils/e.java	sources/sources/com/tsf/shell/plugin/themepicker/utils/ThemeUtilsConfig.java
sources/sources/com/tsf/shell/plugin/themepicker/utils/h.java	sources/sources/com/tsf/shell/plugin/themepicker/utils/ThemeUtilsConstants.java
sources/sources/com/tsf/shell/plugin/themepicker/utils/g.java	sources/sources/com/tsf/shell/plugin/themepicker/utils/ThemeUtilsDrawable.java
sources/sources/com/tsf/shell/plugin/themepicker/utils/d.java	sources/sources/com/tsf/shell/plugin/themepicker/utils/ThemeUtilsHelper.java
sources/sources/com/tsf/shell/plugin/themepicker/utils/b.java	sources/sources/com/tsf/shell/plugin/themepicker/utils/ThemeUtilsManager.java
sources/sources/com/tsf/shell/plugin/themepicker/utils/a.java	sources/sources/com/tsf/shell/plugin/themepicker/utils/ThemeUtilsParser.java
sources/sources/com/tsf/shell/plugin/themepicker/utils/f.java	sources/sources/com/tsf/shell/plugin/themepicker/utils/ThemeUtilsProcessor.java
sources/sources/com/tsf/shell/plugin/themepicker/utils/c.java	sources/sources/com/tsf/shell/plugin/themepicker/utils/ThemeUtilsRenderer.java
sources/sources/com/tsf/shell/plugin/themepicker/wallpaper/c.java	sources/sources/com/tsf/shell/plugin/themepicker/wallpaper/WallpaperConfig.java
sources/sources/com/tsf/shell/plugin/themepicker/wallpaper/a.java	sources/sources/com/tsf/shell/plugin/themepicker/wallpaper/WallpaperData.java
sources/sources/com/tsf/shell/plugin/themepicker/wallpaper/b.java	sources/sources/com/tsf/shell/plugin/themepicker/wallpaper/WallpaperManager.java
sources/sources/com/tsf/shell/plugin/themepicker/wallpaper/d.java	sources/sources/com/tsf/shell/plugin/themepicker/wallpaper/WallpaperRenderer.java
sources/sources/com/tsf/shell/plugin/widget/a.java	sources/sources/com/tsf/shell/plugin/widget/FloatingWidgetProvider.java
sources/sources/com/tsf/shell/preference/a/b.java	sources/sources/com/tsf/shell/preference/a/PreferenceBaseFragment.java
sources/sources/com/tsf/shell/preference/a/c.java	sources/sources/com/tsf/shell/preference/a/PreferenceConfigManager.java
sources/sources/com/tsf/shell/preference/a/d.java	sources/sources/com/tsf/shell/preference/a/PreferenceDataModel.java
sources/sources/com/tsf/shell/preference/a/e.java	sources/sources/com/tsf/shell/preference/a/PreferenceElementRenderer.java
sources/sources/com/tsf/shell/preference/a/f.java	sources/sources/com/tsf/shell/preference/a/PreferenceFragmentBase.java
sources/sources/com/tsf/shell/preference/a/a.java	sources/sources/com/tsf/shell/preference/a/PreferenceThemeProvider.java
sources/sources/com/tsf/shell/preference/a/a/a.java	sources/sources/com/tsf/shell/preference/a/a/PreferenceItemA.java
sources/sources/com/tsf/shell/preference/a/a/b.java	sources/sources/com/tsf/shell/preference/a/a/PreferenceItemB.java
sources/sources/com/tsf/shell/preference/a/a/c.java	sources/sources/com/tsf/shell/preference/a/a/PreferenceItemC.java
sources/sources/com/tsf/shell/preference/a/a/d.java	sources/sources/com/tsf/shell/preference/a/a/PreferenceItemD.java
sources/sources/com/tsf/shell/preference/a/a/e.java	sources/sources/com/tsf/shell/preference/a/a/PreferenceItemE.java
sources/sources/com/tsf/shell/preference/a/a/f.java	sources/sources/com/tsf/shell/preference/a/a/PreferenceItemF.java
sources/sources/com/tsf/shell/preference/a/a/g.java	sources/sources/com/tsf/shell/preference/a/a/PreferenceItemG.java
sources/sources/com/tsf/shell/preference/a/a/h.java	sources/sources/com/tsf/shell/preference/a/a/PreferenceItemH.java
sources/sources/com/tsf/shell/preference/a/a/a/a.java	sources/sources/com/tsf/shell/preference/a/a/a/PreferenceSettingA.java
sources/sources/com/tsf/shell/preference/a/a/a/b.java	sources/sources/com/tsf/shell/preference/a/a/a/PreferenceSettingB.java
sources/sources/com/tsf/shell/preference/a/a/a/h.java	sources/sources/com/tsf/shell/preference/a/a/a/PreferenceSettingBase.java
sources/sources/com/tsf/shell/preference/a/a/a/c.java	sources/sources/com/tsf/shell/preference/a/a/a/PreferenceSettingC.java
sources/sources/com/tsf/shell/preference/a/a/a/d.java	sources/sources/com/tsf/shell/preference/a/a/a/PreferenceSettingD.java
sources/sources/com/tsf/shell/preference/a/a/a/e.java	sources/sources/com/tsf/shell/preference/a/a/a/PreferenceSettingE.java
sources/sources/com/tsf/shell/preference/a/a/a/f.java	sources/sources/com/tsf/shell/preference/a/a/a/PreferenceSettingF.java
sources/sources/com/tsf/shell/preference/a/a/a/g.java	sources/sources/com/tsf/shell/preference/a/a/a/PreferenceSettingG.java
sources/sources/com/tsf/shell/preference/a/a/a/i.java	sources/sources/com/tsf/shell/preference/a/a/a/PreferenceSettingI.java
sources/sources/com/tsf/shell/preference/a/a/a/j.java	sources/sources/com/tsf/shell/preference/a/a/a/PreferenceSettingJ.java
sources/sources/com/tsf/shell/preference/a/a/a/k.java	sources/sources/com/tsf/shell/preference/a/a/a/PreferenceSettingK.java
sources/sources/com/tsf/shell/preference/a/a/a/l.java	sources/sources/com/tsf/shell/preference/a/a/a/PreferenceSettingL.java
sources/sources/com/tsf/shell/preference/widget/a.java	sources/sources/com/tsf/shell/preference/widget/WidgetPreferenceHelper.java
sources/sources/com/tsf/shell/services/b.java	sources/sources/com/tsf/shell/services/ForegroundServiceManager.java
sources/sources/com/tsf/shell/services/a.java	sources/sources/com/tsf/shell/services/NotifierConnector.java
sources/sources/com/tsf/shell/services/c.java	sources/sources/com/tsf/shell/services/ServiceLifecycleManager.java
sources/sources/com/tsf/shell/services/d.java	sources/sources/com/tsf/shell/services/ToggleServiceConnector.java
sources/sources/com/tsf/shell/services/a/a.java	sources/sources/com/tsf/shell/services/a/NotifierCounterInterface.java
sources/sources/com/tsf/shell/utils/q.java	sources/sources/com/tsf/shell/utils/BitmapTransformationHelper.java
sources/sources/com/tsf/shell/utils/p.java	sources/sources/com/tsf/shell/utils/ColorMatrixImageFilter.java
sources/sources/com/tsf/shell/utils/u.java	sources/sources/com/tsf/shell/utils/DeviceInfoCollector.java
sources/sources/com/tsf/shell/utils/r.java	sources/sources/com/tsf/shell/utils/DimensionHelper.java
sources/sources/com/tsf/shell/utils/j.java	sources/sources/com/tsf/shell/utils/DimensionParser.java
sources/sources/com/tsf/shell/utils/l.java	sources/sources/com/tsf/shell/utils/ErrorThrower.java
sources/sources/com/tsf/shell/utils/v.java	sources/sources/com/tsf/shell/utils/ExternalFilesDirResolver.java
sources/sources/com/tsf/shell/utils/n.java	sources/sources/com/tsf/shell/utils/FeedbackComposer.java
sources/sources/com/tsf/shell/utils/o.java	sources/sources/com/tsf/shell/utils/FileSystemHelper.java
sources/sources/com/tsf/shell/utils/m.java	sources/sources/com/tsf/shell/utils/FlurryAnalyticsLogger.java
sources/sources/com/tsf/shell/utils/s.java	sources/sources/com/tsf/shell/utils/GLShaderCompiler.java
sources/sources/com/tsf/shell/utils/x.java	sources/sources/com/tsf/shell/utils/GraphicsEngineBridge.java
sources/sources/com/tsf/shell/utils/w.java	sources/sources/com/tsf/shell/utils/HapticFeedbackManager.java
sources/sources/com/tsf/shell/utils/i.java	sources/sources/com/tsf/shell/utils/IntentResolver.java
sources/sources/com/tsf/shell/utils/h.java	sources/sources/com/tsf/shell/utils/ItemInfoListSorter.java
sources/sources/com/tsf/shell/utils/d.java	sources/sources/com/tsf/shell/utils/LazyBitmapFactory.java
sources/sources/com/tsf/shell/utils/k.java	sources/sources/com/tsf/shell/utils/MarketLinkHandler.java
sources/sources/com/tsf/shell/utils/b.java	sources/sources/com/tsf/shell/utils/OEMComponentResolver.java
sources/sources/com/tsf/shell/utils/a.java	sources/sources/com/tsf/shell/utils/PackageManagerHelper.java
sources/sources/com/tsf/shell/utils/y.java	sources/sources/com/tsf/shell/utils/PercentClamper.java
sources/sources/com/tsf/shell/utils/f.java	sources/sources/com/tsf/shell/utils/PercentToAlphaConverter.java
sources/sources/com/tsf/shell/utils/c.java	sources/sources/com/tsf/shell/utils/ReusableBitmapHolder.java
sources/sources/com/tsf/shell/utils/e.java	sources/sources/com/tsf/shell/utils/SelectionDotRenderer.java
sources/sources/com/tsf/shell/utils/t.java	sources/sources/com/tsf/shell/utils/SignatureVerifier.java
sources/sources/com/tsf/shell/utils/g.java	sources/sources/com/tsf/shell/utils/StatusBarHelper.java
sources/sources/com/tsf/shell/utils/z.java	sources/sources/com/tsf/shell/utils/ZipArchiver.java
sources/sources/com/tsf/shell/widget/a/g.java	sources/sources/com/tsf/shell/widget/a/WidgetCanvas.java
sources/sources/com/tsf/shell/widget/a/b.java	sources/sources/com/tsf/shell/widget/a/WidgetConfig.java
sources/sources/com/tsf/shell/widget/a/k.java	sources/sources/com/tsf/shell/widget/a/WidgetConstants.java
sources/sources/com/tsf/shell/widget/a/e.java	sources/sources/com/tsf/shell/widget/a/WidgetContainer.java
sources/sources/com/tsf/shell/widget/a/j.java	sources/sources/com/tsf/shell/widget/a/WidgetDataProvider.java
sources/sources/com/tsf/shell/widget/a/i.java	sources/sources/com/tsf/shell/widget/a/WidgetElementBase.java
sources/sources/com/tsf/shell/widget/a/f.java	sources/sources/com/tsf/shell/widget/a/WidgetEvent.java
sources/sources/com/tsf/shell/widget/a/d.java	sources/sources/com/tsf/shell/widget/a/WidgetLabelElement.java
sources/sources/com/tsf/shell/widget/a/a.java	sources/sources/com/tsf/shell/widget/a/WidgetPanelBase.java
sources/sources/com/tsf/shell/widget/a/h.java	sources/sources/com/tsf/shell/widget/a/WidgetResources.java
sources/sources/com/tsf/shell/widget/a/c.java	sources/sources/com/tsf/shell/widget/a/WidgetState.java
sources/sources/com/tsf/shell/widget/a/a/a.java	sources/sources/com/tsf/shell/widget/a/a/WidgetVisualNode.java
sources/sources/com/tsf/shell/widget/a/a/c.java	sources/sources/com/tsf/shell/widget/a/a/WidgetVisualRenderer.java
sources/sources/com/tsf/shell/widget/a/a/b.java	sources/sources/com/tsf/shell/widget/a/a/WidgetVisualState.java
sources/sources/com/tsf/shell/widget/alarm/j.java	sources/sources/com/tsf/shell/widget/alarm/AlarmButton.java
sources/sources/com/tsf/shell/widget/alarm/r.java	sources/sources/com/tsf/shell/widget/alarm/AlarmClickEvent.java
sources/sources/com/tsf/shell/widget/alarm/n.java	sources/sources/com/tsf/shell/widget/alarm/AlarmConfig.java
sources/sources/com/tsf/shell/widget/alarm/c.java	sources/sources/com/tsf/shell/widget/alarm/AlarmConstants.java
sources/sources/com/tsf/shell/widget/alarm/a.java	sources/sources/com/tsf/shell/widget/alarm/AlarmContainer.java
sources/sources/com/tsf/shell/widget/alarm/e.java	sources/sources/com/tsf/shell/widget/alarm/AlarmDataProvider.java
sources/sources/com/tsf/shell/widget/alarm/d.java	sources/sources/com/tsf/shell/widget/alarm/AlarmDataUtils.java
sources/sources/com/tsf/shell/widget/alarm/h.java	sources/sources/com/tsf/shell/widget/alarm/AlarmIndicator.java
sources/sources/com/tsf/shell/widget/alarm/l.java	sources/sources/com/tsf/shell/widget/alarm/AlarmMeshRenderer.java
sources/sources/com/tsf/shell/widget/alarm/g.java	sources/sources/com/tsf/shell/widget/alarm/AlarmPanel.java
sources/sources/com/tsf/shell/widget/alarm/f.java	sources/sources/com/tsf/shell/widget/alarm/AlarmRenderer.java
sources/sources/com/tsf/shell/widget/alarm/m.java	sources/sources/com/tsf/shell/widget/alarm/AlarmResources.java
sources/sources/com/tsf/shell/widget/alarm/b.java	sources/sources/com/tsf/shell/widget/alarm/AlarmRoundRect.java
sources/sources/com/tsf/shell/widget/alarm/q.java	sources/sources/com/tsf/shell/widget/alarm/AlarmSettingButton.java
sources/sources/com/tsf/shell/widget/alarm/i.java	sources/sources/com/tsf/shell/widget/alarm/AlarmState.java
sources/sources/com/tsf/shell/widget/alarm/o.java	sources/sources/com/tsf/shell/widget/alarm/AlarmThemeProvider.java
sources/sources/com/tsf/shell/widget/alarm/p.java	sources/sources/com/tsf/shell/widget/alarm/AlarmTouchManager.java
sources/sources/com/tsf/shell/widget/alarm/k.java	sources/sources/com/tsf/shell/widget/alarm/AlarmTransformNode.java
sources/sources/com/tsf/shell/widget/alarm/a/a.java	sources/sources/com/tsf/shell/widget/alarm/a/AlarmIntentReceiver.java
sources/sources/com/tsf/shell/widget/alarm/b/a.java	sources/sources/com/tsf/shell/widget/alarm/b/AlarmDataBase.java
sources/sources/com/tsf/shell/widget/alarm/b/c.java	sources/sources/com/tsf/shell/widget/alarm/b/AlarmDataCursor.java
sources/sources/com/tsf/shell/widget/alarm/b/e.java	sources/sources/com/tsf/shell/widget/alarm/b/AlarmDataEntry.java
sources/sources/com/tsf/shell/widget/alarm/b/f.java	sources/sources/com/tsf/shell/widget/alarm/b/AlarmDataFilter.java
sources/sources/com/tsf/shell/widget/alarm/b/d.java	sources/sources/com/tsf/shell/widget/alarm/b/AlarmDataManager.java
sources/sources/com/tsf/shell/widget/alarm/b/b.java	sources/sources/com/tsf/shell/widget/alarm/b/AlarmDataQuery.java
sources/sources/com/tsf/shell/widget/alarm/c/a.java	sources/sources/com/tsf/shell/widget/alarm/c/AlarmComponentContainer.java
sources/sources/com/tsf/shell/widget/alarm/c/e.java	sources/sources/com/tsf/shell/widget/alarm/c/AlarmComponentEvent.java
sources/sources/com/tsf/shell/widget/alarm/c/b.java	sources/sources/com/tsf/shell/widget/alarm/c/AlarmComponentListener.java
sources/sources/com/tsf/shell/widget/alarm/c/d.java	sources/sources/com/tsf/shell/widget/alarm/c/AlarmComponentPanel.java
sources/sources/com/tsf/shell/widget/alarm/c/c.java	sources/sources/com/tsf/shell/widget/alarm/c/AlarmComponentProvider.java
sources/sources/com/tsf/shell/widget/alarm/d/b.java	sources/sources/com/tsf/shell/widget/alarm/d/AlarmConfigBase.java
sources/sources/com/tsf/shell/widget/alarm/d/c.java	sources/sources/com/tsf/shell/widget/alarm/d/AlarmConfigDefault.java
sources/sources/com/tsf/shell/widget/alarm/d/a.java	sources/sources/com/tsf/shell/widget/alarm/d/AlarmConfigEmpty.java
sources/sources/com/tsf/shell/widget/alarm/d/d.java	sources/sources/com/tsf/shell/widget/alarm/d/AlarmConfigManager.java
sources/sources/com/tsf/shell/widget/alarm/d/a/b.java	sources/sources/com/tsf/shell/widget/alarm/d/a/AlarmConfigDefaultHandler.java
sources/sources/com/tsf/shell/widget/alarm/d/a/a.java	sources/sources/com/tsf/shell/widget/alarm/d/a/AlarmConfigParser.java
sources/sources/com/tsf/shell/widget/alarm/d/a/c.java	sources/sources/com/tsf/shell/widget/alarm/d/a/AlarmConfigThemeHandler.java
sources/sources/com/tsf/shell/widget/alarm/d/b/a.java	sources/sources/com/tsf/shell/widget/alarm/d/b/AlarmConfigData.java
sources/sources/com/tsf/shell/widget/alarm/d/b/b.java	sources/sources/com/tsf/shell/widget/alarm/d/b/AlarmConfigException.java
sources/sources/com/tsf/shell/widget/alarm/provider/a.java	sources/sources/com/tsf/shell/widget/alarm/provider/AlarmProviderContract.java
sources/sources/com/tsf/shell/widget/alarm/provider/b.java	sources/sources/com/tsf/shell/widget/alarm/provider/AlarmProviderHelper.java
sources/sources/com/tsf/shell/widget/alarm/service/c.java	sources/sources/com/tsf/shell/widget/alarm/service/AlarmServiceBinder.java
sources/sources/com/tsf/shell/widget/alarm/service/b.java	sources/sources/com/tsf/shell/widget/alarm/service/IAlarmCallback.java
sources/sources/com/tsf/shell/widget/alarm/service/a.java	sources/sources/com/tsf/shell/widget/alarm/service/IAlarmService.java
sources/sources/com/tsf/shell/widget/alarm/setting/a.java	sources/sources/com/tsf/shell/widget/alarm/setting/AlarmSettingAdapter.java
sources/sources/com/tsf/shell/widget/alarm/setting/b.java	sources/sources/com/tsf/shell/widget/alarm/setting/AlarmSettingController.java
sources/sources/com/tsf/shell/widget/alarm/setting/d.java	sources/sources/com/tsf/shell/widget/alarm/setting/AlarmSettingData.java
sources/sources/com/tsf/shell/widget/alarm/setting/c.java	sources/sources/com/tsf/shell/widget/alarm/setting/AlarmSettingFragment.java
sources/sources/com/tsf/shell/widget/alarm/setting/e.java	sources/sources/com/tsf/shell/widget/alarm/setting/AlarmSettingTheme.java
sources/sources/com/tsf/shell/widget/cubeclock/m.java	sources/sources/com/tsf/shell/widget/cubeclock/CubeClockAlarmElement.java
sources/sources/com/tsf/shell/widget/cubeclock/u.java	sources/sources/com/tsf/shell/widget/cubeclock/CubeClockBatteryElement.java
sources/sources/com/tsf/shell/widget/cubeclock/g.java	sources/sources/com/tsf/shell/widget/cubeclock/CubeClockConfigBase.java
sources/sources/com/tsf/shell/widget/cubeclock/f.java	sources/sources/com/tsf/shell/widget/cubeclock/CubeClockContainer.java
sources/sources/com/tsf/shell/widget/cubeclock/t.java	sources/sources/com/tsf/shell/widget/cubeclock/CubeClockData.java
sources/sources/com/tsf/shell/widget/cubeclock/i.java	sources/sources/com/tsf/shell/widget/cubeclock/CubeClockDateElement.java
sources/sources/com/tsf/shell/widget/cubeclock/b.java	sources/sources/com/tsf/shell/widget/cubeclock/CubeClockDigitFace.java
sources/sources/com/tsf/shell/widget/cubeclock/a.java	sources/sources/com/tsf/shell/widget/cubeclock/CubeClockDigital.java
sources/sources/com/tsf/shell/widget/cubeclock/e.java	sources/sources/com/tsf/shell/widget/cubeclock/CubeClockElementBase.java
sources/sources/com/tsf/shell/widget/cubeclock/j.java	sources/sources/com/tsf/shell/widget/cubeclock/CubeClockEmpty.java
sources/sources/com/tsf/shell/widget/cubeclock/c.java	sources/sources/com/tsf/shell/widget/cubeclock/CubeClockFace.java
sources/sources/com/tsf/shell/widget/cubeclock/r.java	sources/sources/com/tsf/shell/widget/cubeclock/CubeClockFaceConfig.java
sources/sources/com/tsf/shell/widget/cubeclock/s.java	sources/sources/com/tsf/shell/widget/cubeclock/CubeClockMusicFace.java
sources/sources/com/tsf/shell/widget/cubeclock/d.java	sources/sources/com/tsf/shell/widget/cubeclock/CubeClockPanel.java
sources/sources/com/tsf/shell/widget/cubeclock/k.java	sources/sources/com/tsf/shell/widget/cubeclock/CubeClockRenderer.java
sources/sources/com/tsf/shell/widget/cubeclock/o.java	sources/sources/com/tsf/shell/widget/cubeclock/CubeClockResources.java
sources/sources/com/tsf/shell/widget/cubeclock/l.java	sources/sources/com/tsf/shell/widget/cubeclock/CubeClockSecondsElement.java
sources/sources/com/tsf/shell/widget/cubeclock/h.java	sources/sources/com/tsf/shell/widget/cubeclock/CubeClockSmallElement.java
sources/sources/com/tsf/shell/widget/cubeclock/q.java	sources/sources/com/tsf/shell/widget/cubeclock/CubeClockTouchHandler.java
sources/sources/com/tsf/shell/widget/cubeclock/n.java	sources/sources/com/tsf/shell/widget/cubeclock/CubeClockWeatherFace.java
sources/sources/com/tsf/shell/widget/cubeclock/p.java	sources/sources/com/tsf/shell/widget/cubeclock/CubeClockWidgetFace.java
sources/sources/com/tsf/shell/widget/cubeclock/a/a.java	sources/sources/com/tsf/shell/widget/cubeclock/a/CubeClockDefaultFace.java
sources/sources/com/tsf/shell/widget/cubeclock/a/b.java	sources/sources/com/tsf/shell/widget/cubeclock/a/CubeClockThemedFace.java
sources/sources/com/tsf/shell/widget/cubeclock/provider/b.java	sources/sources/com/tsf/shell/widget/cubeclock/provider/CubeClockProviderContract.java
sources/sources/com/tsf/shell/widget/cubeclock/provider/a.java	sources/sources/com/tsf/shell/widget/cubeclock/provider/CubeClockProviderHelper.java

# C3DEngine directory renames (batch from AGENTS session)
sources/sources/com/censivn/C3DEngine/b/f/a/	sources/sources/com/censivn/C3DEngine/b/f/sprite/
sources/sources/com/censivn/C3DEngine/b/f/b/	sources/sources/com/censivn/C3DEngine/b/f/ninepatch/
sources/sources/com/censivn/C3DEngine/c/a/a/	sources/sources/com/censivn/C3DEngine/c/a/spring/
sources/sources/com/censivn/C3DEngine/b/g/_c/a/	sources/sources/com/censivn/C3DEngine/b/g/_c/orbit/

# C3DEngine constructor fixes (52 files, 79+ constructors)
sources/sources/com/censivn/C3DEngine/a/EngineController.java	(ctor f→EngineController)
sources/sources/com/censivn/C3DEngine/a/GLSurfaceViewWrapper.java	(ctor a→GLSurfaceViewWrapper)
sources/sources/com/censivn/C3DEngine/a/GestureDetector.java	(inner ctor a→GestureHandler)
sources/sources/com/censivn/C3DEngine/a/RendererImpl.java	(ctor e→RendererImpl)
sources/sources/com/censivn/C3DEngine/b/a/MeshData.java	(ctor a→MeshData)
sources/sources/com/censivn/C3DEngine/b/b/DesktopRenderer.java	(ctor c→DesktopRenderer)
sources/sources/com/censivn/C3DEngine/b/b/a/TitleBarRenderer.java	(ctor a→TitleBarRenderer)
sources/sources/com/censivn/C3DEngine/b/f/AltColoredRectRenderable.java	(ctor e→AltColoredRectRenderable)
sources/sources/com/censivn/C3DEngine/b/f/BaseColoredRectRenderable.java	(ctor h→BaseColoredRectRenderable)
sources/sources/com/censivn/C3DEngine/b/f/BaseRenderable.java	(ctor j→BaseRenderable)
sources/sources/com/censivn/C3DEngine/b/f/Box3DRenderable.java	(ctor c→Box3DRenderable)
sources/sources/com/censivn/C3DEngine/b/f/ButtonRenderable.java	(ctor l→ButtonRenderable)
sources/sources/com/censivn/C3DEngine/b/f/ColoredRectRenderable.java	(ctor d→ColoredRectRenderable)
sources/sources/com/censivn/C3DEngine/b/f/EmptyRenderable.java	(ctor n→EmptyRenderable)
sources/sources/com/censivn/C3DEngine/b/f/GridRenderable.java	(ctor k→GridRenderable)
sources/sources/com/censivn/C3DEngine/b/f/IRenderable.java	(ctor i→IRenderable)
sources/sources/com/censivn/C3DEngine/b/f/LabelRenderable.java	(ctor m→LabelRenderable)
sources/sources/com/censivn/C3DEngine/b/f/ObjectPoolRenderable.java	(ctor B→ObjectPoolRenderable)
sources/sources/com/censivn/C3DEngine/b/f/ResourceGridRenderable.java	(ctor g→ResourceGridRenderable)
sources/sources/com/censivn/C3DEngine/b/f/SortedContainerRenderable.java	(ctor A→SortedContainerRenderable)
sources/sources/com/censivn/C3DEngine/b/g/a/PropertyTween.java	(ctor b→PropertyTween)
sources/sources/com/censivn/C3DEngine/b/g/a/RenderableTween.java	(ctor a→RenderableTween)
sources/sources/com/censivn/C3DEngine/b/g/a/TimedTween.java	(ctor d→TimedTween)
sources/sources/com/censivn/C3DEngine/b/h/a/LoadingSpinner.java	(ctor a→LoadingSpinner)
sources/sources/com/censivn/C3DEngine/b/h/a/PageThumbnailRenderer.java	(ctor a→PageThumbnailRenderer)
sources/sources/com/censivn/C3DEngine/b/h/a/SparkleEffect.java	(ctor b→SparkleEffect)
sources/sources/com/censivn/C3DEngine/b/h/b/DesktopTouchHandler.java	(ctor a→DesktopTouchHandler)
sources/sources/com/censivn/C3DEngine/b/h/b/DesktopTouchHandlerC.java	(ctor c→DesktopTouchHandlerC)
sources/sources/com/censivn/C3DEngine/b/h/b/DesktopTouchHandlerE.java	(ctor e→DesktopTouchHandlerE)
sources/sources/com/censivn/C3DEngine/b/h/b/DesktopTouchHandlerG.java	(ctor g→DesktopTouchHandlerG)
sources/sources/com/censivn/C3DEngine/b/h/b/DesktopTouchHandlerH.java	(ctor h→DesktopTouchHandlerH)
sources/sources/com/censivn/C3DEngine/b/h/d/LabeledProgressBar.java	(ctor c→LabeledProgressBar)
sources/sources/com/censivn/C3DEngine/b/h/d/ProgressBarItem.java	(ctor b→ProgressBarItem)
sources/sources/com/censivn/C3DEngine/b/h/d/ProgressBarWidget.java	(ctor a→ProgressBarWidget)
sources/sources/com/censivn/C3DEngine/b/h/e/DockRenderer.java	(ctor a→DockRenderer)
sources/sources/com/censivn/C3DEngine/b/h/e/DockRendererB.java	(ctor b→DockRendererB)
sources/sources/com/censivn/C3DEngine/c/PhysicsSystem.java	(ctor A→PhysicsSystem)
sources/sources/com/censivn/C3DEngine/e/LittleEndianInputStream.java	(ctor c→LittleEndianInputStream)
sources/sources/com/censivn/C3DEngine/f/AbstractShaderBase.java	(ctor a→AbstractShaderBase)
sources/sources/com/censivn/C3DEngine/f/ColorRGBA.java	(ctor c→ColorRGBA)
sources/sources/com/censivn/C3DEngine/f/DrawMode.java	(ctor e→DrawMode)
sources/sources/com/censivn/C3DEngine/f/ShadingModel.java	(ctor f→ShadingModel)
sources/sources/com/censivn/C3DEngine/f/Vertex3s.java	(ctor d→Vertex3s)
sources/sources/com/censivn/C3DEngine/b/f/_a/AltNinePatchBounds.java	(ctor b→AltNinePatchBounds)
sources/sources/com/censivn/C3DEngine/b/f/_a/AltNinePatchRenderable.java	(ctor a→AltNinePatchRenderable)
sources/sources/com/censivn/C3DEngine/b/f/_b/AltTextureSpriteRenderable.java	(ctor a→AltTextureSpriteRenderable)
sources/sources/com/censivn/C3DEngine/b/f/ninepatch/NinePatchBounds.java	(ctor b→NinePatchBounds)
sources/sources/com/censivn/C3DEngine/b/f/ninepatch/NinePatchRenderable.java	(ctor a→NinePatchRenderable)
sources/sources/com/censivn/C3DEngine/b/f/sprite/TextureSpriteRenderable.java	(ctor a→TextureSpriteRenderable)
sources/sources/com/censivn/C3DEngine/c/a/spring/DampedSpringConstraint.java	(ctor b→DampedSpringConstraint)
sources/sources/com/censivn/C3DEngine/c/a/spring/SpringConstraint.java	(ctor a→SpringConstraint)
sources/sources/com/censivn/C3DEngine/b/g/_c/orbit/OrbitTween.java	(ctor a→OrbitTween)

# C3DEngine/b/c/ constructor entries (Phase 10)
sources/sources/com/censivn/C3DEngine/b/c/ActivityResultBridge.java	(ctor a→ActivityResultBridge)
sources/sources/com/censivn/C3DEngine/b/c/KeyboardHandler.java	(ctor b→KeyboardHandler)
sources/sources/com/censivn/C3DEngine/b/c/TaskDispatcher.java	(ctor c→TaskDispatcher)
sources/sources/com/censivn/C3DEngine/b/c/AnimationListener.java	(ctor d→AnimationListener)
sources/sources/com/censivn/C3DEngine/b/c/WindowManager.java	(ctor e→WindowManager)
sources/sources/com/censivn/C3DEngine/b/c/TextureFactory.java	(ctor f→TextureFactory)
sources/sources/com/censivn/C3DEngine/b/a/a.java	sources/sources/com/censivn/C3DEngine/b/a/MeshData.java
sources/sources/com/censivn/C3DEngine/b/b/c.java	sources/sources/com/censivn/C3DEngine/b/b/DesktopRenderer.java
sources/sources/com/censivn/C3DEngine/b/b/A.java	sources/sources/com/censivn/C3DEngine/b/b/ScreenConstants.java
sources/sources/com/censivn/C3DEngine/b/b/b.java	sources/sources/com/censivn/C3DEngine/b/b/TouchState.java
sources/sources/com/censivn/C3DEngine/b/b/d.java	sources/sources/com/censivn/C3DEngine/b/b/ZoomRenderer.java
sources/sources/com/censivn/C3DEngine/b/b/a/b.java	sources/sources/com/censivn/C3DEngine/b/b/a/BaseSliderRenderer.java
sources/sources/com/censivn/C3DEngine/b/b/a/e.java	sources/sources/com/censivn/C3DEngine/b/b/a/HorizontalPageRenderer.java
sources/sources/com/censivn/C3DEngine/b/b/a/c.java	sources/sources/com/censivn/C3DEngine/b/b/a/SliderRenderer.java
sources/sources/com/censivn/C3DEngine/b/b/a/a.java	sources/sources/com/censivn/C3DEngine/b/b/a/TitleBarRenderer.java
sources/sources/com/censivn/C3DEngine/b/b/a/d.java	sources/sources/com/censivn/C3DEngine/b/b/a/VerticalPageRenderer.java
sources/sources/com/censivn/C3DEngine/b/c/a.java	sources/sources/com/censivn/C3DEngine/b/c/ActivityResultBridge.java
sources/sources/com/censivn/C3DEngine/b/c/d.java	sources/sources/com/censivn/C3DEngine/b/c/AnimationListener.java
sources/sources/com/censivn/C3DEngine/b/c/b.java	sources/sources/com/censivn/C3DEngine/b/c/KeyboardHandler.java
sources/sources/com/censivn/C3DEngine/b/c/c.java	sources/sources/com/censivn/C3DEngine/b/c/TaskDispatcher.java
sources/sources/com/censivn/C3DEngine/b/c/f.java	sources/sources/com/censivn/C3DEngine/b/c/TextureFactory.java
sources/sources/com/censivn/C3DEngine/b/c/e.java	sources/sources/com/censivn/C3DEngine/b/c/WindowManager.java
sources/sources/com/censivn/C3DEngine/b/d/a.java	sources/sources/com/censivn/C3DEngine/b/d/MouseEventListener.java
sources/sources/com/censivn/C3DEngine/b/e/f.java	sources/sources/com/censivn/C3DEngine/b/e/AbstractPanelRenderer.java
sources/sources/com/censivn/C3DEngine/b/e/j.java	sources/sources/com/censivn/C3DEngine/b/e/ActionButtonRenderer.java
sources/sources/com/censivn/C3DEngine/b/e/c.java	sources/sources/com/censivn/C3DEngine/b/e/DesktopPanelRenderer.java
sources/sources/com/censivn/C3DEngine/b/e/a.java	sources/sources/com/censivn/C3DEngine/b/e/IconButtonRenderer.java
sources/sources/com/censivn/C3DEngine/b/e/g.java	sources/sources/com/censivn/C3DEngine/b/e/IconLabelRenderer.java
sources/sources/com/censivn/C3DEngine/b/e/b.java	sources/sources/com/censivn/C3DEngine/b/e/LabeledIconRenderer.java
sources/sources/com/censivn/C3DEngine/b/e/e.java	sources/sources/com/censivn/C3DEngine/b/e/PercentLabelRenderer.java
sources/sources/com/censivn/C3DEngine/b/e/h.java	sources/sources/com/censivn/C3DEngine/b/e/TextIconRenderer.java
sources/sources/com/censivn/C3DEngine/c/B.java	sources/sources/com/censivn/C3DEngine/c/IPhysicsSystem.java
sources/sources/com/censivn/C3DEngine/c/A.java	sources/sources/com/censivn/C3DEngine/c/PhysicsSystem.java
sources/sources/com/censivn/C3DEngine/c/a/d.java	sources/sources/com/censivn/C3DEngine/c/a/BaseParticle.java
sources/sources/com/censivn/C3DEngine/c/a/A.java	sources/sources/com/censivn/C3DEngine/c/a/ConstraintList.java
sources/sources/com/censivn/C3DEngine/c/a/c.java	sources/sources/com/censivn/C3DEngine/c/a/Particle.java
sources/sources/com/censivn/C3DEngine/c/a/e.java	sources/sources/com/censivn/C3DEngine/c/a/ParticleData.java
sources/sources/com/censivn/C3DEngine/c/a/b.java	sources/sources/com/censivn/C3DEngine/c/a/ParticleTransform.java
sources/sources/com/censivn/C3DEngine/c/b/c.java	sources/sources/com/censivn/C3DEngine/c/b/ConstraintPhysicsSystem.java
sources/sources/com/censivn/C3DEngine/c/b/b.java	sources/sources/com/censivn/C3DEngine/c/b/SpringPhysicsSystem.java
sources/sources/com/censivn/C3DEngine/c/b/a.java	sources/sources/com/censivn/C3DEngine/c/b/WavePhysicsSystem.java
sources/sources/com/censivn/C3DEngine/b/h/a/a.java	sources/sources/com/censivn/C3DEngine/b/h/a/PageThumbnailRenderer.java
sources/sources/com/censivn/C3DEngine/b/h/a/b.java	sources/sources/com/censivn/C3DEngine/b/h/a/SparkleEffect.java
sources/sources/com/censivn/C3DEngine/b/h/b/a.java	sources/sources/com/censivn/C3DEngine/b/h/b/DesktopTouchHandler.java
sources/sources/com/censivn/C3DEngine/b/h/b/b.java	sources/sources/com/censivn/C3DEngine/b/h/b/DesktopTouchHandlerB.java
sources/sources/com/censivn/C3DEngine/b/h/b/c.java	sources/sources/com/censivn/C3DEngine/b/h/b/DesktopTouchHandlerC.java
sources/sources/com/censivn/C3DEngine/b/h/b/d.java	sources/sources/com/censivn/C3DEngine/b/h/b/DesktopTouchHandlerD.java
sources/sources/com/censivn/C3DEngine/b/h/b/e.java	sources/sources/com/censivn/C3DEngine/b/h/b/DesktopTouchHandlerE.java
sources/sources/com/censivn/C3DEngine/b/h/b/f.java	sources/sources/com/censivn/C3DEngine/b/h/b/DesktopTouchHandlerF.java
sources/sources/com/censivn/C3DEngine/b/h/b/g.java	sources/sources/com/censivn/C3DEngine/b/h/b/DesktopTouchHandlerG.java
sources/sources/com/censivn/C3DEngine/b/h/b/h.java	sources/sources/com/censivn/C3DEngine/b/h/b/DesktopTouchHandlerH.java
sources/sources/com/censivn/C3DEngine/b/h/c/a.java	sources/sources/com/censivn/C3DEngine/b/h/c/LoadingSpinner.java
sources/sources/com/censivn/C3DEngine/b/h/d/c.java	sources/sources/com/censivn/C3DEngine/b/h/d/LabeledProgressBar.java
sources/sources/com/censivn/C3DEngine/b/h/d/b.java	sources/sources/com/censivn/C3DEngine/b/h/d/ProgressBarItem.java
sources/sources/com/censivn/C3DEngine/b/h/d/a.java	sources/sources/com/censivn/C3DEngine/b/h/d/ProgressBarWidget.java
sources/sources/com/censivn/C3DEngine/b/h/e/a.java	sources/sources/com/censivn/C3DEngine/b/h/e/DockRenderer.java
sources/sources/com/censivn/C3DEngine/b/h/e/b.java	sources/sources/com/censivn/C3DEngine/b/h/e/DockRendererB.java
sources/sources/com/censivn/C3DEngine/b/g/B.java	sources/sources/com/censivn/C3DEngine/b/g/EasingInterpolator.java
sources/sources/com/censivn/C3DEngine/b/g/b.java	sources/sources/com/censivn/C3DEngine/b/g/EasingInterpolator.java
sources/sources/com/censivn/C3DEngine/b/g/C.java	sources/sources/com/censivn/C3DEngine/b/g/TweenManager.java
sources/sources/com/censivn/C3DEngine/b/g/d.java	sources/sources/com/censivn/C3DEngine/b/g/TweenParams.java
sources/sources/com/censivn/C3DEngine/b/g/c.java	sources/sources/com/censivn/C3DEngine/b/g/TweenManager.java
sources/sources/com/censivn/C3DEngine/b/g/_b/a.java	sources/sources/com/censivn/C3DEngine/b/g/_b/ITweenTarget.java
sources/sources/com/censivn/C3DEngine/b/g/_b/b.java	sources/sources/com/censivn/C3DEngine/b/g/_b/TweenTargetWrapper.java
sources/sources/com/censivn/C3DEngine/b/g/a/c.java	sources/sources/com/censivn/C3DEngine/b/g/a/AbstractTween.java
sources/sources/com/censivn/C3DEngine/b/g/a/b.java	sources/sources/com/censivn/C3DEngine/b/g/a/PropertyTween.java
sources/sources/com/censivn/C3DEngine/b/g/a/a.java	sources/sources/com/censivn/C3DEngine/b/g/a/RenderableTween.java
sources/sources/com/censivn/C3DEngine/b/g/a/d.java	sources/sources/com/censivn/C3DEngine/b/g/a/TimedTween.java
sources/sources/com/censivn/C3DEngine/b/f/e.java	sources/sources/com/censivn/C3DEngine/b/f/AltColoredRectRenderable.java
sources/sources/com/censivn/C3DEngine/b/f/h.java	sources/sources/com/censivn/C3DEngine/b/f/BaseColoredRectRenderable.java
sources/sources/com/censivn/C3DEngine/b/f/j.java	sources/sources/com/censivn/C3DEngine/b/f/BaseRenderable.java
sources/sources/com/censivn/C3DEngine/b/f/c.java	sources/sources/com/censivn/C3DEngine/b/f/Box3DRenderable.java
sources/sources/com/censivn/C3DEngine/b/f/l.java	sources/sources/com/censivn/C3DEngine/b/f/ButtonRenderable.java
sources/sources/com/censivn/C3DEngine/b/f/d.java	sources/sources/com/censivn/C3DEngine/b/f/ColoredRectRenderable.java
sources/sources/com/censivn/C3DEngine/b/f/n.java	sources/sources/com/censivn/C3DEngine/b/f/EmptyRenderable.java
sources/sources/com/censivn/C3DEngine/b/f/k.java	sources/sources/com/censivn/C3DEngine/b/f/GridRenderable.java
sources/sources/com/censivn/C3DEngine/b/f/i.java	sources/sources/com/censivn/C3DEngine/b/f/IRenderable.java
sources/sources/com/censivn/C3DEngine/b/f/f.java	sources/sources/com/censivn/C3DEngine/b/f/IRenderableContainer.java
sources/sources/com/censivn/C3DEngine/b/f/m.java	sources/sources/com/censivn/C3DEngine/b/f/LabelRenderable.java
sources/sources/com/censivn/C3DEngine/b/f/B.java	sources/sources/com/censivn/C3DEngine/b/f/ObjectPoolRenderable.java
sources/sources/com/censivn/C3DEngine/b/f/g.java	sources/sources/com/censivn/C3DEngine/b/f/ResourceGridRenderable.java
sources/sources/com/censivn/C3DEngine/b/f/A.java	sources/sources/com/censivn/C3DEngine/b/f/SortedContainerRenderable.java
sources/sources/com/censivn/C3DEngine/b/f/_a/b.java	sources/sources/com/censivn/C3DEngine/b/f/_a/AltSpriteItemData.java
sources/sources/com/censivn/C3DEngine/b/f/_a/a.java	sources/sources/com/censivn/C3DEngine/b/f/_a/AltTextureSpriteRenderable.java
sources/sources/com/censivn/C3DEngine/b/f/_b/b.java	sources/sources/com/censivn/C3DEngine/b/f/_b/AltNinePatchBounds.java
sources/sources/com/censivn/C3DEngine/b/f/_b/a.java	sources/sources/com/censivn/C3DEngine/b/f/_b/AltNinePatchRenderable.java
sources/sources/com/censivn/C3DEngine/b/f/a/b.java	sources/sources/com/censivn/C3DEngine/b/f/_a/AltSpriteItemData.java
sources/sources/com/censivn/C3DEngine/b/f/a/a.java	sources/sources/com/censivn/C3DEngine/b/f/_a/AltTextureSpriteRenderable.java
sources/sources/com/censivn/C3DEngine/b/f/b/b.java	sources/sources/com/censivn/C3DEngine/b/f/_b/AltNinePatchBounds.java
sources/sources/com/censivn/C3DEngine/b/f/b/a.java	sources/sources/com/censivn/C3DEngine/b/f/_b/AltNinePatchRenderable.java
sources/sources/com/censivn/C3DEngine/api/effects/a.java	sources/sources/com/censivn/C3DEngine/api/effects/StubEffect.java
sources/sources/com/censivn/C3DEngine/api/element/info/b.java	sources/sources/com/censivn/C3DEngine/api/element/info/LayoutBounds.java
sources/sources/com/censivn/C3DEngine/api/element/info/shortcut/a.java	sources/sources/com/censivn/C3DEngine/api/element/info/shortcut/GridPosition.java
sources/sources/com/censivn/C3DEngine/A.java	sources/sources/com/censivn/C3DEngine/C3DEngine.java
sources/sources/com/censivn/C3DEngine/a/a.java	sources/sources/com/censivn/C3DEngine/a/GLSurfaceViewWrapper.java
sources/sources/com/censivn/C3DEngine/a/b.java	sources/sources/com/censivn/C3DEngine/a/GestureDetector.java
sources/sources/com/censivn/C3DEngine/a/c.java	sources/sources/com/censivn/C3DEngine/a/MatrixUtils.java
sources/sources/com/censivn/C3DEngine/a/e.java	sources/sources/com/censivn/C3DEngine/a/RendererImpl.java
sources/sources/com/censivn/C3DEngine/a/g.java	sources/sources/com/censivn/C3DEngine/a/SceneGraph.java
sources/sources/com/censivn/C3DEngine/a/d.java	sources/sources/com/censivn/C3DEngine/a/TouchDispatcher.java
sources/sources/com/censivn/C3DEngine/d/a.java	sources/sources/com/censivn/C3DEngine/d/AnimationCallback.java
sources/sources/com/censivn/C3DEngine/d/b.java	sources/sources/com/censivn/C3DEngine/d/UpdateCallback.java
sources/sources/com/censivn/C3DEngine/f/a.java	sources/sources/com/censivn/C3DEngine/f/AbstractShaderBase.java
sources/sources/com/censivn/C3DEngine/f/c.java	sources/sources/com/censivn/C3DEngine/f/ColorRGBA.java
sources/sources/com/censivn/C3DEngine/f/e.java	sources/sources/com/censivn/C3DEngine/f/DrawMode.java
sources/sources/com/censivn/C3DEngine/f/b.java	sources/sources/com/censivn/C3DEngine/f/Normal3f.java
sources/sources/com/censivn/C3DEngine/f/f.java	sources/sources/com/censivn/C3DEngine/f/ShadingModel.java
sources/sources/com/censivn/C3DEngine/f/d.java	sources/sources/com/censivn/C3DEngine/f/Vertex3s.java
sources/sources/com/censivn/C3DEngine/e/d.java	sources/sources/com/censivn/C3DEngine/e/MD2Parser.java
sources/sources/com/censivn/C3DEngine/e/e.java	sources/sources/com/censivn/C3DEngine/e/Max3DSParser.java
sources/sources/com/censivn/C3DEngine/e/i.java	sources/sources/com/censivn/C3DEngine/e/ModelParserFactory.java
sources/sources/com/censivn/C3DEngine/e/f.java	sources/sources/com/censivn/C3DEngine/e/ObjParser.java
sources/sources/com/censivn/C3DEngine/e/a.java	sources/sources/com/censivn/C3DEngine/e/AbstractModelParser.java
sources/sources/com/censivn/C3DEngine/e/g.java	sources/sources/com/censivn/C3DEngine/e/MeshData.java
sources/sources/com/censivn/C3DEngine/e/h.java	sources/sources/com/censivn/C3DEngine/e/FaceGroup.java
sources/sources/com/censivn/C3DEngine/e/b.java	sources/sources/com/censivn/C3DEngine/e/IModelParser.java
sources/sources/com/censivn/C3DEngine/e/c.java	sources/sources/com/censivn/C3DEngine/e/LittleEndianInputStream.java
sources/sources/com/censivn/C3DEngine/b/g/b/a.java	sources/sources/com/censivn/C3DEngine/b/g/_b/ITweenTarget.java
sources/sources/com/censivn/C3DEngine/b/g/b/b.java	sources/sources/com/censivn/C3DEngine/b/g/_b/TweenTargetWrapper.java
sources/sources/com/censivn/C3DEngine/a.java	sources/sources/com/censivn/C3DEngine/C3DEngine.java
sources/sources/com/censivn/C3DEngine/b/b/a.java	sources/sources/com/censivn/C3DEngine/b/b/ScreenConstants.java
sources/sources/com/censivn/C3DEngine/b/f/a.java	sources/sources/com/censivn/C3DEngine/b/f/SortedContainerRenderable.java
sources/sources/com/censivn/C3DEngine/b/f/b.java	sources/sources/com/censivn/C3DEngine/b/f/ObjectPoolRenderable.java
sources/sources/com/censivn/C3DEngine/c/a.java	sources/sources/com/censivn/C3DEngine/c/PhysicsSystem.java
sources/sources/com/censivn/C3DEngine/c/b.java	sources/sources/com/censivn/C3DEngine/c/IPhysicsSystem.java
sources/sources/com/censivn/C3DEngine/c/a/a.java	sources/sources/com/censivn/C3DEngine/c/a/ConstraintList.java
sources/sources/com/tsf/extend/A.java	sources/sources/com/tsf/extend/ConfigConstants.java
sources/sources/com/tsf/extend/a.java	sources/sources/com/tsf/extend/ConfigConstants.java
sources/sources/com/tsf/extend/a/a.java	sources/sources/com/tsf/extend/a/CharParser.java
sources/sources/com/tsf/extend/a/b.java	sources/sources/com/tsf/extend/a/SvgPicture.java
sources/sources/com/tsf/extend/a/c.java	sources/sources/com/tsf/extend/a/NamedColorMap.java
sources/sources/com/tsf/extend/a/d.java	sources/sources/com/tsf/extend/a/SvgParseException.java
sources/sources/com/tsf/extend/a/e.java	sources/sources/com/tsf/extend/a/SvgParser.java
sources/sources/com/tsf/extend/b.java	sources/sources/com/tsf/extend/BuildFlags.java
sources/sources/com/tsf/extend/base/A.java	sources/sources/com/tsf/extend/base/BinderProxy.java
sources/sources/com/tsf/extend/base/B.java	sources/sources/com/tsf/extend/base/PlayStoreHelper.java
sources/sources/com/tsf/extend/base/C.java	sources/sources/com/tsf/extend/base/HttpDownloader.java
sources/sources/com/tsf/extend/base/D.java	sources/sources/com/tsf/extend/base/ResultCallback.java
sources/sources/com/tsf/extend/base/a.java	sources/sources/com/tsf/extend/base/BinderProxy.java
sources/sources/com/tsf/extend/base/a/a.java	sources/sources/com/tsf/extend/base/a/BaseApiRequest.java
sources/sources/com/tsf/extend/base/a/b.java	sources/sources/com/tsf/extend/base/a/ApiRequestImpl.java
sources/sources/com/tsf/extend/base/actstru/model/A.java	sources/sources/com/tsf/extend/base/actstru/model/EventSystemConfig.java
sources/sources/com/tsf/extend/base/actstru/model/a.java	sources/sources/com/tsf/extend/base/actstru/model/EventSystemConfig.java
sources/sources/com/tsf/extend/base/actstru/model/a/a.java	sources/sources/com/tsf/extend/base/actstru/model/a/CalligraphyConfig.java
sources/sources/com/tsf/extend/base/actstru/model/a/b.java	sources/sources/com/tsf/extend/base/actstru/model/a/CalligraphyContextWrapper.java
sources/sources/com/tsf/extend/base/actstru/model/a/c.java	sources/sources/com/tsf/extend/base/actstru/model/a/CalligraphyFactory.java
sources/sources/com/tsf/extend/base/actstru/model/a/d.java	sources/sources/com/tsf/extend/base/actstru/model/a/CalligraphyLayoutInflater.java
sources/sources/com/tsf/extend/base/actstru/model/a/e.java	sources/sources/com/tsf/extend/base/actstru/model/a/FontUtils.java
sources/sources/com/tsf/extend/base/actstru/model/b.java	sources/sources/com/tsf/extend/base/actstru/model/TaskWrapper.java
sources/sources/com/tsf/extend/base/actstru/model/c.java	sources/sources/com/tsf/extend/base/actstru/model/BaseDispatcher.java
sources/sources/com/tsf/extend/base/actstru/model/d.java	sources/sources/com/tsf/extend/base/actstru/model/EventData.java
sources/sources/com/tsf/extend/base/actstru/model/e.java	sources/sources/com/tsf/extend/base/actstru/model/EventHandler.java
sources/sources/com/tsf/extend/base/actstru/model/f.java	sources/sources/com/tsf/extend/base/actstru/model/EventDispatcher.java
sources/sources/com/tsf/extend/base/actstru/model/g.java	sources/sources/com/tsf/extend/base/actstru/model/TaskHandler.java
sources/sources/com/tsf/extend/base/actstru/model/h.java	sources/sources/com/tsf/extend/base/actstru/model/EventChannel.java
sources/sources/com/tsf/extend/base/actstru/model/i.java	sources/sources/com/tsf/extend/base/actstru/model/EventTarget.java
sources/sources/com/tsf/extend/base/actstru/model/j.java	sources/sources/com/tsf/extend/base/actstru/model/Task.java
sources/sources/com/tsf/extend/base/actstru/model/k.java	sources/sources/com/tsf/extend/base/actstru/model/TaskDispatcher.java
sources/sources/com/tsf/extend/base/actstru/model/l.java	sources/sources/com/tsf/extend/base/actstru/model/TypefaceCache.java
sources/sources/com/tsf/extend/base/b.java	sources/sources/com/tsf/extend/base/PlayStoreHelper.java
sources/sources/com/tsf/extend/base/b/A.java	sources/sources/com/tsf/extend/base/b/PagedListModel.java
sources/sources/com/tsf/extend/base/b/a.java	sources/sources/com/tsf/extend/base/b/PagedListModel.java
sources/sources/com/tsf/extend/base/b/a/a.java	sources/sources/com/tsf/extend/base/b/a/BitmapCacheHelper.java
sources/sources/com/tsf/extend/base/b/a/b.java	sources/sources/com/tsf/extend/base/b/a/LruCacheManager.java
sources/sources/com/tsf/extend/base/b/b.java	sources/sources/com/tsf/extend/base/b/FilterPredicate.java
sources/sources/com/tsf/extend/base/b/c.java	sources/sources/com/tsf/extend/base/b/DiskCache.java
sources/sources/com/tsf/extend/base/c.java	sources/sources/com/tsf/extend/base/HttpDownloader.java
sources/sources/com/tsf/extend/base/c/a.java	sources/sources/com/tsf/extend/base/c/ProgressCallback.java
sources/sources/com/tsf/extend/base/c/b.java	sources/sources/com/tsf/extend/base/c/ServiceBinderA.java
sources/sources/com/tsf/extend/base/c/c.java	sources/sources/com/tsf/extend/base/c/ServiceBinderB.java
sources/sources/com/tsf/extend/base/c/d.java	sources/sources/com/tsf/extend/base/c/ServiceCallback.java
sources/sources/com/tsf/extend/base/c/e.java	sources/sources/com/tsf/extend/base/c/ServiceBinderC.java
sources/sources/com/tsf/extend/base/d.java	sources/sources/com/tsf/extend/base/ResultCallback.java
sources/sources/com/tsf/extend/base/d/a.java	sources/sources/com/tsf/extend/base/d/BaseDataProvider.java
sources/sources/com/tsf/extend/base/d/b.java	sources/sources/com/tsf/extend/base/d/DeviceInfoHelper.java
sources/sources/com/tsf/extend/base/e/a.java	sources/sources/com/tsf/extend/base/e/TypefaceManager.java
sources/sources/com/tsf/extend/base/f/a.java	sources/sources/com/tsf/extend/base/f/BitmapRequest.java
sources/sources/com/tsf/extend/base/f/b.java	sources/sources/com/tsf/extend/base/f/JsonRequestBuilder.java
sources/sources/com/tsf/extend/base/f/c.java	sources/sources/com/tsf/extend/base/f/RequestQueueHelper.java
sources/sources/com/tsf/extend/base/g/a.java	sources/sources/com/tsf/extend/base/g/FacebookShare.java
sources/sources/com/tsf/extend/base/g/b.java	sources/sources/com/tsf/extend/base/g/GooglePlusShare.java
sources/sources/com/tsf/extend/base/g/c.java	sources/sources/com/tsf/extend/base/g/ShareIntentHandler.java
sources/sources/com/tsf/extend/base/g/d.java	sources/sources/com/tsf/extend/base/g/BaseShareHandler.java
sources/sources/com/tsf/extend/base/g/e.java	sources/sources/com/tsf/extend/base/g/TwitterShare.java
sources/sources/com/tsf/extend/base/h/a.java	sources/sources/com/tsf/extend/base/h/LogWriter.java
sources/sources/com/tsf/extend/base/h/b.java	sources/sources/com/tsf/extend/base/h/AbstractLogProvider.java
sources/sources/com/tsf/extend/base/h/c.java	sources/sources/com/tsf/extend/base/h/PreferencesHelper.java
sources/sources/com/tsf/extend/base/i/a.java	sources/sources/com/tsf/extend/base/i/InstallReferrerHandler.java
sources/sources/com/tsf/extend/base/j/a.java	sources/sources/com/tsf/extend/base/j/CryptoUtils.java
sources/sources/com/tsf/extend/base/j/b.java	sources/sources/com/tsf/extend/base/j/ViewCompatUtils.java
sources/sources/com/tsf/extend/base/j/c.java	sources/sources/com/tsf/extend/base/j/ChannelUtils.java
sources/sources/com/tsf/extend/base/j/d.java	sources/sources/com/tsf/extend/base/j/AppEnvUtils.java
sources/sources/com/tsf/extend/base/j/e.java	sources/sources/com/tsf/extend/base/j/BitmapUtils.java
sources/sources/com/tsf/extend/base/j/f.java	sources/sources/com/tsf/extend/base/j/PackageUtils.java
sources/sources/com/tsf/extend/base/j/g.java	sources/sources/com/tsf/extend/base/j/DeviceUtils.java
sources/sources/com/tsf/extend/base/j/h.java	sources/sources/com/tsf/extend/base/j/AccountUtils.java
sources/sources/com/tsf/extend/base/j/i.java	sources/sources/com/tsf/extend/base/j/DisplayUtils.java
sources/sources/com/tsf/extend/base/j/j.java	sources/sources/com/tsf/extend/base/j/ScreenUtils.java
sources/sources/com/tsf/extend/base/j/l.java	sources/sources/com/tsf/extend/base/j/FileIOUtils.java
sources/sources/com/tsf/extend/base/j/m.java	sources/sources/com/tsf/extend/base/j/MarketUtils.java
sources/sources/com/tsf/extend/base/j/n.java	sources/sources/com/tsf/extend/base/j/BrowserUtils.java
sources/sources/com/tsf/extend/base/j/o.java	sources/sources/com/tsf/extend/base/j/NetworkUtils.java
sources/sources/com/tsf/extend/base/j/p.java	sources/sources/com/tsf/extend/base/j/StorageUtils.java
sources/sources/com/tsf/extend/base/j/q.java	sources/sources/com/tsf/extend/base/j/LogUtils.java
sources/sources/com/tsf/extend/base/j/r.java	sources/sources/com/tsf/extend/base/j/MD5Utils.java
sources/sources/com/tsf/extend/base/j/s.java	sources/sources/com/tsf/extend/base/j/RippleUtils.java
sources/sources/com/tsf/extend/base/j/t.java	sources/sources/com/tsf/extend/base/j/CarrierUtils.java
sources/sources/com/tsf/extend/base/j/u.java	sources/sources/com/tsf/extend/base/j/ConnectivityUtils.java
sources/sources/com/tsf/extend/base/j/v.java	sources/sources/com/tsf/extend/base/j/BuildUtils.java
sources/sources/com/tsf/extend/base/j/w.java	sources/sources/com/tsf/extend/base/j/ReflectUtils.java
sources/sources/com/tsf/extend/base/j/x.java	sources/sources/com/tsf/extend/base/j/DeviceInfoUtils.java
sources/sources/com/tsf/extend/base/j/y.java	sources/sources/com/tsf/extend/base/j/AssetReaderUtils.java
sources/sources/com/tsf/extend/base/j/z.java	sources/sources/com/tsf/extend/base/j/HandlerUtils.java
sources/sources/com/tsf/extend/base/support/a.java	sources/sources/com/tsf/extend/base/support/PagerAdapterCompat.java
sources/sources/com/tsf/extend/base/view/a.java	sources/sources/com/tsf/extend/base/view/BezierInterpolator.java
sources/sources/com/tsf/extend/base/view/b.java	sources/sources/com/tsf/extend/base/view/FastBitmapDrawable.java
sources/sources/com/tsf/extend/base/view/c.java	sources/sources/com/tsf/extend/base/view/InstallAppDialog.java
sources/sources/com/tsf/extend/base/view/d.java	sources/sources/com/tsf/extend/base/view/Rotate3dAnimation.java
sources/sources/com/tsf/extend/base/view/e.java	sources/sources/com/tsf/extend/base/view/RoundedDrawable.java
sources/sources/com/tsf/extend/base/widget/pulltorefresh/A.java	sources/sources/com/tsf/extend/base/widget/pulltorefresh/ILoadingLayout.java
sources/sources/com/tsf/extend/base/widget/pulltorefresh/a.java	sources/sources/com/tsf/extend/base/widget/pulltorefresh/ILoadingLayout.java
sources/sources/com/tsf/extend/base/widget/pulltorefresh/a/a.java	sources/sources/com/tsf/extend/base/widget/pulltorefresh/a/EmptyViewMethodAccessor.java
sources/sources/com/tsf/extend/base/widget/pulltorefresh/a/b.java	sources/sources/com/tsf/extend/base/widget/pulltorefresh/a/FlipLoadingLayout.java
sources/sources/com/tsf/extend/base/widget/pulltorefresh/a/c.java	sources/sources/com/tsf/extend/base/widget/pulltorefresh/a/IndicatorFrameLayout.java
sources/sources/com/tsf/extend/base/widget/pulltorefresh/a/d.java	sources/sources/com/tsf/extend/base/widget/pulltorefresh/a/LoadingLayout.java
sources/sources/com/tsf/extend/base/widget/pulltorefresh/a/e.java	sources/sources/com/tsf/extend/base/widget/pulltorefresh/a/RotateLoadingLayout.java
sources/sources/com/tsf/extend/base/widget/pulltorefresh/a/f.java	sources/sources/com/tsf/extend/base/widget/pulltorefresh/a/DeprecationUtils.java
sources/sources/com/tsf/extend/base/widget/pulltorefresh/b.java	sources/sources/com/tsf/extend/base/widget/pulltorefresh/LoadingLayoutProxy.java
sources/sources/com/tsf/extend/base/widget/pulltorefresh/c.java	sources/sources/com/tsf/extend/base/widget/pulltorefresh/OverscrollHelper.java
sources/sources/com/tsf/extend/base/widget/pulltorefresh/d.java	sources/sources/com/tsf/extend/base/widget/pulltorefresh/ArcProgressDrawable.java
sources/sources/com/tsf/extend/base/widget/pulltorefresh/e.java	sources/sources/com/tsf/extend/base/widget/pulltorefresh/FilterStateListDrawable.java
sources/sources/com/tsf/extend/base/widget/pulltorefresh/f.java	sources/sources/com/tsf/extend/base/widget/pulltorefresh/AnimationPostUtils.java
sources/sources/com/tsf/extend/c.java	sources/sources/com/tsf/extend/ThemeCacheManager.java
sources/sources/com/tsf/extend/d.java	sources/sources/com/tsf/extend/DigestCache.java
sources/sources/com/tsf/extend/e.java	sources/sources/com/tsf/extend/ThemeDialogFragment.java
sources/sources/com/tsf/extend/f.java	sources/sources/com/tsf/extend/ResourceIds.java
sources/sources/com/tsf/extend/g.java	sources/sources/com/tsf/extend/BaseDialog.java
sources/sources/com/tsf/extend/h.java	sources/sources/com/tsf/extend/AppContextHolder.java
sources/sources/com/tsf/extend/keyboard/a.java	sources/sources/com/tsf/extend/keyboard/KeyboardDataProvider.java
sources/sources/com/tsf/extend/keyboard/b.java	sources/sources/com/tsf/extend/keyboard/KeyboardThemeModel.java
sources/sources/com/tsf/extend/theme/A.java	sources/sources/com/tsf/extend/theme/ThemeCategoryModel.java
sources/sources/com/tsf/extend/theme/B.java	sources/sources/com/tsf/extend/theme/DiyWallpaperProvider.java
sources/sources/com/tsf/extend/theme/C.java	sources/sources/com/tsf/extend/theme/ThemeCategoryListModel.java
sources/sources/com/tsf/extend/theme/a.java	sources/sources/com/tsf/extend/theme/ThemeCategoryModel.java
sources/sources/com/tsf/extend/theme/a/a.java	sources/sources/com/tsf/extend/theme/a/ThemeTagFilter.java
sources/sources/com/tsf/extend/theme/a/b.java	sources/sources/com/tsf/extend/theme/a/ThemeDetailHeadOld.java
sources/sources/com/tsf/extend/theme/a/c.java	sources/sources/com/tsf/extend/theme/a/ThemeDetailHeadNew.java
sources/sources/com/tsf/extend/theme/a/d.java	sources/sources/com/tsf/extend/theme/a/ThemeHeadFactory.java
sources/sources/com/tsf/extend/theme/a/e.java	sources/sources/com/tsf/extend/theme/a/ThemeHeadProvider.java
sources/sources/com/tsf/extend/theme/a/f.java	sources/sources/com/tsf/extend/theme/a/ThemeHeadHelper.java
sources/sources/com/tsf/extend/theme/b.java	sources/sources/com/tsf/extend/theme/DiyWallpaperProvider.java
sources/sources/com/tsf/extend/theme/b/a.java	sources/sources/com/tsf/extend/theme/b/AlbumModel.java
sources/sources/com/tsf/extend/theme/c.java	sources/sources/com/tsf/extend/theme/ThemeCategoryListModel.java
sources/sources/com/tsf/extend/theme/d.java	sources/sources/com/tsf/extend/theme/ThemeExpiringModel.java
sources/sources/com/tsf/extend/theme/e.java	sources/sources/com/tsf/extend/theme/ThemeFavoriteManager.java
sources/sources/com/tsf/extend/theme/f.java	sources/sources/com/tsf/extend/theme/ThemeSystemModel.java
sources/sources/com/tsf/extend/theme/g.java	sources/sources/com/tsf/extend/theme/ThemeNotificationBuilder.java
sources/sources/com/tsf/extend/theme/h.java	sources/sources/com/tsf/extend/theme/ThemePromotionHelper.java
sources/sources/com/tsf/extend/theme/i.java	sources/sources/com/tsf/extend/theme/ThemeRoundedDrawable.java
sources/sources/com/tsf/extend/theme/j.java	sources/sources/com/tsf/extend/theme/ThemeShareHandler.java
sources/sources/com/tsf/extend/theme/k.java	sources/sources/com/tsf/extend/theme/ThemeModel.java
sources/sources/com/tsf/extend/theme/l.java	sources/sources/com/tsf/extend/theme/ThemeStubHandler.java
sources/sources/com/tsf/extend/theme/m.java	sources/sources/com/tsf/extend/theme/ThemeListView.java
sources/sources/com/tsf/extend/theme/n.java	sources/sources/com/tsf/extend/theme/ThemeProgressModel.java
sources/sources/com/tsf/extend/theme/o.java	sources/sources/com/tsf/extend/theme/ThemeLoadingDialog.java
sources/sources/com/tsf/extend/theme/p.java	sources/sources/com/tsf/extend/theme/ThemePagedModel.java
sources/sources/com/tsf/extend/theme/pull/a.java	sources/sources/com/tsf/extend/theme/pull/PushApiRequest.java
sources/sources/com/tsf/extend/theme/pull/b.java	sources/sources/com/tsf/extend/theme/pull/PushUtils.java
sources/sources/com/tsf/extend/theme/q.java	sources/sources/com/tsf/extend/theme/ThemeSearchAdapter.java
sources/sources/com/tsf/extend/theme/r.java	sources/sources/com/tsf/extend/theme/ThemeSearchPage.java
sources/sources/com/tsf/extend/theme/s.java	sources/sources/com/tsf/extend/theme/ThemeAlbumApiRequest.java
sources/sources/com/tsf/extend/theme/t.java	sources/sources/com/tsf/extend/theme/ThemeBaseAdapter.java
sources/sources/com/tsf/extend/theme/u.java	sources/sources/com/tsf/extend/theme/ThemeDatabaseHelper.java
sources/sources/com/tsf/extend/theme/v.java	sources/sources/com/tsf/extend/theme/ThemeDataProvider.java
sources/sources/com/tsf/extend/theme/w.java	sources/sources/com/tsf/extend/theme/ThemeFavoriteReportHelper.java
sources/sources/com/tsf/extend/theme/x.java	sources/sources/com/tsf/extend/theme/ThemeDeepLinkHandler.java
sources/sources/com/tsf/extend/theme/y.java	sources/sources/com/tsf/extend/theme/ThemeCategoryPager.java
sources/sources/com/tsf/extend/theme/z.java	sources/sources/com/tsf/extend/theme/ThemeCategoryPage.java
sources/sources/com/tsf/extend/wallpaper/a.java	sources/sources/com/tsf/extend/wallpaper/A.java
sources/sources/com/tsf/extend/wallpaper/a/a.java	sources/sources/com/tsf/extend/wallpaper/a/WallpaperChangeManager.java
sources/sources/com/tsf/extend/wallpaper/upload/a.java	sources/sources/com/tsf/extend/wallpaper/upload/UploadNotificationManager.java
sources/sources/com/tsf/extend/wallpaper/upload/b.java	sources/sources/com/tsf/extend/wallpaper/upload/UploadCategoryView.java
sources/sources/com/tsf/extend/wallpaper/upload/c.java	sources/sources/com/tsf/extend/wallpaper/upload/UploadTabContainer.java
sources/sources/com/tsf/extend/wallpaper/upload/d.java	sources/sources/com/tsf/extend/wallpaper/upload/UploadSubmitView.java
sources/sources/com/tsf/shell/A.java	sources/sources/com/tsf/shell/ShellCoreInterface.java
sources/sources/com/tsf/shell/B.java	sources/sources/com/tsf/shell/ShellEventData.java
sources/sources/com/tsf/shell/C.java	sources/sources/com/tsf/shell/ShellBackgroundRenderer.java
sources/sources/com/tsf/shell/D.java	sources/sources/com/tsf/shell/ShellDataProvider.java
sources/sources/com/tsf/shell/E.java	sources/sources/com/tsf/shell/ShellThemeProvider.java
sources/sources/com/tsf/shell/F.java	sources/sources/com/tsf/shell/ShellCleanupTask.java
sources/sources/com/tsf/shell/f/A.java	sources/sources/com/tsf/shell/f/ProgressDialogHelper.java
sources/sources/com/tsf/shell/f/B.java	sources/sources/com/tsf/shell/f/TextureElementPool.java
sources/sources/com/tsf/shell/f/C.java	sources/sources/com/tsf/shell/f/DrawerItemPool.java
sources/sources/com/tsf/shell/f/D.java	sources/sources/com/tsf/shell/f/ShellSurfaceConfig.java
sources/sources/com/tsf/shell/f/_d/a/A.java	sources/sources/com/tsf/shell/f/_d/a/DashElementBase.java
sources/sources/com/tsf/shell/f/_d/a/_a/a.java	sources/sources/com/tsf/shell/f/_d/a/_a/DashButtonA.java
sources/sources/com/tsf/shell/f/_d/a/_a/b.java	sources/sources/com/tsf/shell/f/_d/a/_a/DashButtonB.java
sources/sources/com/tsf/shell/f/_d/a/_a/c.java	sources/sources/com/tsf/shell/f/_d/a/_a/DashButtonC.java
sources/sources/com/tsf/shell/f/_d/a/_a/d.java	sources/sources/com/tsf/shell/f/_d/a/_a/DashButtonD.java
sources/sources/com/tsf/shell/f/_d/a/_a/e.java	sources/sources/com/tsf/shell/f/_d/a/_a/DashButtonE.java
sources/sources/com/tsf/shell/f/_d/a/_a/f.java	sources/sources/com/tsf/shell/f/_d/a/_a/DashButtonF.java
sources/sources/com/tsf/shell/f/_d/a/_a/g.java	sources/sources/com/tsf/shell/f/_d/a/_a/DashButtonG.java
sources/sources/com/tsf/shell/f/_d/a/_a/h.java	sources/sources/com/tsf/shell/f/_d/a/_a/DashButtonH.java
sources/sources/com/tsf/shell/f/_d/a/a/a.java	sources/sources/com/tsf/shell/f/_d/a/a/DashButtonA.java
sources/sources/com/tsf/shell/f/_d/a/a/b.java	sources/sources/com/tsf/shell/f/_d/a/a/DashButtonB.java
sources/sources/com/tsf/shell/f/_d/a/a/c.java	sources/sources/com/tsf/shell/f/_d/a/a/DashButtonC.java
sources/sources/com/tsf/shell/f/_d/a/a/d.java	sources/sources/com/tsf/shell/f/_d/a/a/DashButtonD.java
sources/sources/com/tsf/shell/f/_d/a/a/e.java	sources/sources/com/tsf/shell/f/_d/a/a/DashButtonE.java
sources/sources/com/tsf/shell/f/_d/a/a/f.java	sources/sources/com/tsf/shell/f/_d/a/a/DashButtonF.java
sources/sources/com/tsf/shell/f/_d/a/a/g.java	sources/sources/com/tsf/shell/f/_d/a/a/DashButtonG.java
sources/sources/com/tsf/shell/f/_d/a/a/h.java	sources/sources/com/tsf/shell/f/_d/a/a/DashButtonH.java
sources/sources/com/tsf/shell/f/_d/a/b.java	sources/sources/com/tsf/shell/f/_d/a/DashElementInfo.java
sources/sources/com/tsf/shell/f/_d/a/c.java	sources/sources/com/tsf/shell/f/_d/a/DashElementState.java
sources/sources/com/tsf/shell/f/_d/b/A.java	sources/sources/com/tsf/shell/f/_d/b/DashItemConfigurator.java
sources/sources/com/tsf/shell/f/_d/b/a/a.java	sources/sources/com/tsf/shell/f/_d/b/a/DashItemA.java
sources/sources/com/tsf/shell/f/_d/b/a/b.java	sources/sources/com/tsf/shell/f/_d/b/a/DashItemContainer.java
sources/sources/com/tsf/shell/f/_d/b/a/c.java	sources/sources/com/tsf/shell/f/_d/b/a/DashItemC.java
sources/sources/com/tsf/shell/f/_d/b/a/d.java	sources/sources/com/tsf/shell/f/_d/b/a/DashItemD.java
sources/sources/com/tsf/shell/f/_d/b/a/e.java	sources/sources/com/tsf/shell/f/_d/b/a/DashItemE.java
sources/sources/com/tsf/shell/f/_d/b/a/f.java	sources/sources/com/tsf/shell/f/_d/b/a/DashItemF.java
sources/sources/com/tsf/shell/f/_d/b/c.java	sources/sources/com/tsf/shell/f/_d/b/DashItemPool.java
sources/sources/com/tsf/shell/f/_d/c/A.java	sources/sources/com/tsf/shell/f/_d/c/DashLayoutBase.java
sources/sources/com/tsf/shell/f/_d/c/a/a.java	sources/sources/com/tsf/shell/f/_d/c/a/DashLayoutA.java
sources/sources/com/tsf/shell/f/_d/c/a/b.java	sources/sources/com/tsf/shell/f/_d/c/a/DashLayoutB.java
sources/sources/com/tsf/shell/f/_d/c/a/c.java	sources/sources/com/tsf/shell/f/_d/c/a/DashLayoutListener.java
sources/sources/com/tsf/shell/f/_d/c/a/d.java	sources/sources/com/tsf/shell/f/_d/c/a/DashLayoutContainer.java
sources/sources/com/tsf/shell/f/_d/c/a/e.java	sources/sources/com/tsf/shell/f/_d/c/a/DashLayoutE.java
sources/sources/com/tsf/shell/f/_d/c/c.java	sources/sources/com/tsf/shell/f/_d/c/DashLayoutPool.java
sources/sources/com/tsf/shell/f/_d/d/A.java	sources/sources/com/tsf/shell/f/_d/d/DashAnimationBase.java
sources/sources/com/tsf/shell/f/_d/d/a/a.java	sources/sources/com/tsf/shell/f/_d/d/a/DashEffectCallback.java
sources/sources/com/tsf/shell/f/_d/d/a/b.java	sources/sources/com/tsf/shell/f/_d/d/a/DashEffectRenderer.java
sources/sources/com/tsf/shell/f/_d/d/a/c.java	sources/sources/com/tsf/shell/f/_d/d/a/DashEffectHandler.java
sources/sources/com/tsf/shell/f/_d/d/b.java	sources/sources/com/tsf/shell/f/_d/d/DashAnimationConfig.java
sources/sources/com/tsf/shell/f/_d/d/c.java	sources/sources/com/tsf/shell/f/_d/d/DashAnimationPool.java
sources/sources/com/tsf/shell/f/_d/d/d.java	sources/sources/com/tsf/shell/f/_d/d/DashAnimationData.java
sources/sources/com/tsf/shell/f/_d/e/A.java	sources/sources/com/tsf/shell/f/_d/e/DashRendererBase.java
sources/sources/com/tsf/shell/f/_d/e/a/a.java	sources/sources/com/tsf/shell/f/_d/e/a/DashEffectParams.java
sources/sources/com/tsf/shell/f/_d/e/a/b.java	sources/sources/com/tsf/shell/f/_d/e/a/DashEffectData.java
sources/sources/com/tsf/shell/f/_d/e/b.java	sources/sources/com/tsf/shell/f/_d/e/DashRendererConfig.java
sources/sources/com/tsf/shell/f/a/a/a.java	sources/sources/com/tsf/shell/f/a/a/GlTextureBinding.java
sources/sources/com/tsf/shell/f/c/A.java	sources/sources/com/tsf/shell/f/c/DrawerPanelController.java
sources/sources/com/tsf/shell/f/c/a/A.java	sources/sources/com/tsf/shell/f/c/a/DrawerTouchHandler.java
sources/sources/com/tsf/shell/f/c/a/B.java	sources/sources/com/tsf/shell/f/c/a/DrawerMenuPanel.java
sources/sources/com/tsf/shell/f/c/b/A.java	sources/sources/com/tsf/shell/f/c/b/DrawerSettingsItemType.java
sources/sources/com/tsf/shell/f/d/a/A.java	sources/sources/com/tsf/shell/f/_d/a/DashElementBase.java
sources/sources/com/tsf/shell/f/d/a/_a/a.java	sources/sources/com/tsf/shell/f/_d/a/_a/DashButtonA.java
sources/sources/com/tsf/shell/f/d/a/_a/b.java	sources/sources/com/tsf/shell/f/_d/a/a/DashButtonB.java
sources/sources/com/tsf/shell/f/d/a/_a/c.java	sources/sources/com/tsf/shell/f/_d/a/_a/DashButtonC.java
sources/sources/com/tsf/shell/f/d/a/_a/d.java	sources/sources/com/tsf/shell/f/_d/a/_a/DashButtonD.java
sources/sources/com/tsf/shell/f/d/a/_a/e.java	sources/sources/com/tsf/shell/f/_d/a/a/DashButtonE.java
sources/sources/com/tsf/shell/f/d/a/_a/f.java	sources/sources/com/tsf/shell/f/_d/a/a/DashButtonF.java
sources/sources/com/tsf/shell/f/d/a/_a/g.java	sources/sources/com/tsf/shell/f/_d/a/_a/DashButtonG.java
sources/sources/com/tsf/shell/f/d/a/_a/h.java	sources/sources/com/tsf/shell/f/_d/a/_a/DashButtonH.java
sources/sources/com/tsf/shell/f/d/b/A.java	sources/sources/com/tsf/shell/f/_d/b/DashItemConfigurator.java
sources/sources/com/tsf/shell/f/d/c/A.java	sources/sources/com/tsf/shell/f/_d/c/DashLayoutBase.java
sources/sources/com/tsf/shell/f/d/d/A.java	sources/sources/com/tsf/shell/f/_d/d/DashAnimationBase.java
sources/sources/com/tsf/shell/f/d/e/A.java	sources/sources/com/tsf/shell/f/_d/e/DashRendererBase.java
sources/sources/com/tsf/shell/f/e/A.java	sources/sources/com/tsf/shell/f/e/AlignmentOverlay.java
sources/sources/com/tsf/shell/f/e/B.java	sources/sources/com/tsf/shell/f/e/WidgetResizeResources.java
sources/sources/com/tsf/shell/f/e/C.java	sources/sources/com/tsf/shell/f/e/SpringEasing.java
sources/sources/com/tsf/shell/f/e/D.java	sources/sources/com/tsf/shell/f/e/ObjectPool.java
sources/sources/com/tsf/shell/f/e/E.java	sources/sources/com/tsf/shell/f/e/ItemTrailContainer.java
sources/sources/com/tsf/shell/f/e/F.java	sources/sources/com/tsf/shell/f/e/ILayoutItem.java
sources/sources/com/tsf/shell/f/e/H.java	sources/sources/com/tsf/shell/f/e/LassoSelectionHandler.java
sources/sources/com/tsf/shell/f/e/I.java	sources/sources/com/tsf/shell/f/e/SelectionFrame.java
sources/sources/com/tsf/shell/f/e/_a/a.java	sources/sources/com/tsf/shell/f/e/_a/DropTarget.java
sources/sources/com/tsf/shell/f/e/_a/b.java	sources/sources/com/tsf/shell/f/e/_a/DropTargetKeyHandler.java
sources/sources/com/tsf/shell/f/e/_a/c.java	sources/sources/com/tsf/shell/f/e/_a/DropTargetItem.java
sources/sources/com/tsf/shell/f/e/_a/d.java	sources/sources/com/tsf/shell/f/e/_a/DropTargetIndicator.java
sources/sources/com/tsf/shell/f/e/_b/a.java	sources/sources/com/tsf/shell/f/e/_b/OverlayBackground.java
sources/sources/com/tsf/shell/f/e/_b/b.java	sources/sources/com/tsf/shell/f/e/_b/OverlayEffect.java
sources/sources/com/tsf/shell/f/e/_b/c.java	sources/sources/com/tsf/shell/f/e/_b/OverlayGradient.java
sources/sources/com/tsf/shell/f/e/_b/d.java	sources/sources/com/tsf/shell/f/e/_b/OverlayConfig.java
sources/sources/com/tsf/shell/f/e/_b/e.java	sources/sources/com/tsf/shell/f/e/_b/OverlayProperty.java
sources/sources/com/tsf/shell/f/e/_b/f.java	sources/sources/com/tsf/shell/f/e/_b/OverlayShader.java
sources/sources/com/tsf/shell/f/e/_c/A.java	sources/sources/com/tsf/shell/f/e/_c/PageSnapshotRenderer.java
sources/sources/com/tsf/shell/f/e/_c/a/a.java	sources/sources/com/tsf/shell/f/e/_c/a/SnapshotButtonRect.java
sources/sources/com/tsf/shell/f/e/_c/a/b.java	sources/sources/com/tsf/shell/f/e/_c/a/SnapshotFrameRect.java
sources/sources/com/tsf/shell/f/e/_c/a/c.java	sources/sources/com/tsf/shell/f/e/_c/a/SnapshotActionContext.java
sources/sources/com/tsf/shell/f/e/_c/a/d.java	sources/sources/com/tsf/shell/f/e/_c/a/SnapshotState.java
sources/sources/com/tsf/shell/f/e/_c/a/e.java	sources/sources/com/tsf/shell/f/e/_c/a/SnapshotData.java
sources/sources/com/tsf/shell/f/e/_c/b.java	sources/sources/com/tsf/shell/f/e/_c/SnapshotItem.java
sources/sources/com/tsf/shell/f/e/_d/a/a.java	sources/sources/com/tsf/shell/f/e/_d/a/DropIndicatorContainer.java
sources/sources/com/tsf/shell/f/e/_d/a/b.java	sources/sources/com/tsf/shell/f/e/_d/a/DropIndicatorRenderer.java
sources/sources/com/tsf/shell/f/e/_d/a/c.java	sources/sources/com/tsf/shell/f/e/_d/a/DropIndicatorState.java
sources/sources/com/tsf/shell/f/e/_d/a/d.java	sources/sources/com/tsf/shell/f/e/_d/a/DropIndicatorConfig.java
sources/sources/com/tsf/shell/f/e/_e/a.java	sources/sources/com/tsf/shell/f/e/_e/SelectionIndicator.java
sources/sources/com/tsf/shell/f/e/_e/b.java	sources/sources/com/tsf/shell/f/e/_e/SelectionCallback.java
sources/sources/com/tsf/shell/f/e/_e/c.java	sources/sources/com/tsf/shell/f/e/_e/SelectionState.java
sources/sources/com/tsf/shell/f/e/_e/f.java	sources/sources/com/tsf/shell/f/e/_e/WorkspaceTask.java
sources/sources/com/tsf/shell/f/e/_f/a.java	sources/sources/com/tsf/shell/f/e/_f/WorkspaceEditor.java
sources/sources/com/tsf/shell/f/e/_f/b.java	sources/sources/com/tsf/shell/f/e/_f/EditTarget.java
sources/sources/com/tsf/shell/f/e/_g/A.java	sources/sources/com/tsf/shell/f/e/_g/MenuClassButton.java
sources/sources/com/tsf/shell/f/e/_g/a/a.java	sources/sources/com/tsf/shell/f/e/_g/a/MenuActionHandler.java
sources/sources/com/tsf/shell/f/e/_g/a/b.java	sources/sources/com/tsf/shell/f/e/_g/a/MenuActionItem.java
sources/sources/com/tsf/shell/f/e/_g/a/c.java	sources/sources/com/tsf/shell/f/e/_g/a/MenuItemBase.java
sources/sources/com/tsf/shell/f/e/_g/a/d.java	sources/sources/com/tsf/shell/f/e/_g/a/MenuItemConfig.java
sources/sources/com/tsf/shell/f/e/_g/b.java	sources/sources/com/tsf/shell/f/e/_g/MenuContainer.java
sources/sources/com/tsf/shell/f/e/_g/c.java	sources/sources/com/tsf/shell/f/e/_g/MenuItemHeader.java
sources/sources/com/tsf/shell/f/e/_g/d.java	sources/sources/com/tsf/shell/f/e/_g/MenuOverlay.java
sources/sources/com/tsf/shell/f/e/_g/e.java	sources/sources/com/tsf/shell/f/e/_g/MenuExpandItem.java
sources/sources/com/tsf/shell/f/e/_h/a.java	sources/sources/com/tsf/shell/f/e/_h/PhotoSelectorHelper.java
sources/sources/com/tsf/shell/f/e/_h/b.java	sources/sources/com/tsf/shell/f/e/_h/IconEditorHelper.java
sources/sources/com/tsf/shell/f/e/_i/a.java	sources/sources/com/tsf/shell/f/e/_i/GridLayoutStrategy.java
sources/sources/com/tsf/shell/f/e/_i/b.java	sources/sources/com/tsf/shell/f/e/_i/GridLayoutCell.java
sources/sources/com/tsf/shell/f/e/_i/c.java	sources/sources/com/tsf/shell/f/e/_i/GridLayoutCache.java
sources/sources/com/tsf/shell/f/e/_i/d.java	sources/sources/com/tsf/shell/f/e/_i/GridLayoutConfig.java
sources/sources/com/tsf/shell/f/e/c/A.java	sources/sources/com/tsf/shell/f/e/c/AnimationNode.java
sources/sources/com/tsf/shell/f/e/e/d.java	sources/sources/com/tsf/shell/f/e/e/ItemLayoutItem.java
sources/sources/com/tsf/shell/f/e/e/e.java	sources/sources/com/tsf/shell/f/e/e/ItemRowItem.java
sources/sources/com/tsf/shell/f/e/f.java	sources/sources/com/tsf/shell/f/e/ILayoutItem.java
sources/sources/com/tsf/shell/f/e/f/c.java	sources/sources/com/tsf/shell/f/e/f/EditModeConfig.java
sources/sources/com/tsf/shell/f/f/A.java	sources/sources/com/tsf/shell/f/f/PageShaderNode.java
sources/sources/com/tsf/shell/f/f/B.java	sources/sources/com/tsf/shell/f/f/PageRenderBuffer.java
sources/sources/com/tsf/shell/f/f/C.java	sources/sources/com/tsf/shell/f/f/TransitionManager.java
sources/sources/com/tsf/shell/f/f/D.java	sources/sources/com/tsf/shell/f/f/ItemTransitionManager.java
sources/sources/com/tsf/shell/f/f/a/A.java	sources/sources/com/tsf/shell/f/f/a/PageContainerBase.java
sources/sources/com/tsf/shell/f/f/a/B.java	sources/sources/com/tsf/shell/f/f/a/PageItemList.java
sources/sources/com/tsf/shell/f/f/a/C.java	sources/sources/com/tsf/shell/f/f/a/PageContainerView.java
sources/sources/com/tsf/shell/f/f/a/D.java	sources/sources/com/tsf/shell/f/f/a/AppClassifier.java
sources/sources/com/tsf/shell/f/f/a/_a/A.java	sources/sources/com/tsf/shell/f/f/a/_a/DrawerItemDragController.java
sources/sources/com/tsf/shell/f/f/a/_a/B.java	sources/sources/com/tsf/shell/f/f/a/_a/DrawerSectionManager.java
sources/sources/com/tsf/shell/f/f/a/_a/a/b.java	sources/sources/com/tsf/shell/f/f/a/_a/a/DrawerWidgetLayoutStrategy.java
sources/sources/com/tsf/shell/f/f/a/_a/a/c.java	sources/sources/com/tsf/shell/f/f/a/_a/a/DrawerItemLayoutData.java
sources/sources/com/tsf/shell/f/f/a/_a/b/a.java	sources/sources/com/tsf/shell/f/f/a/_a/b/DrawerButtonElement.java
sources/sources/com/tsf/shell/f/f/a/_a/b/b.java	sources/sources/com/tsf/shell/f/f/a/_a/b/DrawerBaseElement.java
sources/sources/com/tsf/shell/f/f/a/_a/b/c.java	sources/sources/com/tsf/shell/f/f/a/_a/b/DrawerProgressBar.java
sources/sources/com/tsf/shell/f/f/a/_a/c.java	sources/sources/com/tsf/shell/f/f/a/_a/DrawerItemContainer.java
sources/sources/com/tsf/shell/f/f/a/_a/d.java	sources/sources/com/tsf/shell/f/f/a/_a/DrawerDragEffectController.java
sources/sources/com/tsf/shell/f/f/a/_a/e.java	sources/sources/com/tsf/shell/f/f/a/_a/DrawerVisualFrame.java
sources/sources/com/tsf/shell/f/f/a/_a/f.java	sources/sources/com/tsf/shell/f/f/a/_a/DrawerItemAnimationManager.java
sources/sources/com/tsf/shell/f/f/a/_b/a.java	sources/sources/com/tsf/shell/f/f/a/_b/DrawerBottleTransitionV2.java
sources/sources/com/tsf/shell/f/f/a/_b/b.java	sources/sources/com/tsf/shell/f/f/a/_b/DrawerCylinderTransitionV2.java
sources/sources/com/tsf/shell/f/f/a/_b/d.java	sources/sources/com/tsf/shell/f/f/a/_b/DrawerExtrusionTransitionV2.java
sources/sources/com/tsf/shell/f/f/a/_b/e.java	sources/sources/com/tsf/shell/f/f/a/_b/DrawerRandomTransitionV2.java
sources/sources/com/tsf/shell/f/f/a/_b/h.java	sources/sources/com/tsf/shell/f/f/a/_b/DrawerTriangularTransitionV2.java
sources/sources/com/tsf/shell/f/f/a/_b/j.java	sources/sources/com/tsf/shell/f/f/a/_b/DrawerSphereTransitionV2.java
sources/sources/com/tsf/shell/f/f/a/_b/l.java	sources/sources/com/tsf/shell/f/f/a/_b/DrawerTransitionManagerV2.java
sources/sources/com/tsf/shell/f/f/a/_b/m.java	sources/sources/com/tsf/shell/f/f/a/_b/DrawerTransitionBase3DV2.java
sources/sources/com/tsf/shell/f/f/a/_c/A.java	sources/sources/com/tsf/shell/f/f/a/_c/DrawerShortcutTouchHandler.java
sources/sources/com/tsf/shell/f/f/a/_c/_a/a.java	sources/sources/com/tsf/shell/f/f/a/_c/_a/DrawerIconLoaderTask.java
sources/sources/com/tsf/shell/f/f/a/_c/_a/b.java	sources/sources/com/tsf/shell/f/f/a/_c/_a/DrawerIndicatorDot.java
sources/sources/com/tsf/shell/f/f/a/_c/a/a.java	sources/sources/com/tsf/shell/f/f/a/_c/_a/DrawerIconLoaderTask.java
sources/sources/com/tsf/shell/f/f/a/_c/a/b.java	sources/sources/com/tsf/shell/f/f/a/_c/_a/DrawerIndicatorDot.java
sources/sources/com/tsf/shell/f/f/a/_c/b.java	sources/sources/com/tsf/shell/f/f/a/_c/DrawerWidgetTouchHandler.java
sources/sources/com/tsf/shell/f/f/a/_c/c.java	sources/sources/com/tsf/shell/f/f/a/_c/DrawerContentList.java
sources/sources/com/tsf/shell/f/f/a/_c/d.java	sources/sources/com/tsf/shell/f/f/a/_c/DrawerAppMenu.java
sources/sources/com/tsf/shell/f/f/a/_c/e.java	sources/sources/com/tsf/shell/f/f/a/_c/DrawerLabelElement.java
sources/sources/com/tsf/shell/f/f/a/_c/f.java	sources/sources/com/tsf/shell/f/f/a/_c/DrawerShortcutGrid.java
sources/sources/com/tsf/shell/f/f/a/_c/g.java	sources/sources/com/tsf/shell/f/f/a/_c/DrawerCountdownBadge.java
sources/sources/com/tsf/shell/f/f/a/_c/h.java	sources/sources/com/tsf/shell/f/f/a/_c/DrawerSelectionFrame.java
sources/sources/com/tsf/shell/f/f/a/_c/i.java	sources/sources/com/tsf/shell/f/f/a/_c/DrawerPageItemBase.java
sources/sources/com/tsf/shell/f/f/a/_c/j.java	sources/sources/com/tsf/shell/f/f/a/_c/DrawerLabelConfig.java
sources/sources/com/tsf/shell/f/f/a/_c/k.java	sources/sources/com/tsf/shell/f/f/a/_c/DrawerSettingsPage.java
sources/sources/com/tsf/shell/f/f/a/_c/l.java	sources/sources/com/tsf/shell/f/f/a/_c/DrawerSpringPhysics.java
sources/sources/com/tsf/shell/f/f/a/_c/m.java	sources/sources/com/tsf/shell/f/f/a/_c/DrawerMultiWidgetPage.java
sources/sources/com/tsf/shell/f/f/a/_d/A.java	sources/sources/com/tsf/shell/f/f/a/_d/DrawerSortManagerV2.java
sources/sources/com/tsf/shell/f/f/a/_d/_a/a.java	sources/sources/com/tsf/shell/f/f/a/_d/_a/DrawerAlphabeticalSortV2.java
sources/sources/com/tsf/shell/f/f/a/_d/_a/b.java	sources/sources/com/tsf/shell/f/f/a/_d/_a/DrawerNameSortV2.java
sources/sources/com/tsf/shell/f/f/a/_d/_a/c.java	sources/sources/com/tsf/shell/f/f/a/_d/_a/DrawerSortBaseV2.java
sources/sources/com/tsf/shell/f/f/a/_d/_a/d.java	sources/sources/com/tsf/shell/f/f/a/_d/_a/DrawerIndexSortV2.java
sources/sources/com/tsf/shell/f/f/a/_d/_a/e.java	sources/sources/com/tsf/shell/f/f/a/_d/_a/DrawerEarliestSortV2.java
sources/sources/com/tsf/shell/f/f/a/_d/_a/f.java	sources/sources/com/tsf/shell/f/f/a/_d/_a/DrawerLatestSortV2.java
sources/sources/com/tsf/shell/f/f/a/_d/a.java	sources/sources/com/tsf/shell/f/f/a/_d/DrawerSortData.java
sources/sources/com/tsf/shell/f/f/a/_d/a/a.java	sources/sources/com/tsf/shell/f/f/a/_d/_a/DrawerAlphabeticalSortV2.java
sources/sources/com/tsf/shell/f/f/a/_d/a/b.java	sources/sources/com/tsf/shell/f/f/a/_d/_a/DrawerNameSortV2.java
sources/sources/com/tsf/shell/f/f/a/_d/a/c.java	sources/sources/com/tsf/shell/f/f/a/_d/_a/DrawerSortBaseV2.java
sources/sources/com/tsf/shell/f/f/a/_d/a/d.java	sources/sources/com/tsf/shell/f/f/a/_d/_a/DrawerIndexSortV2.java
sources/sources/com/tsf/shell/f/f/a/_d/a/e.java	sources/sources/com/tsf/shell/f/f/a/_d/_a/DrawerEarliestSortV2.java
sources/sources/com/tsf/shell/f/f/a/_d/a/f.java	sources/sources/com/tsf/shell/f/f/a/_d/_a/DrawerLatestSortV2.java
sources/sources/com/tsf/shell/f/f/a/a/a/c.java	sources/sources/com/tsf/shell/f/f/a/_a/a/DrawerItemLayoutData.java
sources/sources/com/tsf/shell/f/f/a/c/A.java	sources/sources/com/tsf/shell/f/f/a/c/FolderShortcutTouchHandler.java
sources/sources/com/tsf/shell/f/f/a/c/_a/a.java	sources/sources/com/tsf/shell/f/f/a/c/_a/FolderIconLoader.java
sources/sources/com/tsf/shell/f/f/a/c/_a/b.java	sources/sources/com/tsf/shell/f/f/a/c/_a/FolderIndicatorDot.java
sources/sources/com/tsf/shell/f/f/a/c/h.java	sources/sources/com/tsf/shell/f/f/a/c/FolderSelectionFrame.java
sources/sources/com/tsf/shell/f/f/a/d/A.java	sources/sources/com/tsf/shell/f/f/a/d/DrawerSortManager.java
sources/sources/com/tsf/shell/f/f/b/A.java	sources/sources/com/tsf/shell/f/f/b/ClothTransition.java
sources/sources/com/tsf/shell/f/f/d/A.java	sources/sources/com/tsf/shell/f/f/d/ScrollStateAggregator.java
sources/sources/com/tsf/shell/f/f/d/_a/a.java	sources/sources/com/tsf/shell/f/f/d/_a/OverscrollAnimation.java
sources/sources/com/tsf/shell/f/f/d/_a/b.java	sources/sources/com/tsf/shell/f/f/d/_a/OverscrollHandler.java
sources/sources/com/tsf/shell/f/f/m.java	sources/sources/com/tsf/shell/f/f/TransitionRegistry.java
sources/sources/com/tsf/shell/f/h/A.java	sources/sources/com/tsf/shell/f/h/WorkspaceContainer.java
sources/sources/com/tsf/shell/f/h/B.java	sources/sources/com/tsf/shell/f/h/WorkspaceStateController.java
sources/sources/com/tsf/shell/f/h/a/A.java	sources/sources/com/tsf/shell/f/h/a/WorkspaceSceneNode.java
sources/sources/com/tsf/shell/f/h/a/B.java	sources/sources/com/tsf/shell/f/h/a/ScenePositionConfig.java
sources/sources/com/tsf/shell/f/h/a/a/A.java	sources/sources/com/tsf/shell/f/h/a/a/SceneNodeContainer.java
sources/sources/com/tsf/shell/f/h/a/b/d.java	sources/sources/com/tsf/shell/f/h/a/b/SceneDataPool.java
sources/sources/com/tsf/shell/f/i/A.java	sources/sources/com/tsf/shell/f/i/MultiSelectController.java
sources/sources/com/tsf/shell/f/i/B.java	sources/sources/com/tsf/shell/f/i/PageItem.java
sources/sources/com/tsf/shell/f/i/C.java	sources/sources/com/tsf/shell/f/i/ShortcutItem.java
sources/sources/com/tsf/shell/f/i/_a/a.java	sources/sources/com/tsf/shell/f/i/_a/WidgetWallpaperHandler.java
sources/sources/com/tsf/shell/f/i/_a/b.java	sources/sources/com/tsf/shell/f/i/_a/WidgetDragHandler.java
sources/sources/com/tsf/shell/f/i/_a/c.java	sources/sources/com/tsf/shell/f/i/_a/WidgetItemTouchHandler.java
sources/sources/com/tsf/shell/f/i/_a/d.java	sources/sources/com/tsf/shell/f/i/_a/WidgetItemDropHandler.java
sources/sources/com/tsf/shell/f/i/_b/a/a.java	sources/sources/com/tsf/shell/f/i/_b/a/WidgetContainer.java
sources/sources/com/tsf/shell/f/i/_b/a/b.java	sources/sources/com/tsf/shell/f/i/_b/a/WidgetContainerPageItem.java
sources/sources/com/tsf/shell/f/i/_b/b/a.java	sources/sources/com/tsf/shell/f/i/_b/b/WidgetShell.java
sources/sources/com/tsf/shell/f/i/_b/c/a.java	sources/sources/com/tsf/shell/f/i/_b/c/WidgetPageItem.java
sources/sources/com/tsf/shell/f/i/_b/c/b.java	sources/sources/com/tsf/shell/f/i/_b/c/WidgetItemData.java
sources/sources/com/tsf/shell/f/i/_b/d/a.java	sources/sources/com/tsf/shell/f/i/_b/d/WidgetTouchHandler.java
sources/sources/com/tsf/shell/f/i/_b/d/b.java	sources/sources/com/tsf/shell/f/i/_b/d/WorkspaceShortcutItem.java
sources/sources/com/tsf/shell/f/i/_b/d/c.java	sources/sources/com/tsf/shell/f/i/_b/d/WidgetItemState.java
sources/sources/com/tsf/shell/f/i/_b/d/d.java	sources/sources/com/tsf/shell/f/i/_b/d/WidgetItemLayout.java
sources/sources/com/tsf/shell/f/i/_b/d/e.java	sources/sources/com/tsf/shell/f/i/_b/d/WidgetItemAnimation.java
sources/sources/com/tsf/shell/f/i/_b/d/g.java	sources/sources/com/tsf/shell/f/i/_b/d/WidgetItemGrid.java
sources/sources/com/tsf/shell/f/i/_b/d/h.java	sources/sources/com/tsf/shell/f/i/_b/d/WidgetItemIndicator.java
sources/sources/com/tsf/shell/f/i/_b/d/i.java	sources/sources/com/tsf/shell/f/i/_b/d/ScrollingIndicator.java
sources/sources/com/tsf/shell/f/i/_b/d/j.java	sources/sources/com/tsf/shell/f/i/_b/d/WidgetItemPositioner.java
sources/sources/com/tsf/shell/f/i/_b/d/k.java	sources/sources/com/tsf/shell/f/i/_b/d/ItemPositionAnimator.java
sources/sources/com/tsf/shell/f/i/_b/e/a.java	sources/sources/com/tsf/shell/f/i/_b/e/WidgetDrawerItemBase.java
sources/sources/com/tsf/shell/f/i/_b/e/b.java	sources/sources/com/tsf/shell/f/i/_b/e/WidgetDrawerShortcutItemBase.java
sources/sources/com/tsf/shell/f/i/_b/e/c.java	sources/sources/com/tsf/shell/f/i/_b/e/WidgetDrawerItemGather.java
sources/sources/com/tsf/shell/f/i/_b/e/d.java	sources/sources/com/tsf/shell/f/i/_b/e/WidgetDrawerItemAction.java
sources/sources/com/tsf/shell/f/i/_b/e/e.java	sources/sources/com/tsf/shell/f/i/_b/e/WidgetDrawerItemEffect.java
sources/sources/com/tsf/shell/f/i/_b/e/f.java	sources/sources/com/tsf/shell/f/i/_b/e/WidgetDrawerItemEditAction.java
sources/sources/com/tsf/shell/f/i/_b/e/g.java	sources/sources/com/tsf/shell/f/i/_b/e/WidgetDrawerItemVisual.java
sources/sources/com/tsf/shell/f/i/_b/e/h.java	sources/sources/com/tsf/shell/f/i/_b/e/WidgetDrawerItemButton.java
sources/sources/com/tsf/shell/f/i/_b/e/i.java	sources/sources/com/tsf/shell/f/i/_b/e/WidgetDrawerItemLaunchAction.java
sources/sources/com/tsf/shell/f/i/_b/e/j.java	sources/sources/com/tsf/shell/f/i/_b/e/WidgetDrawerItemSettingsAction.java
sources/sources/com/tsf/shell/f/i/_c/A.java	sources/sources/com/tsf/shell/f/i/_c/AnimatedWidgetGroup.java
sources/sources/com/tsf/shell/f/i/_c/a/A.java	sources/sources/com/tsf/shell/f/i/_c/a/FolderSceneNode.java
sources/sources/com/tsf/shell/f/i/_c/a/B.java	sources/sources/com/tsf/shell/f/i/_c/a/DockSceneNode.java
sources/sources/com/tsf/shell/f/i/_c/a/C.java	sources/sources/com/tsf/shell/f/i/_c/a/DrawerSceneNode.java
sources/sources/com/tsf/shell/f/i/_c/a/a/a.java	sources/sources/com/tsf/shell/f/i/_c/a/a/TextureElementA.java
sources/sources/com/tsf/shell/f/i/_c/a/a/b.java	sources/sources/com/tsf/shell/f/i/_c/a/a/TextureElementB.java
sources/sources/com/tsf/shell/f/i/_c/a/a/c.java	sources/sources/com/tsf/shell/f/i/_c/a/a/TextureElementC.java
sources/sources/com/tsf/shell/f/i/_c/a/a/d.java	sources/sources/com/tsf/shell/f/i/_c/a/a/TextureElementD.java
sources/sources/com/tsf/shell/f/i/_c/a/a/e.java	sources/sources/com/tsf/shell/f/i/_c/a/a/TextureElementE.java
sources/sources/com/tsf/shell/f/i/_c/a/a/f.java	sources/sources/com/tsf/shell/f/i/_c/a/a/TextureElementF.java
sources/sources/com/tsf/shell/f/i/_c/a/a/g.java	sources/sources/com/tsf/shell/f/i/_c/a/a/TextureElementG.java
sources/sources/com/tsf/shell/f/i/_c/a/a/h.java	sources/sources/com/tsf/shell/f/i/_c/a/a/TextureElementH.java
sources/sources/com/tsf/shell/f/i/_c/a/b/a.java	sources/sources/com/tsf/shell/f/i/_c/a/b/SceneComponentA.java
sources/sources/com/tsf/shell/f/i/_c/a/b/b.java	sources/sources/com/tsf/shell/f/i/_c/a/b/SceneComponentB.java
sources/sources/com/tsf/shell/f/i/_c/a/b/c.java	sources/sources/com/tsf/shell/f/i/_c/a/b/SceneComponentC.java
sources/sources/com/tsf/shell/f/i/_c/a/b/d.java	sources/sources/com/tsf/shell/f/i/_c/a/b/SceneComponentD.java
sources/sources/com/tsf/shell/f/i/_c/a/b/e.java	sources/sources/com/tsf/shell/f/i/_c/a/b/SceneComponentE.java
sources/sources/com/tsf/shell/f/i/_c/a/b/f.java	sources/sources/com/tsf/shell/f/i/_c/a/b/SceneComponentF.java
sources/sources/com/tsf/shell/f/i/_c/a/b/h.java	sources/sources/com/tsf/shell/f/i/_c/a/b/SceneComponentH.java
sources/sources/com/tsf/shell/f/i/_c/a/b/j.java	sources/sources/com/tsf/shell/f/i/_c/a/b/SceneComponentJ.java
sources/sources/com/tsf/shell/f/i/_c/a/b/k.java	sources/sources/com/tsf/shell/f/i/_c/a/b/SceneComponentK.java
sources/sources/com/tsf/shell/f/i/_c/a/b/l.java	sources/sources/com/tsf/shell/f/i/_c/a/b/SceneComponentL.java
sources/sources/com/tsf/shell/f/i/_c/a/b/m.java	sources/sources/com/tsf/shell/f/i/_c/a/b/SceneComponentM.java
sources/sources/com/tsf/shell/f/i/_c/a/b/o.java	sources/sources/com/tsf/shell/f/i/_c/a/b/SceneComponentO.java
sources/sources/com/tsf/shell/f/i/_c/a/b/p.java	sources/sources/com/tsf/shell/f/i/_c/a/b/SceneComponentP.java
sources/sources/com/tsf/shell/f/i/_c/a/c/a.java	sources/sources/com/tsf/shell/f/i/_c/a/c/SceneRendererA.java
sources/sources/com/tsf/shell/f/i/_c/a/c/b.java	sources/sources/com/tsf/shell/f/i/_c/a/c/SceneRendererB.java
sources/sources/com/tsf/shell/f/i/_c/a/c/c.java	sources/sources/com/tsf/shell/f/i/_c/a/c/SceneRendererC.java
sources/sources/com/tsf/shell/f/i/_c/a/c/d.java	sources/sources/com/tsf/shell/f/i/_c/a/c/SceneRendererD.java
sources/sources/com/tsf/shell/f/i/_c/a/c/e.java	sources/sources/com/tsf/shell/f/i/_c/a/c/SceneRendererE.java
sources/sources/com/tsf/shell/f/i/_c/a/d.java	sources/sources/com/tsf/shell/f/i/_c/a/PageSceneNode.java
sources/sources/com/tsf/shell/f/i/_c/a/e.java	sources/sources/com/tsf/shell/f/i/_c/a/NodeConfig.java
sources/sources/com/tsf/shell/f/i/_c/a/f.java	sources/sources/com/tsf/shell/f/i/_c/a/LabelSceneNode.java
sources/sources/com/tsf/shell/f/i/_c/a/g.java	sources/sources/com/tsf/shell/f/i/_c/a/GridSceneNode.java
sources/sources/com/tsf/shell/f/i/_c/a/h.java	sources/sources/com/tsf/shell/f/i/_c/a/BackgroundSceneNode.java
sources/sources/com/tsf/shell/f/i/_c/a/i.java	sources/sources/com/tsf/shell/f/i/_c/a/IAsyncTaskListener.java
sources/sources/com/tsf/shell/f/i/_c/a/j.java	sources/sources/com/tsf/shell/f/i/_c/a/AsyncTextureNode.java
sources/sources/com/tsf/shell/f/i/_c/a/k.java	sources/sources/com/tsf/shell/f/i/_c/a/ITextureCallback.java
sources/sources/com/tsf/shell/f/i/_c/a/l.java	sources/sources/com/tsf/shell/f/i/_c/a/NodeConstants.java
sources/sources/com/tsf/shell/f/i/_c/a/m.java	sources/sources/com/tsf/shell/f/i/_c/a/CompositeSceneNode.java
sources/sources/com/tsf/shell/f/i/_c/b.java	sources/sources/com/tsf/shell/f/i/_c/DeferredWidgetGroup.java
sources/sources/com/tsf/shell/f/i/_c/c.java	sources/sources/com/tsf/shell/f/i/_c/FolderWidgetGroup.java
sources/sources/com/tsf/shell/f/i/_c/d.java	sources/sources/com/tsf/shell/f/i/_c/PendingWidgetGroup.java
sources/sources/com/tsf/shell/f/i/_c/e.java	sources/sources/com/tsf/shell/f/i/_c/WidgetLabelProvider.java
sources/sources/com/tsf/shell/f/i/_c/f.java	sources/sources/com/tsf/shell/f/i/_c/WidgetPreviewLabel.java
sources/sources/com/tsf/shell/f/i/_c/g.java	sources/sources/com/tsf/shell/f/i/_c/WidgetGroupBase.java
sources/sources/com/tsf/shell/f/i/b/b/b.java	sources/sources/com/tsf/shell/f/i/b/b/IItemShell.java
sources/sources/com/tsf/shell/f/i/c/A.java	sources/sources/com/tsf/shell/f/i/c/AnimatedItemGroup.java
sources/sources/com/tsf/shell/f/i/c/a/A.java	sources/sources/com/tsf/shell/f/i/c/a/FolderSceneNode.java
sources/sources/com/tsf/shell/f/i/c/a/B.java	sources/sources/com/tsf/shell/f/i/c/a/DockSceneNode.java
sources/sources/com/tsf/shell/f/i/c/a/C.java	sources/sources/com/tsf/shell/f/i/c/a/DrawerSceneNode.java
sources/sources/com/tsf/shell/f/i/e.java	sources/sources/com/tsf/shell/f/i/ItemStubHelper.java
sources/sources/com/tsf/shell/manager/action/toggle/A.java	sources/sources/com/tsf/shell/manager/action/toggle/TogglePanelManager.java
sources/sources/com/tsf/shell/manager/action/toggle/B.java	sources/sources/com/tsf/shell/manager/action/toggle/ToggleAction.java
sources/sources/com/tsf/shell/manager/app/A.java	sources/sources/com/tsf/shell/manager/app/FeatureConfig.java
sources/sources/com/tsf/shell/manager/app/B.java	sources/sources/com/tsf/shell/manager/app/PreferenceProvider.java
sources/sources/com/tsf/shell/manager/app/D.java	sources/sources/com/tsf/shell/manager/app/Initializer.java
sources/sources/com/tsf/shell/manager/app/a.java	sources/sources/com/tsf/shell/manager/app/AppListManager.java
sources/sources/com/tsf/shell/manager/app/b.java	sources/sources/com/tsf/shell/manager/app/ObserverManager.java
sources/sources/com/tsf/shell/manager/app/c.java	sources/sources/com/tsf/shell/manager/app/AppListModel.java
sources/sources/com/tsf/shell/manager/app/d.java	sources/sources/com/tsf/shell/manager/app/FolderManager.java
sources/sources/com/tsf/shell/manager/app/e.java	sources/sources/com/tsf/shell/manager/app/DataCoordinator.java
sources/sources/com/tsf/shell/manager/app/f.java	sources/sources/com/tsf/shell/manager/app/LauncherAppInfo.java
sources/sources/com/tsf/shell/manager/app/g.java	sources/sources/com/tsf/shell/manager/app/WidgetPanelController.java
sources/sources/com/tsf/shell/manager/app/h.java	sources/sources/com/tsf/shell/manager/app/StateHub.java
sources/sources/com/tsf/shell/manager/app/i.java	sources/sources/com/tsf/shell/manager/app/WidgetManager.java
sources/sources/com/tsf/shell/manager/app/j.java	sources/sources/com/tsf/shell/manager/app/TaskScheduler.java
sources/sources/com/tsf/shell/manager/app/k.java	sources/sources/com/tsf/shell/manager/app/StateManager.java
sources/sources/com/tsf/shell/manager/app/n.java	sources/sources/com/tsf/shell/manager/app/PanelStateManager.java
sources/sources/com/tsf/shell/manager/app/o.java	sources/sources/com/tsf/shell/manager/app/ServiceFactory.java
sources/sources/com/tsf/shell/manager/app/p.java	sources/sources/com/tsf/shell/manager/app/WidgetAnimator.java
sources/sources/com/tsf/shell/manager/app/q.java	sources/sources/com/tsf/shell/manager/app/Notifier.java
sources/sources/com/tsf/shell/manager/app/r.java	sources/sources/com/tsf/shell/manager/app/EventHandler.java
sources/sources/com/tsf/shell/manager/app/s.java	sources/sources/com/tsf/shell/manager/app/CallbackHandler.java
sources/sources/com/tsf/shell/manager/app/t.java	sources/sources/com/tsf/shell/manager/app/TextureCache.java
sources/sources/com/tsf/shell/manager/app/v/a.java	sources/sources/com/tsf/shell/manager/app/v/FlagHelper.java
sources/sources/com/tsf/shell/manager/app/v/b.java	sources/sources/com/tsf/shell/manager/app/v/AnimationHelper.java
sources/sources/com/tsf/shell/manager/app/v/c.java	sources/sources/com/tsf/shell/manager/app/v/ObjectHelper.java
sources/sources/com/tsf/shell/manager/app/v/d.java	sources/sources/com/tsf/shell/manager/app/v/SimpleHelper.java
sources/sources/com/tsf/shell/manager/app/v/e.java	sources/sources/com/tsf/shell/manager/app/v/ScreenHelper.java
sources/sources/com/tsf/shell/manager/app/v/f.java	sources/sources/com/tsf/shell/manager/app/v/StateAccessor.java
sources/sources/com/tsf/shell/manager/app/w.java	sources/sources/com/tsf/shell/manager/app/ServiceProvider.java
sources/sources/com/tsf/shell/manager/app/z.java	sources/sources/com/tsf/shell/manager/app/ObjectRegistry.java
sources/sources/com/tsf/shell/manager/c/A.java	sources/sources/com/tsf/shell/manager/c/ContactDatabaseHelper.java
sources/sources/com/tsf/shell/manager/j/i.java	sources/sources/com/tsf/shell/manager/j/LayoutContainer.java
sources/sources/com/tsf/shell/manager/m/f.java	sources/sources/com/tsf/shell/manager/m/UnknownStub.java
sources/sources/com/tsf/shell/manager/o/A.java	sources/sources/com/tsf/shell/manager/o/ButtonMetrics.java
sources/sources/com/tsf/shell/manager/o/_a/a.java	sources/sources/com/tsf/shell/manager/o/_a/TextConfigV2.java
sources/sources/com/tsf/shell/manager/o/_a/b.java	sources/sources/com/tsf/shell/manager/o/_a/TextLabelElementV2.java
sources/sources/com/tsf/shell/manager/o/_a/c.java	sources/sources/com/tsf/shell/manager/o/_a/LabelManagerV2.java
sources/sources/com/tsf/shell/manager/o/_a/d.java	sources/sources/com/tsf/shell/manager/o/_a/EmptyLabelElementV2.java
sources/sources/com/tsf/shell/manager/r/A.java	sources/sources/com/tsf/shell/manager/r/BoundsHelper.java
sources/sources/com/tsf/shell/manager/r/a/c.java	sources/sources/com/tsf/shell/manager/r/a/WidgetBoundsDelegate.java
sources/sources/com/tsf/shell/manager/r/b/A.java	sources/sources/com/tsf/shell/manager/r/b/WidgetMenuPanel.java
sources/sources/com/tsf/shell/manager/r/b/B.java	sources/sources/com/tsf/shell/manager/r/b/WidgetDecorationPanel.java
sources/sources/com/tsf/shell/manager/r/b/C.java	sources/sources/com/tsf/shell/manager/r/b/ScrollableItemListPanel.java
sources/sources/com/tsf/shell/manager/r/b/a/B.java	sources/sources/com/tsf/shell/manager/r/b/a/AppSelectionIndicatorBar.java
sources/sources/com/tsf/shell/manager/r/c/A.java	sources/sources/com/tsf/shell/manager/r/c/IconRenderer.java
sources/sources/com/tsf/shell/plugin/crop/k.java	sources/sources/com/tsf/shell/plugin/crop/CropImageContract.java
sources/sources/com/tsf/shell/plugin/themepicker/r.java	sources/sources/com/tsf/shell/plugin/themepicker/ThemePickerResult.java
sources/sources/com/tsf/shell/plugin/themepicker/theme/r.java	sources/sources/com/tsf/shell/plugin/themepicker/theme/ThemeElementResult.java
sources/sources/com/tsf/shell/plugin/themepicker/themepreview/k.java	sources/sources/com/tsf/shell/plugin/themepicker/themepreview/ThemePreviewConfig.java
sources/sources/com/tsf/shell/plugin/themepicker/themepreview/r.java	sources/sources/com/tsf/shell/plugin/themepicker/themepreview/ThemePreviewResult.java
sources/sources/com/tsf/shell/preference/a/A.java	sources/sources/com/tsf/shell/preference/a/PreferenceThemeProvider.java
sources/sources/com/tsf/shell/preference/a/a/A.java	sources/sources/com/tsf/shell/preference/a/a/PreferenceItemA.java
sources/sources/com/tsf/shell/preference/a/i.java	sources/sources/com/tsf/shell/preference/a/PreferenceItemInterface.java
sources/sources/com/tsf/shell/services/A.java	sources/sources/com/tsf/shell/services/NotifierConnector.java
sources/sources/com/tsf/shell/theme/inside/mix/menu/item/a.java	sources/sources/com/tsf/shell/theme/inside/mix/menu/item/ThemeMenuItem.java
sources/sources/com/tsf/shell/theme/inside/mix/menu/item/detail/d.java	sources/sources/com/tsf/shell/theme/inside/mix/menu/item/detail/ThemeMenuDetailData.java
sources/sources/com/tsf/shell/widget/a/A.java	sources/sources/com/tsf/shell/widget/a/WidgetPanelBase.java
sources/sources/com/tsf/shell/widget/alarm/A.java	sources/sources/com/tsf/shell/widget/alarm/AlarmContainer.java
sources/sources/com/tsf/shell/widget/alarm/B.java	sources/sources/com/tsf/shell/widget/alarm/AlarmRoundRect.java
sources/sources/com/tsf/shell/widget/alarm/C.java	sources/sources/com/tsf/shell/widget/alarm/AlarmConstants.java
sources/sources/com/tsf/shell/widget/alarm/D.java	sources/sources/com/tsf/shell/widget/alarm/AlarmDataUtils.java
sources/sources/com/tsf/shell/widget/alarm/d/A.java	sources/sources/com/tsf/shell/widget/alarm/d/AlarmConfigEmpty.java
sources/sources/com/tsf/shell/widget/alarm/d/B.java	sources/sources/com/tsf/shell/widget/alarm/d/AlarmConfigBase.java
sources/sources/com/tsf/shell/widget/cubeclock/A.java	sources/sources/com/tsf/shell/widget/cubeclock/CubeClockDigital.java
